[Licensing::Module] Trying to connect to existing licensing client channel...
Built from '6000.5/staging' branch; Version is '6000.5.8f1 (5cb7df797b7d) revision 6076383'; Using compiler version '194234433'; Build Type 'Release'
OS: 'Windows 11  (10.0.26200) Professional' Language: 'en' Physical Memory: 20373 MB
BatchMode: 1, IsHumanControllingUs: 0, StartBugReporterOnCrash: 0, Is64bit: 1
[Licensing::IpcConnector] Successfully connected to: "LicenseClient-diego" at "2026-08-21T17:32:59.5581424Z"
System  architecture: x64
Process architecture: x64
Date: 2026-08-21T17:32:59Z

COMMAND LINE ARGUMENTS:
C:\Program Files\Unity\Hub\Editor\6000.5.8f1\Editor\Unity.exe
-adb2
-batchMode
-noUpm
-name
AssetImportWorkerHW1
-projectPath
C:/Users/diego/OneDrive/Documentos/GitHub/TP-Inicial---Me-quedo-o-me-voy/Me quedo o me voy
-logFile
Logs/AssetImportWorkerHW1.log
-srvPort
54648
-parentPid
21144
-analyticsCloudUserId
4674239151754
-analyticsCloudProjectId
7e9553de-eb65-4ff0-8bd1-b0d58885f18e
-analyticsLocalProjectId
529aebac4471de44c997bc5435dd745b
-editorAnalyticsEnabled
1
-cbmEditorLicense
8f54ceb502acc956019a471163f97363b3e9c222
-cbmMachineId
SqA/XvkXO4pUJBp2v7ARfaTLiXo=
-licensingIpc
LicenseClient-diego
-noDiagnosticSwitchPersistentStore
-job-worker-count
5
-background-job-worker-count
8
-asset-garbage-collectors
1
-force-d3d12
-name
AssetImport
Successfully changed project path to: C:/Users/diego/OneDrive/Documentos/GitHub/TP-Inicial---Me-quedo-o-me-voy/Me quedo o me voy
C:/Users/diego/OneDrive/Documentos/GitHub/TP-Inicial---Me-quedo-o-me-voy/Me quedo o me voy
[UnityMemory] Configuration Parameters - Can be set up in boot.config
    "memorysetup-temp-allocator-size-gi-baking-worker=262144"
    "memorysetup-temp-allocator-size-gi-baking-worker=262144"
    "memorysetup-temp-allocator-size-gi-baking-worker=262144"
    "memorysetup-temp-allocator-size-gi-baking-worker=262144"
    "memorysetup-temp-allocator-size-gi-baking-worker=262144"
    "memorysetup-temp-allocator-size-nav-mesh-worker=65536"
    "memorysetup-temp-allocator-size-audio-worker=65536"
    "memorysetup-temp-allocator-size-cloud-worker=32768"
    "memorysetup-temp-allocator-size-gfx=262144"
    "memorysetup-temp-allocator-size-preload-manager=33554432"
    "memorysetup-allocator-temp-initial-block-size-main=262144"
    "memorysetup-allocator-temp-initial-block-size-worker=262144"
    "memorysetup-temp-allocator-size-job-worker=262144"
    "memorysetup-temp-allocator-size-background-worker=32768"
    "memorysetup-bucket-allocator-granularity=16"
    "memorysetup-bucket-allocator-bucket-count=8"
    "memorysetup-bucket-allocator-block-size=33554432"
    "memorysetup-bucket-allocator-block-count=8"
    "memorysetup-main-allocator-block-size=16777216"
    "memorysetup-thread-allocator-block-size=16777216"
    "memorysetup-main-allocator-mimalloc-enabled=0"
    "memorysetup-gfx-main-allocator-block-size=16777216"
    "memorysetup-gfx-thread-allocator-block-size=16777216"
    "memorysetup-cache-allocator-block-size=4194304"
    "memorysetup-typetree-allocator-block-size=2097152"
    "memorysetup-profiler-bucket-allocator-granularity=16"
    "memorysetup-profiler-bucket-allocator-bucket-count=8"
    "memorysetup-profiler-bucket-allocator-block-size=33554432"
    "memorysetup-profiler-bucket-allocator-block-count=8"
    "memorysetup-profiler-allocator-block-size=16777216"
    "memorysetup-profiler-editor-allocator-block-size=1048576"
    "memorysetup-temp-allocator-size-main=16777216"
    "memorysetup-job-temp-allocator-block-size=2097152"
    "memorysetup-job-temp-allocator-block-size-background=1048576"
    "memorysetup-job-temp-allocator-reduction-small-platforms=262144"
Player connection [648]  Target information:

Player connection [648]  * "[IP] 169.254.13.135 [Port] 0 [Flags] 2 [Guid] 695438257 [EditorId] 695438257 [Version] 1048832 [Id] WindowsEditor(7,DiegoPC) [Debug] 1 [PackageName] WindowsEditor [ProjectName] Editor" 

Player connection [648]  * "[IP] 192.168.1.7 [Port] 0 [Flags] 2 [Guid] 695438257 [EditorId] 695438257 [Version] 1048832 [Id] WindowsEditor(7,DiegoPC) [Debug] 1 [PackageName] WindowsEditor [ProjectName] Editor" 

Player connection [648] Host joined multi-casting on [225.0.0.222:54997]...
Player connection [648] Host joined alternative multi-casting on [225.0.0.222:34997]...
JobSystem: Creating JobQueue using job-worker-count value 5
Input System module state changed to: Initialized.
[Physics::Module] Initialized fallback backend.
[Physics::Module] Id: 0xdecafbad
Library Redirect Path: Library/
[Physics::Module] Selected backend.
[Physics::Module] Name: PhysX
[Physics::Module] Id: 0xf2b8ea05
[Physics::Module] SDK Version: 4.1.2
[Physics::Module] Integration Version: 1.0.0
[Physics::Module] Threading Mode: Multi-Threaded
Refreshing native plugins compatible for Editor in 6.15 ms, found 4 plugins.
Initialize engine version: 6000.5.8f1 (5cb7df797b7d)
[Subsystems] Discovering subsystems at path C:/Program Files/Unity/Hub/Editor/6000.5.8f1/Editor/Data/Resources/UnitySubsystems
[Subsystems] Discovering subsystems at path C:/Users/diego/OneDrive/Documentos/GitHub/TP-Inicial---Me-quedo-o-me-voy/Me quedo o me voy/Assets
Forcing GfxDevice: Direct3D 12
GfxDevice: creating device client; kGfxThreadingModeNonThreaded
d3d12: failed to query info queue interface (0x80004002).
Direct3D:
    Version:         Direct3D 12 [level 12.1]
    Renderer:        NVIDIA GeForce GTX 1050 (ID=0x1c81)
    Vendor:          NVIDIA
    VRAM:            1962 MB
    App VRAM Budget: 1667 MB
    Driver:          32.0.15.8266
Initialize mono
Mono path[0] = 'C:/Program Files/Unity/Hub/Editor/6000.5.8f1/Editor/Data/Managed'
Mono path[1] = 'C:/Program Files/Unity/Hub/Editor/6000.5.8f1/Editor/Data/BCLExtensions/runtime/netstandard2.1'
Mono path[2] = 'C:/Program Files/Unity/Hub/Editor/6000.5.8f1/Editor/Data/MonoBleedingEdge/lib/mono/unityjit-win32'
Mono config path = 'C:/Program Files/Unity/Hub/Editor/6000.5.8f1/Editor/Data/MonoBleedingEdge/etc'
Using monoOptions --debugger-agent=transport=dt_socket,embedding=1,server=y,suspend=n,address=127.0.0.1:56116
CodeReloadManager initialized
Begin MonoManager ReloadAssembly
Registering precompiled unity dll's ...
Register platform support module: C:/Program Files/Unity/Hub/Editor/6000.5.8f1/Editor/Data/PlaybackEngines/WebGLSupport/UnityEditor.WebGL.Extensions.dll
Register platform support module: C:/Program Files/Unity/Hub/Editor/6000.5.8f1/Editor/Data/PlaybackEngines/WindowsStandaloneSupport/UnityEditor.WindowsStandalone.Extensions.dll
Registered in 0.005104 seconds.
Native extension for WindowsStandalone target not found
Native extension for WebGL target not found
Package Manager log level set to [2]
[Package Manager] Failed to launch server process. Reason: Unity was launched with the -noUpm command-line argument
[Package Manager] Unable to send message (not connected to server process).
[Package Manager] Cannot connect to Unity Package Manager local server
ScheduleIndexationOnStartup MainProcess:False IndexOnStartup:True
Mono: successfully reloaded assembly
- Finished resetting the current domain, in  0.655 seconds
Domain Reload Profiling: 1413ms
	BeginReloadAssembly (201ms)
	RebuildCommonClasses (6ms)
	RebuildNativeTypeToScriptingClass (24ms)
	initialDomainReloadingComplete (104ms)
	LoadAllAssembliesAndSetupDomain (420ms)
		LoadAssemblies (196ms)
		AnalyzeDomain (312ms)
			TypeCache.Refresh (310ms)
				TypeCache.ScanAssembly (288ms)
	FinalizeReload (657ms)
		SetupLoadedEditorAssemblies (0ms)
			InitializePlatformSupportModulesInManaged (3ms)
			BeforeProcessingInitializeOnLoad (125ms)
			ProcessInitializeOnLoadAttributes (145ms)
			ProcessInitializeOnLoadMethodAttributes (283ms)
[Licensing::Client] Error: HandshakeResponse reported an error:
	ResponseCode: 505
	ResponseStatus: Unsupported protocol version '1.18.1'.
[Licensing::Module] Error: Failed to handshake to channel: "LicenseClient-diego"
[Licensing::IpcConnector] LicenseClient-diego channel disconnected successfully.
[Licensing::IpcConnector] Successfully connected to: "LicenseClient-diego-6000.5.8" at "2026-08-21T17:33:02.2866957Z"
[Licensing::Client] Code 10 while verifying Licensing Client signature (process Id: 16896, path: "C:/Program Files/Unity/Hub/Editor/6000.5.8f1/Editor/Data/Resources/Licensing/Client/Unity.Licensing.Client.exe")
[Licensing::Module] LicensingClient has failed validation; ignoring
[Licensing::Client] Handshaking with LicensingClient:
  Version:                 1.18.1+9fbee8e
  Session Id:              a084ee0e8a5a49a2a4fefce6fc758b53
  Correlation Id:          fe982bcb50d2ec314a1cc2c664dc5c68
  External correlation Id: 187428770112539816
  Machine Id:              SqA/XvkXO4pUJBp2v7ARfaTLiXo=
[Licensing::Module] Successfully connected to LicensingClient on channel: "LicenseClient-diego-6000.5.8" (connect: 0.00s, validation: 0.00s, handshake: 0.01s)
[Licensing::IpcConnector] Successfully connected to: "LicenseClient-diego-6000.5.8-notifications" at "2026-08-21T17:33:02.3010184Z"
[Licensing::Module] Licensing Background thread has ended after 2.74s
Initializing Unity extensions:
[Licensing::Client] Successfully resolved entitlement details
[Licensing::Module] License group:
  Id: 4674239151754-UnityPersXXXX
  Product: Unity Personal
  Type: Assigned
  Expiration: Unlimited
Curl error 3: URL rejected: Malformed input to a URL function
========================================================================
Worker process is ready to serve import requests
Import Worker Mode flag is 0x00
Begin MonoManager ReloadAssembly
Refreshing native plugins compatible for Editor in 2.73 ms, found 4 plugins.
Native extension for WindowsStandalone target not found
Native extension for WebGL target not found
[Package Manager] Failed to launch server process. Reason: Unity was launched with the -noUpm command-line argument
[Package Manager] Unable to send message (not connected to server process).
[Package Manager] Cannot connect to Unity Package Manager local server
Refreshing native plugins compatible for Editor in 2.54 ms, found 4 plugins.
[Package Manager] Failed to launch server process. Reason: Unity was launched with the -noUpm command-line argument
[Package Manager] Unable to send message (not connected to server process).
[Package Manager] Cannot connect to Unity Package Manager local server
ScheduleIndexationOnStartup MainProcess:False IndexOnStartup:True
Mono: successfully reloaded assembly
- Finished resetting the current domain, in  0.964 seconds
Domain Reload Profiling: 2284ms
	BeginReloadAssembly (305ms)
		DisableScriptedObjects (46ms)
		CreateAndSetChildDomain (46ms)
	RebuildCommonClasses (11ms)
	RebuildNativeTypeToScriptingClass (22ms)
	initialDomainReloadingComplete (94ms)
	LoadAllAssembliesAndSetupDomain (886ms)
		LoadAssemblies (526ms)
		AnalyzeDomain (337ms)
			TypeCache.Refresh (229ms)
				TypeCache.ScanAssembly (211ms)
			BuildScriptInfoCaches (99ms)
			ResolveRequiredComponents (6ms)
	FinalizeReload (965ms)
		SetupLoadedEditorAssemblies (0ms)
			InitializePlatformSupportModulesInManaged (3ms)
			BeforeProcessingInitializeOnLoad (112ms)
			ProcessInitializeOnLoadAttributes (349ms)
			ProcessInitializeOnLoadMethodAttributes (160ms)
			AfterProcessingInitializeOnLoad (10ms)
		AwakeInstancesAfterBackupRestoration (10ms)
AcceleratorClientConnectionCallback - disconnected - :0
Launched and connected shader compiler UnityShaderCompiler.exe after 0.02 seconds
Refreshing native plugins compatible for Editor in 2.60 ms, found 4 plugins.
Unloading 22 Unused Serialized files (Serialized files now loaded: 0)
Curl error 3: URL rejected: Malformed input to a URL function
Unloading 6626 unused Assets / (7.1 MB). Loaded Objects now: 7588.
Memory consumption went from 331.3 MB to 324.2 MB.
Total: 14.503500 ms (FindLiveObjects: 0.972600 ms CreateObjectMapping: 2.346000 ms MarkObjects: 7.225800 ms  DeleteObjects: 3.955600 ms)

========================================================================
Received Import Request.
  Time of request: 2026-08-21T17:33:10.4281029Z
  Time since last request: 838447.78142789995763 seconds.
  importAddress: GUID: 9c067f8a1273d414a81e4032509b0ae9 - Path: Packages/com.unity.visualscripting/Editor/VisualScripting.Core/Dependencies/Assemblies - Importer: ScriptedImporter/UnityEditor.QuickSearchModule:UnityEditor.Search:ASIAI0B
Importing 'GUID: 9c067f8a1273d414a81e4032509b0ae9 - Path: Packages/com.unity.visualscripting/Editor/VisualScripting.Core/Dependencies/Assemblies - Importer: ScriptedImporter/UnityEditor.QuickSearchModule:UnityEditor.Search:ASIAI0B' with importer (ScriptedImporter : UnityEditor.QuickSearchModule:UnityEditor.Search:ASIAI0B)
Imported 'GUID: 9c067f8a1273d414a81e4032509b0ae9' -> (Import Result ID: 'e9ef22b9a7d7b38a8b2b5edf184b852f') in 0.124 seconds [static and dynamic dependencies]. Details - ImportResultOutputID=096d3626617f14593f4f9a74d9ebe198 DependenciesID=a29c834e53e4907504af6e94c85c1ef9 StaticDependenciesID=d4d3e8581339e17ccd6a927427c1d624 
Number of updated asset objects reloaded before import = 0
Number of asset objects unloaded after import = 1
========================================================================
Received Import Request.
  Time of request: 2026-08-21T17:33:10.5762629Z
  Time since last request: 0.0003889 seconds.
  importAddress: GUID: 0b48c6912333f1a4fa13346aaf390d56 - Path: Packages/com.unity.shadergraph/Editor/Generation/Targets/BuiltIn/Editor/ShaderGraph/Includes - Importer: ScriptedImporter/UnityEditor.QuickSearchModule:UnityEditor.Search:ASIAI0B
Importing 'GUID: 0b48c6912333f1a4fa13346aaf390d56 - Path: Packages/com.unity.shadergraph/Editor/Generation/Targets/BuiltIn/Editor/ShaderGraph/Includes - Importer: ScriptedImporter/UnityEditor.QuickSearchModule:UnityEditor.Search:ASIAI0B' with importer (ScriptedImporter : UnityEditor.QuickSearchModule:UnityEditor.Search:ASIAI0B)
Imported 'GUID: 0b48c6912333f1a4fa13346aaf390d56' -> (Import Result ID: '1dc75a23e10c7700bee85f00723f131b') in 0.008 seconds [static and dynamic dependencies]. Details - ImportResultOutputID=b5ed45ae1316f79b5f53443d1c035f2d DependenciesID=ecf074f427a0068e03f3f725b6d2ffa4 StaticDependenciesID=4566d16b4fd17f79e5d4d88ad2928f1f 
Number of updated asset objects reloaded before import = 0
Number of asset objects unloaded after import = 1
========================================================================
Received Import Request.
  Time of request: 2026-08-21T17:33:10.6007821Z
  Time since last request: 0.0007834 seconds.
  importAddress: GUID: fa423365b1ce06a4dbdc6fb4a8597bfa - Path: Packages/com.unity.test-framework/UnityEditor.TestRunner/Api - Importer: ScriptedImporter/UnityEditor.QuickSearchModule:UnityEditor.Search:ASIAI0B
Importing 'GUID: fa423365b1ce06a4dbdc6fb4a8597bfa - Path: Packages/com.unity.test-framework/UnityEditor.TestRunner/Api - Importer: ScriptedImporter/UnityEditor.QuickSearchModule:UnityEditor.Search:ASIAI0B' with importer (ScriptedImporter : UnityEditor.QuickSearchModule:UnityEditor.Search:ASIAI0B)
Imported 'GUID: fa423365b1ce06a4dbdc6fb4a8597bfa' -> (Import Result ID: '37fd5e503e6f7e218458c7f9ebf09223') in 0.006 seconds [static and dynamic dependencies]. Details - ImportResultOutputID=3f3b7ead29c0745ff322567b0741330e DependenciesID=0c5c9a5116d51c931a6c1325b91f3c4b StaticDependenciesID=c57bf45566e7868fddc71d8208d82584 
Number of updated asset objects reloaded before import = 0
Number of asset objects unloaded after import = 1
========================================================================
Received Import Request.
  Time of request: 2026-08-21T17:33:10.631928Z
  Time since last request: 0.0006531 seconds.
  importAddress: GUID: 14115a7568c4882499f59039a0585e3b - Path: Packages/com.unity.render-pipelines.core/ShaderLibrary/Sampling - Importer: ScriptedImporter/UnityEditor.QuickSearchModule:UnityEditor.Search:ASIAI0B
Importing 'GUID: 14115a7568c4882499f59039a0585e3b - Path: Packages/com.unity.render-pipelines.core/ShaderLibrary/Sampling - Importer: ScriptedImporter/UnityEditor.QuickSearchModule:UnityEditor.Search:ASIAI0B' with importer (ScriptedImporter : UnityEditor.QuickSearchModule:UnityEditor.Search:ASIAI0B)
Imported 'GUID: 14115a7568c4882499f59039a0585e3b' -> (Import Result ID: 'c60ee2281df48ab27ab25f8cb73a927c') in 0.006 seconds [static and dynamic dependencies]. Details - ImportResultOutputID=523636c31c6662faa224cb6b1e022c82 DependenciesID=0b6c704d5b13cbf1864566d1c289cb82 StaticDependenciesID=0b496c554b0497e28a1c74119232cbd9 
Number of updated asset objects reloaded before import = 0
Number of asset objects unloaded after import = 1
========================================================================
Received Import Request.
  Time of request: 2026-08-21T17:33:10.6527512Z
  Time since last request: 0.0007062 seconds.
  importAddress: GUID: 41b2d972bdac29e4a89ef08b3b52c248 - Path: Packages/com.unity.ide.visualstudio/Editor/COMIntegration/Release - Importer: ScriptedImporter/UnityEditor.QuickSearchModule:UnityEditor.Search:ASIAI0B
Importing 'GUID: 41b2d972bdac29e4a89ef08b3b52c248 - Path: Packages/com.unity.ide.visualstudio/Editor/COMIntegration/Release - Importer: ScriptedImporter/UnityEditor.QuickSearchModule:UnityEditor.Search:ASIAI0B' with importer (ScriptedImporter : UnityEditor.QuickSearchModule:UnityEditor.Search:ASIAI0B)
Imported 'GUID: 41b2d972bdac29e4a89ef08b3b52c248' -> (Import Result ID: '969bfbdf4eacec1f1ae94b1542cccab2') in 0.011 seconds [static and dynamic dependencies]. Details - ImportResultOutputID=6356749b505028630516bb9d1b820983 DependenciesID=528eceeca69fdf328753bb437b6d1f58 StaticDependenciesID=deca8c98bd323acad5c8fc96ef457379 
Number of updated asset objects reloaded before import = 0
Number of asset objects unloaded after import = 1
========================================================================
Received Import Request.
  Time of request: 2026-08-21T17:33:10.6863626Z
  Time since last request: 0.001375 seconds.
  importAddress: GUID: 34555e4b3f5c96648900053f19531c68 - Path: Packages/com.unity.searcher/Tests/Editor - Importer: ScriptedImporter/UnityEditor.QuickSearchModule:UnityEditor.Search:ASIAI0B
Importing 'GUID: 34555e4b3f5c96648900053f19531c68 - Path: Packages/com.unity.searcher/Tests/Editor - Importer: ScriptedImporter/UnityEditor.QuickSearchModule:UnityEditor.Search:ASIAI0B' with importer (ScriptedImporter : UnityEditor.QuickSearchModule:UnityEditor.Search:ASIAI0B)
Imported 'GUID: 34555e4b3f5c96648900053f19531c68' -> (Import Result ID: 'b14c8d0d60cb131dea459744be7b899e') in 0.013 seconds [static and dynamic dependencies]. Details - ImportResultOutputID=bc0d8c227863005e48f8f5b6cb0d4bd6 DependenciesID=fe54c226c5107dab6d3588ffadd1229d StaticDependenciesID=d8478d3426bc0274a406ebbc3016c24c 
Number of updated asset objects reloaded before import = 0
Number of asset objects unloaded after import = 1
========================================================================
Received Import Request.
  Time of request: 2026-08-21T17:33:10.7287526Z
  Time since last request: 0.000911 seconds.
  importAddress: GUID: cebf9c6bb6e199e4db858b1ca6525e5d - Path: Packages/com.unity.render-pipelines.universal/Runtime/VFXGraph/Utility - Importer: ScriptedImporter/UnityEditor.QuickSearchModule:UnityEditor.Search:ASIAI0B
Importing 'GUID: cebf9c6bb6e199e4db858b1ca6525e5d - Path: Packages/com.unity.render-pipelines.universal/Runtime/VFXGraph/Utility - Importer: ScriptedImporter/UnityEditor.QuickSearchModule:UnityEditor.Search:ASIAI0B' with importer (ScriptedImporter : UnityEditor.QuickSearchModule:UnityEditor.Search:ASIAI0B)
Imported 'GUID: cebf9c6bb6e199e4db858b1ca6525e5d' -> (Import Result ID: '30d62c03186290240d7a1b8c2e0cb572') in 0.009 seconds [static and dynamic dependencies]. Details - ImportResultOutputID=fd327622ca597693ca595c4953a55742 DependenciesID=7660b8adafa96109923e0d8dd32b19cb StaticDependenciesID=1232baec1f512fd5cd3e8f25cd6592a8 
Number of updated asset objects reloaded before import = 0
Number of asset objects unloaded after import = 1
========================================================================
Received Import Request.
  Time of request: 2026-08-21T17:33:10.7561309Z
  Time since last request: 0.0009379 seconds.
  importAddress: GUID: a6724a4cbf5d47a2b01ca5fe41036ddd - Path: Packages/com.unity.inputsystem/InputSystem/Runtime/State - Importer: ScriptedImporter/UnityEditor.QuickSearchModule:UnityEditor.Search:ASIAI0B
Importing 'GUID: a6724a4cbf5d47a2b01ca5fe41036ddd - Path: Packages/com.unity.inputsystem/InputSystem/Runtime/State - Importer: ScriptedImporter/UnityEditor.QuickSearchModule:UnityEditor.Search:ASIAI0B' with importer (ScriptedImporter : UnityEditor.QuickSearchModule:UnityEditor.Search:ASIAI0B)
Imported 'GUID: a6724a4cbf5d47a2b01ca5fe41036ddd' -> (Import Result ID: '57ac548f9eab76db041c3c10fafe754e') in 0.008 seconds [static and dynamic dependencies]. Details - ImportResultOutputID=4e960e32102fc5a533167f983e3a839d DependenciesID=01bae434e66dc6f73effcc36fc3e444c StaticDependenciesID=5c7610f6945e157f766f257a6bea1195 
Number of updated asset objects reloaded before import = 0
Number of asset objects unloaded after import = 1
========================================================================
Received Import Request.
  Time of request: 2026-08-21T17:33:10.7866175Z
  Time since last request: 0.0009263 seconds.
  importAddress: GUID: d9533b5df35dc4eb1ae391f2b0f7fede - Path: Packages/com.unity.visualscripting/Runtime/VisualScripting.Core/Dependencies/AssemblyQualifiedNameParser - Importer: ScriptedImporter/UnityEditor.QuickSearchModule:UnityEditor.Search:ASIAI0B
Importing 'GUID: d9533b5df35dc4eb1ae391f2b0f7fede - Path: Packages/com.unity.visualscripting/Runtime/VisualScripting.Core/Dependencies/AssemblyQualifiedNameParser - Importer: ScriptedImporter/UnityEditor.QuickSearchModule:UnityEditor.Search:ASIAI0B' with importer (ScriptedImporter : UnityEditor.QuickSearchModule:UnityEditor.Search:ASIAI0B)
Imported 'GUID: d9533b5df35dc4eb1ae391f2b0f7fede' -> (Import Result ID: '0dd311e5ce74e13eba69a2cd24e8a581') in 0.013 seconds [static and dynamic dependencies]. Details - ImportResultOutputID=e838a536c482354a5fced8fa67e50ca2 DependenciesID=83cf3eafc021885774b85bc2118a6154 StaticDependenciesID=41c46dc625740f8fa5762cda94353489 
Number of updated asset objects reloaded before import = 0
Number of asset objects unloaded after import = 1
========================================================================
Received Import Request.
  Time of request: 2026-08-21T17:33:10.8166475Z
  Time since last request: 0.0009332 seconds.
  importAddress: GUID: c495761f69a84f0fba9c9bd2b9cbdf86 - Path: Packages/com.unity.shadergraph/Editor/Serialization - Importer: ScriptedImporter/UnityEditor.QuickSearchModule:UnityEditor.Search:ASIAI0B
Importing 'GUID: c495761f69a84f0fba9c9bd2b9cbdf86 - Path: Packages/com.unity.shadergraph/Editor/Serialization - Importer: ScriptedImporter/UnityEditor.QuickSearchModule:UnityEditor.Search:ASIAI0B' with importer (ScriptedImporter : UnityEditor.QuickSearchModule:UnityEditor.Search:ASIAI0B)
Imported 'GUID: c495761f69a84f0fba9c9bd2b9cbdf86' -> (Import Result ID: '9bef852f750da5af9ac1247770dd9303') in 0.011 seconds [static and dynamic dependencies]. Details - ImportResultOutputID=870b366e9991bfcca02c977188879939 DependenciesID=92d021ce9ee99b9f11525c0fb14493f0 StaticDependenciesID=0b5ecbca78559eda8fde47b82ba93224 
Number of updated asset objects reloaded before import = 0
Number of asset objects unloaded after import = 1
========================================================================
Received Import Request.
  Time of request: 2026-08-21T17:33:10.845889Z
  Time since last request: 0.0008431 seconds.
  importAddress: GUID: 12a2d6aa8a743f04aa760f8c675c97e6 - Path: Packages/com.unity.timeline/Editor/StyleSheets/res - Importer: ScriptedImporter/UnityEditor.QuickSearchModule:UnityEditor.Search:ASIAI0B
Importing 'GUID: 12a2d6aa8a743f04aa760f8c675c97e6 - Path: Packages/com.unity.timeline/Editor/StyleSheets/res - Importer: ScriptedImporter/UnityEditor.QuickSearchModule:UnityEditor.Search:ASIAI0B' with importer (ScriptedImporter : UnityEditor.QuickSearchModule:UnityEditor.Search:ASIAI0B)
Imported 'GUID: 12a2d6aa8a743f04aa760f8c675c97e6' -> (Import Result ID: 'c004bf9523ca01d9f3ef94ffb7526895') in 0.011 seconds [static and dynamic dependencies]. Details - ImportResultOutputID=dd1ae5a4976cf7a9ad519edfbd139c6e DependenciesID=ee7c997c4f712a1552678171dba77992 StaticDependenciesID=207ceacb01cfc05846e09cafdb55da2e 
Number of updated asset objects reloaded before import = 0
Number of asset objects unloaded after import = 1
========================================================================
Received Import Request.
  Time of request: 2026-08-21T17:33:10.8765349Z
  Time since last request: 0.0041654 seconds.
  importAddress: GUID: b8b94ff2cb93c4b64bd511710c7124a2 - Path: Packages/com.unity.visualscripting/Runtime/VisualScripting.Flow/Framework/Math/Vector3 - Importer: ScriptedImporter/UnityEditor.QuickSearchModule:UnityEditor.Search:ASIAI0B
Importing 'GUID: b8b94ff2cb93c4b64bd511710c7124a2 - Path: Packages/com.unity.visualscripting/Runtime/VisualScripting.Flow/Framework/Math/Vector3 - Importer: ScriptedImporter/UnityEditor.QuickSearchModule:UnityEditor.Search:ASIAI0B' with importer (ScriptedImporter : UnityEditor.QuickSearchModule:UnityEditor.Search:ASIAI0B)
Imported 'GUID: b8b94ff2cb93c4b64bd511710c7124a2' -> (Import Result ID: '72a9ef39b7b8fae05297e4a014f13e5e') in 0.010 seconds [static and dynamic dependencies]. Details - ImportResultOutputID=ec064842efbd8ea806862f2bf5b77c9a DependenciesID=614d214f143b85f3891a8f0c0d0fa98c StaticDependenciesID=251896e01b7b6131d006cbf33a406603 
Number of updated asset objects reloaded before import = 0
Number of asset objects unloaded after import = 1
========================================================================
Received Import Request.
  Time of request: 2026-08-21T17:33:10.9128541Z
  Time since last request: 0.0013795 seconds.
  importAddress: GUID: 9251998f37fa421ea111ee7f61110a15 - Path: Packages/com.unity.visualscripting/Runtime/VisualScripting.State/Units - Importer: ScriptedImporter/UnityEditor.QuickSearchModule:UnityEditor.Search:ASIAI0B
Importing 'GUID: 9251998f37fa421ea111ee7f61110a15 - Path: Packages/com.unity.visualscripting/Runtime/VisualScripting.State/Units - Importer: ScriptedImporter/UnityEditor.QuickSearchModule:UnityEditor.Search:ASIAI0B' with importer (ScriptedImporter : UnityEditor.QuickSearchModule:UnityEditor.Search:ASIAI0B)
Imported 'GUID: 9251998f37fa421ea111ee7f61110a15' -> (Import Result ID: '3e173b91b5d7b7f2b31fee773babdabc') in 0.009 seconds [static and dynamic dependencies]. Details - ImportResultOutputID=40587d77ccad8a0a1a043098fb9458ba DependenciesID=1d2d7cfdc51bb838d04d0300d4253eb4 StaticDependenciesID=b33cbd23b70bab90b3d1af3938ba2a8f 
Number of updated asset objects reloaded before import = 0
Number of asset objects unloaded after import = 1
========================================================================
Received Import Request.
  Time of request: 2026-08-21T17:33:10.9479981Z
  Time since last request: 0.0009059 seconds.
  importAddress: GUID: 7f10efc5458aa44a2928a72c38807544 - Path: Packages/com.unity.render-pipelines.universal/Runtime/Materials - Importer: ScriptedImporter/UnityEditor.QuickSearchModule:UnityEditor.Search:ASIAI0B
Importing 'GUID: 7f10efc5458aa44a2928a72c38807544 - Path: Packages/com.unity.render-pipelines.universal/Runtime/Materials - Importer: ScriptedImporter/UnityEditor.QuickSearchModule:UnityEditor.Search:ASIAI0B' with importer (ScriptedImporter : UnityEditor.QuickSearchModule:UnityEditor.Search:ASIAI0B)
Imported 'GUID: 7f10efc5458aa44a2928a72c38807544' -> (Import Result ID: '84504c9b7e2ad05ed65fb8e606550998') in 0.008 seconds [static and dynamic dependencies]. Details - ImportResultOutputID=d318238740c6fc3cd45744e34b9d7fb6 DependenciesID=615313a98b20cdbf7d9517aaa842752d StaticDependenciesID=a45788e1327aa32d52fff6b285a306d3 
Number of updated asset objects reloaded before import = 0
Number of asset objects unloaded after import = 1
========================================================================
Received Import Request.
  Time of request: 2026-08-21T17:33:10.9788616Z
  Time since last request: 0.0008871 seconds.
  importAddress: GUID: 29309be0e1004fad967256187775c528 - Path: Packages/com.unity.shadergraph/Editor/Drawing/Controls - Importer: ScriptedImporter/UnityEditor.QuickSearchModule:UnityEditor.Search:ASIAI0B
Importing 'GUID: 29309be0e1004fad967256187775c528 - Path: Packages/com.unity.shadergraph/Editor/Drawing/Controls - Importer: ScriptedImporter/UnityEditor.QuickSearchModule:UnityEditor.Search:ASIAI0B' with importer (ScriptedImporter : UnityEditor.QuickSearchModule:UnityEditor.Search:ASIAI0B)
Imported 'GUID: 29309be0e1004fad967256187775c528' -> (Import Result ID: '318afc75fec65f6bca618a4911f4402a') in 0.008 seconds [static and dynamic dependencies]. Details - ImportResultOutputID=8a26ebb955637be8498d5a11f57ff519 DependenciesID=b22eaf8467b0013f0c3a9a97b5c44411 StaticDependenciesID=00554263e8207b3f65a9a9a82ea6ec8b 
Number of updated asset objects reloaded before import = 0
Number of asset objects unloaded after import = 1
========================================================================
Received Import Request.
  Time of request: 2026-08-21T17:33:11.0060356Z
  Time since last request: 0.0008693 seconds.
  importAddress: GUID: 84ba8e63f115487ca072084bbebf0e55 - Path: Packages/com.unity.inputsystem/InputSystem/Runtime/Devices/Commands - Importer: ScriptedImporter/UnityEditor.QuickSearchModule:UnityEditor.Search:ASIAI0B
Importing 'GUID: 84ba8e63f115487ca072084bbebf0e55 - Path: Packages/com.unity.inputsystem/InputSystem/Runtime/Devices/Commands - Importer: ScriptedImporter/UnityEditor.QuickSearchModule:UnityEditor.Search:ASIAI0B' with importer (ScriptedImporter : UnityEditor.QuickSearchModule:UnityEditor.Search:ASIAI0B)
Imported 'GUID: 84ba8e63f115487ca072084bbebf0e55' -> (Import Result ID: '2bacc977697f37f9c58e33649efb9568') in 0.008 seconds [static and dynamic dependencies]. Details - ImportResultOutputID=a46dbb394c4c8a1e696c3dcec673457f DependenciesID=08db769825a0ea97547752808bcf4708 StaticDependenciesID=9ac263f5b78827a8f038e8f5d5d6515f 
Number of updated asset objects reloaded before import = 0
Number of asset objects unloaded after import = 1
========================================================================
Received Import Request.
  Time of request: 2026-08-21T17:33:11.0314823Z
  Time since last request: 0.000833 seconds.
  importAddress: GUID: 97646f506bf040e9bd4568124c8b425e - Path: Packages/com.unity.multiplayer.center/Editor/Recommendations - Importer: ScriptedImporter/UnityEditor.QuickSearchModule:UnityEditor.Search:ASIAI0B
Importing 'GUID: 97646f506bf040e9bd4568124c8b425e - Path: Packages/com.unity.multiplayer.center/Editor/Recommendations - Importer: ScriptedImporter/UnityEditor.QuickSearchModule:UnityEditor.Search:ASIAI0B' with importer (ScriptedImporter : UnityEditor.QuickSearchModule:UnityEditor.Search:ASIAI0B)
Imported 'GUID: 97646f506bf040e9bd4568124c8b425e' -> (Import Result ID: '32926573efbca97fb53ad2b81b0a33c4') in 0.008 seconds [static and dynamic dependencies]. Details - ImportResultOutputID=c8e32998ba5f5e176661d804114dee3a DependenciesID=9dd8223a0c585a0bf3bcc7ca9857dbc3 StaticDependenciesID=d85d1d3a61a0a901df579e345c92a92c 
Number of updated asset objects reloaded before import = 0
Number of asset objects unloaded after import = 1
========================================================================
Received Import Request.
  Time of request: 2026-08-21T17:33:11.0598627Z
  Time since last request: 0.0010573 seconds.
  importAddress: GUID: 8d975524f8a3461d922a2e20170a1194 - Path: Packages/com.unity.shadergraph/Editor/Generation/Targets/Canvas/Templates - Importer: ScriptedImporter/UnityEditor.QuickSearchModule:UnityEditor.Search:ASIAI0B
Importing 'GUID: 8d975524f8a3461d922a2e20170a1194 - Path: Packages/com.unity.shadergraph/Editor/Generation/Targets/Canvas/Templates - Importer: ScriptedImporter/UnityEditor.QuickSearchModule:UnityEditor.Search:ASIAI0B' with importer (ScriptedImporter : UnityEditor.QuickSearchModule:UnityEditor.Search:ASIAI0B)
Imported 'GUID: 8d975524f8a3461d922a2e20170a1194' -> (Import Result ID: 'a090eea45315e6e265fca0488df76218') in 0.009 seconds [static and dynamic dependencies]. Details - ImportResultOutputID=53f545f3799e8af201a51fd4c92789f2 DependenciesID=3353ab0433da8d1f8182e4679b2bee8b StaticDependenciesID=bd691c0efb6a06143d414c499c977179 
Number of updated asset objects reloaded before import = 0
Number of asset objects unloaded after import = 1
========================================================================
Received Import Request.
  Time of request: 2026-08-21T17:33:11.0873652Z
  Time since last request: 0.0006277 seconds.
  importAddress: GUID: a8fcc623db3029743a32fbab14c8dcbf - Path: Packages/com.unity.render-pipelines.universal/Editor/Volume - Importer: ScriptedImporter/UnityEditor.QuickSearchModule:UnityEditor.Search:ASIAI0B
Importing 'GUID: a8fcc623db3029743a32fbab14c8dcbf - Path: Packages/com.unity.render-pipelines.universal/Editor/Volume - Importer: ScriptedImporter/UnityEditor.QuickSearchModule:UnityEditor.Search:ASIAI0B' with importer (ScriptedImporter : UnityEditor.QuickSearchModule:UnityEditor.Search:ASIAI0B)
Imported 'GUID: a8fcc623db3029743a32fbab14c8dcbf' -> (Import Result ID: '7d99ffb5ce4862b093a383762c6e8124') in 0.009 seconds [static and dynamic dependencies]. Details - ImportResultOutputID=5159c431140cafe7293aa9974bfbfb5e DependenciesID=f6bf65b5f8800bbb3f7991d01a4b93d2 StaticDependenciesID=277c2ad32631625c857fff7141c275e9 
Number of updated asset objects reloaded before import = 0
Number of asset objects unloaded after import = 1
========================================================================
Received Import Request.
  Time of request: 2026-08-21T17:33:11.1153004Z
  Time since last request: 0.0002495 seconds.
  importAddress: GUID: d930815aa4d314c73b7bceaaf5559e08 - Path: Packages/com.unity.visualscripting/Editor/VisualScripting.Core/Interface/Annotations - Importer: ScriptedImporter/UnityEditor.QuickSearchModule:UnityEditor.Search:ASIAI0B
Importing 'GUID: d930815aa4d314c73b7bceaaf5559e08 - Path: Packages/com.unity.visualscripting/Editor/VisualScripting.Core/Interface/Annotations - Importer: ScriptedImporter/UnityEditor.QuickSearchModule:UnityEditor.Search:ASIAI0B' with importer (ScriptedImporter : UnityEditor.QuickSearchModule:UnityEditor.Search:ASIAI0B)
Imported 'GUID: d930815aa4d314c73b7bceaaf5559e08' -> (Import Result ID: '33bd4cf3337cf651ea67f770c463a95f') in 0.020 seconds [static and dynamic dependencies]. Details - ImportResultOutputID=99dbfed0163384e653d4efaa414a939e DependenciesID=ee8a4df659fdc3d8b981d368d4b80ee6 StaticDependenciesID=2ed5e42ff1337e3575b4b91118fc0147 
Number of updated asset objects reloaded before import = 0
Number of asset objects unloaded after import = 1
========================================================================
Received Import Request.
  Time of request: 2026-08-21T17:33:11.1576542Z
  Time since last request: 0.0006389 seconds.
  importAddress: GUID: 9998fb40f44e7474c848728667ed8142 - Path: Packages/com.unity.collab-proxy/Lib/Editor/TextMateSharp/Onigwrap/libonigwrap/osx-x64 - Importer: ScriptedImporter/UnityEditor.QuickSearchModule:UnityEditor.Search:ASIAI0B
Importing 'GUID: 9998fb40f44e7474c848728667ed8142 - Path: Packages/com.unity.collab-proxy/Lib/Editor/TextMateSharp/Onigwrap/libonigwrap/osx-x64 - Importer: ScriptedImporter/UnityEditor.QuickSearchModule:UnityEditor.Search:ASIAI0B' with importer (ScriptedImporter : UnityEditor.QuickSearchModule:UnityEditor.Search:ASIAI0B)
Imported 'GUID: 9998fb40f44e7474c848728667ed8142' -> (Import Result ID: '42a405945f0617d61bac2099bfb4601c') in 0.009 seconds [static and dynamic dependencies]. Details - ImportResultOutputID=91d3fd77ca6703bb53394a89a34abc6d DependenciesID=64dcffb456b94b0779970ff8e664e505 StaticDependenciesID=c83646b5740b0442846d442f919b96c6 
Number of updated asset objects reloaded before import = 0
Number of asset objects unloaded after import = 1
========================================================================
Received Import Request.
  Time of request: 2026-08-21T17:33:11.1847554Z
  Time since last request: 0.0009513 seconds.
  importAddress: GUID: 99c9720ab356a0642a771bea13969a05 - Path: Assets/Scenes/SampleScene.unity - Importer: ScriptedImporter/UnityEditor.QuickSearchModule:UnityEditor.Search:ASIAI0B
Importing 'GUID: 99c9720ab356a0642a771bea13969a05 - Path: Assets/Scenes/SampleScene.unity - Importer: ScriptedImporter/UnityEditor.QuickSearchModule:UnityEditor.Search:ASIAI0B' with importer (ScriptedImporter : UnityEditor.QuickSearchModule:UnityEditor.Search:ASIAI0B)
Imported 'GUID: 99c9720ab356a0642a771bea13969a05' -> (Import Result ID: 'd68192892265f13e704ec1d26ccd25de') in 0.042 seconds [static and dynamic dependencies]. Details - ImportResultOutputID=09102a0e0248007c583d5b88ef0ff543 DependenciesID=051a80d667cb1e4cfacd36b5944dd25c StaticDependenciesID=d77f5a845b53fc847b3bad315243b8fe 
Number of updated asset objects reloaded before import = 0
Number of asset objects unloaded after import = 1
========================================================================
Received Import Request.
  Time of request: 2026-08-21T17:33:11.2451774Z
  Time since last request: 0.0008148 seconds.
  importAddress: GUID: 600fb4de46db4ceaaeea90860ab19ec4 - Path: Packages/com.unity.collab-proxy/Editor/Diff/Image - Importer: ScriptedImporter/UnityEditor.QuickSearchModule:UnityEditor.Search:ASIAI0B
Importing 'GUID: 600fb4de46db4ceaaeea90860ab19ec4 - Path: Packages/com.unity.collab-proxy/Editor/Diff/Image - Importer: ScriptedImporter/UnityEditor.QuickSearchModule:UnityEditor.Search:ASIAI0B' with importer (ScriptedImporter : UnityEditor.QuickSearchModule:UnityEditor.Search:ASIAI0B)
Imported 'GUID: 600fb4de46db4ceaaeea90860ab19ec4' -> (Import Result ID: 'c41894facb0799d07afbde151c034923') in 0.008 seconds [static and dynamic dependencies]. Details - ImportResultOutputID=47e819c83f38dee7306d4af8c6d9faea DependenciesID=0b96eec44e7853487f67f27a12ac98a4 StaticDependenciesID=6ab6f52b0163f5280eecd080bf356a60 
Number of updated asset objects reloaded before import = 0
Number of asset objects unloaded after import = 1
========================================================================
Received Import Request.
  Time of request: 2026-08-21T17:33:11.2706943Z
  Time since last request: 0.0008549 seconds.
  importAddress: GUID: 037e7593ac7294eb7845d91bb73b20f4 - Path: Packages/com.unity.visualscripting/Runtime/VisualScripting.Flow/Framework/Events/Physics - Importer: ScriptedImporter/UnityEditor.QuickSearchModule:UnityEditor.Search:ASIAI0B
Importing 'GUID: 037e7593ac7294eb7845d91bb73b20f4 - Path: Packages/com.unity.visualscripting/Runtime/VisualScripting.Flow/Framework/Events/Physics - Importer: ScriptedImporter/UnityEditor.QuickSearchModule:UnityEditor.Search:ASIAI0B' with importer (ScriptedImporter : UnityEditor.QuickSearchModule:UnityEditor.Search:ASIAI0B)
Imported 'GUID: 037e7593ac7294eb7845d91bb73b20f4' -> (Import Result ID: '4d36831e415754fe0d092e1d8b51a076') in 0.008 seconds [static and dynamic dependencies]. Details - ImportResultOutputID=0b398003e77796d2fde73ea93ca675e4 DependenciesID=18accea0609f0e52d99af116f7b5ecbe StaticDependenciesID=2a11ac5a120aa1483b6028f917027b1c 
Number of updated asset objects reloaded before import = 0
Number of asset objects unloaded after import = 1
========================================================================
Received Import Request.
  Time of request: 2026-08-21T17:33:11.2971754Z
  Time since last request: 0.0006783 seconds.
  importAddress: GUID: 6edbafb3b8c712640ae66bb69eabb0a8 - Path: Packages/com.unity.test-framework.performance/Runtime - Importer: ScriptedImporter/UnityEditor.QuickSearchModule:UnityEditor.Search:ASIAI0B
Importing 'GUID: 6edbafb3b8c712640ae66bb69eabb0a8 - Path: Packages/com.unity.test-framework.performance/Runtime - Importer: ScriptedImporter/UnityEditor.QuickSearchModule:UnityEditor.Search:ASIAI0B' with importer (ScriptedImporter : UnityEditor.QuickSearchModule:UnityEditor.Search:ASIAI0B)
Imported 'GUID: 6edbafb3b8c712640ae66bb69eabb0a8' -> (Import Result ID: 'f255dc2ab48b7b261f3dd9680b04bee1') in 0.007 seconds [static and dynamic dependencies]. Details - ImportResultOutputID=d3bac801ceb92a25b5ff1f6115907702 DependenciesID=ce057319d4197fd66984e2e2a0e5d37f StaticDependenciesID=1035f0e960655c12591eaea83e5bd3b6 
Number of updated asset objects reloaded before import = 0
Number of asset objects unloaded after import = 1
========================================================================
Received Import Request.
  Time of request: 2026-08-21T17:33:11.3194445Z
  Time since last request: 0.0008675 seconds.
  importAddress: GUID: 1cf2469083ffa484da4d78dd70d708e8 - Path: Packages/com.unity.modules.vehicles - Importer: ScriptedImporter/UnityEditor.QuickSearchModule:UnityEditor.Search:ASIAI0B
Importing 'GUID: 1cf2469083ffa484da4d78dd70d708e8 - Path: Packages/com.unity.modules.vehicles - Importer: ScriptedImporter/UnityEditor.QuickSearchModule:UnityEditor.Search:ASIAI0B' with importer (ScriptedImporter : UnityEditor.QuickSearchModule:UnityEditor.Search:ASIAI0B)
Imported 'GUID: 1cf2469083ffa484da4d78dd70d708e8' -> (Import Result ID: '0045a43b1ab9670541010dabd9af261a') in 0.006 seconds [static and dynamic dependencies]. Details - ImportResultOutputID=e4dc423d4fe08665ed7788cc609090c4 DependenciesID=35f233c29312ff0d677229d669903e65 StaticDependenciesID=016b4449f1538ed4517eef4edb45c6c7 
Number of updated asset objects reloaded before import = 0
Number of asset objects unloaded after import = 1
========================================================================
Received Import Request.
  Time of request: 2026-08-21T17:33:11.3399803Z
  Time since last request: 0.0009727 seconds.
  importAddress: GUID: 144dd1c434d67bc40adbcae6c42e6e6c - Path: Packages/com.unity.render-pipelines.universal/Tests/Runtime - Importer: ScriptedImporter/UnityEditor.QuickSearchModule:UnityEditor.Search:ASIAI0B
Importing 'GUID: 144dd1c434d67bc40adbcae6c42e6e6c - Path: Packages/com.unity.render-pipelines.universal/Tests/Runtime - Importer: ScriptedImporter/UnityEditor.QuickSearchModule:UnityEditor.Search:ASIAI0B' with importer (ScriptedImporter : UnityEditor.QuickSearchModule:UnityEditor.Search:ASIAI0B)
Imported 'GUID: 144dd1c434d67bc40adbcae6c42e6e6c' -> (Import Result ID: 'eb69c6997385efa99b425afdfc79ec9f') in 0.009 seconds [static and dynamic dependencies]. Details - ImportResultOutputID=ee25140a50b69056f9ac58a56d835b0c DependenciesID=c8e1030413d5eea85474f410fcfb237e StaticDependenciesID=1a5ddacd48c6f0606f5dccd1d2d0f92d 
Number of updated asset objects reloaded before import = 0
Number of asset objects unloaded after import = 1
========================================================================
Received Import Request.
  Time of request: 2026-08-21T17:33:11.3679704Z
  Time since last request: 0.0006784 seconds.
  importAddress: GUID: 2eda2aff451e93441b6b576a8db601a3 - Path: Packages/com.unity.render-pipelines.universal/Editor/VFXGraph/Shaders/Templates/ParticlePlanarPrimitivesLit - Importer: ScriptedImporter/UnityEditor.QuickSearchModule:UnityEditor.Search:ASIAI0B
Importing 'GUID: 2eda2aff451e93441b6b576a8db601a3 - Path: Packages/com.unity.render-pipelines.universal/Editor/VFXGraph/Shaders/Templates/ParticlePlanarPrimitivesLit - Importer: ScriptedImporter/UnityEditor.QuickSearchModule:UnityEditor.Search:ASIAI0B' with importer (ScriptedImporter : UnityEditor.QuickSearchModule:UnityEditor.Search:ASIAI0B)
Imported 'GUID: 2eda2aff451e93441b6b576a8db601a3' -> (Import Result ID: 'f2e3de4fab02c1cf9fa56c4a11d94dfd') in 0.009 seconds [static and dynamic dependencies]. Details - ImportResultOutputID=52705eb5049da73351d63b7c263e7d41 DependenciesID=8befaad637f17a7639a676d16fb44c7b StaticDependenciesID=cd17d6c1b4ed1b03393a8ce5bc06111b 
Number of updated asset objects reloaded before import = 0
Number of asset objects unloaded after import = 1
========================================================================
Received Import Request.
  Time of request: 2026-08-21T17:33:11.3992544Z
  Time since last request: 0.0007135 seconds.
  importAddress: GUID: ee9f54d6cd5a17045a3f1c9877d4b7e6 - Path: Packages/com.unity.visualscripting/Editor - Importer: ScriptedImporter/UnityEditor.QuickSearchModule:UnityEditor.Search:ASIAI0B
Importing 'GUID: ee9f54d6cd5a17045a3f1c9877d4b7e6 - Path: Packages/com.unity.visualscripting/Editor - Importer: ScriptedImporter/UnityEditor.QuickSearchModule:UnityEditor.Search:ASIAI0B' with importer (ScriptedImporter : UnityEditor.QuickSearchModule:UnityEditor.Search:ASIAI0B)
Imported 'GUID: ee9f54d6cd5a17045a3f1c9877d4b7e6' -> (Import Result ID: 'ba703c4dde2fbdfaf935dee1a7469b95') in 0.009 seconds [static and dynamic dependencies]. Details - ImportResultOutputID=3988bc177a2b7143a42d0b77afe9420e DependenciesID=4692cb40e66b811ff1a38d3d7bb65ee5 StaticDependenciesID=1e78e0e7bf8b0badffcd3c0648b6051f 
Number of updated asset objects reloaded before import = 0
Number of asset objects unloaded after import = 1
========================================================================
Received Import Request.
  Time of request: 2026-08-21T17:33:11.4228967Z
  Time since last request: 0.0006662 seconds.
  importAddress: GUID: 41957047a02b44a9c9c682cb05c813d6 - Path: Packages/com.unity.visualscripting/Runtime/VisualScripting.Flow/Framework/Math - Importer: ScriptedImporter/UnityEditor.QuickSearchModule:UnityEditor.Search:ASIAI0B
Importing 'GUID: 41957047a02b44a9c9c682cb05c813d6 - Path: Packages/com.unity.visualscripting/Runtime/VisualScripting.Flow/Framework/Math - Importer: ScriptedImporter/UnityEditor.QuickSearchModule:UnityEditor.Search:ASIAI0B' with importer (ScriptedImporter : UnityEditor.QuickSearchModule:UnityEditor.Search:ASIAI0B)
Imported 'GUID: 41957047a02b44a9c9c682cb05c813d6' -> (Import Result ID: '1480e2061500ba475ead360ae82d8f4f') in 0.010 seconds [static and dynamic dependencies]. Details - ImportResultOutputID=31618f1d51d30b957a36c5844fdcce9b DependenciesID=3bb892b4a45e29beefc888a9394a036a StaticDependenciesID=ecb07f26d73a5900ad77661f0aea6d93 
Number of updated asset objects reloaded before import = 0
Number of asset objects unloaded after import = 1
========================================================================
Received Import Request.
  Time of request: 2026-08-21T17:33:11.45402Z
  Time since last request: 0.0010021 seconds.
  importAddress: GUID: d63dd1a776d383248a21ec2a8a6e7868 - Path: Packages/com.unity.ugui/Runtime/UGUI/UI/Core/Utility - Importer: ScriptedImporter/UnityEditor.QuickSearchModule:UnityEditor.Search:ASIAI0B
Importing 'GUID: d63dd1a776d383248a21ec2a8a6e7868 - Path: Packages/com.unity.ugui/Runtime/UGUI/UI/Core/Utility - Importer: ScriptedImporter/UnityEditor.QuickSearchModule:UnityEditor.Search:ASIAI0B' with importer (ScriptedImporter : UnityEditor.QuickSearchModule:UnityEditor.Search:ASIAI0B)
Imported 'GUID: d63dd1a776d383248a21ec2a8a6e7868' -> (Import Result ID: 'd3fd082eb24b0447b14149e2b71783ac') in 0.016 seconds [static and dynamic dependencies]. Details - ImportResultOutputID=700d2b07fbf5426e9126305e8df85410 DependenciesID=f3567e41d7ec1a51715b860ee919ab55 StaticDependenciesID=dc3c55c2e42aa9b838069f5800592b3c 
Number of updated asset objects reloaded before import = 0
Number of asset objects unloaded after import = 1
========================================================================
Received Import Request.
  Time of request: 2026-08-21T17:33:11.4888351Z
  Time since last request: 0.0005068 seconds.
  importAddress: GUID: 19e1940646874613a076c6b01d1f3404 - Path: Packages/com.unity.test-framework/UnityEngine.TestRunner/UnityTestProtocol - Importer: ScriptedImporter/UnityEditor.QuickSearchModule:UnityEditor.Search:ASIAI0B
Importing 'GUID: 19e1940646874613a076c6b01d1f3404 - Path: Packages/com.unity.test-framework/UnityEngine.TestRunner/UnityTestProtocol - Importer: ScriptedImporter/UnityEditor.QuickSearchModule:UnityEditor.Search:ASIAI0B' with importer (ScriptedImporter : UnityEditor.QuickSearchModule:UnityEditor.Search:ASIAI0B)
Imported 'GUID: 19e1940646874613a076c6b01d1f3404' -> (Import Result ID: '431df2e35165704d328bd9ce77be83c2') in 0.010 seconds [static and dynamic dependencies]. Details - ImportResultOutputID=381b370434f1c86c2d2c986a24a0eaa1 DependenciesID=05ae6c55aefb4902f40fa07161472b98 StaticDependenciesID=8e5aeeab75fcc2249cbc06138805fb45 
Number of updated asset objects reloaded before import = 0
Number of asset objects unloaded after import = 1
========================================================================
Received Import Request.
  Time of request: 2026-08-21T17:33:11.5193731Z
  Time since last request: 0.0010459 seconds.
  importAddress: GUID: 515638b803bef8599dbd6d5c8bdaa53e - Path: Packages/com.unity.modules.xr - Importer: ScriptedImporter/UnityEditor.QuickSearchModule:UnityEditor.Search:ASIAI0B
Importing 'GUID: 515638b803bef8599dbd6d5c8bdaa53e - Path: Packages/com.unity.modules.xr - Importer: ScriptedImporter/UnityEditor.QuickSearchModule:UnityEditor.Search:ASIAI0B' with importer (ScriptedImporter : UnityEditor.QuickSearchModule:UnityEditor.Search:ASIAI0B)
Imported 'GUID: 515638b803bef8599dbd6d5c8bdaa53e' -> (Import Result ID: '1d29891a9ce690be847a0771d4ff6bb3') in 0.007 seconds [static and dynamic dependencies]. Details - ImportResultOutputID=abffd47bd8960a017dcff22b025bb901 DependenciesID=76ee0a30caa3cebc37f82cafaaadf705 StaticDependenciesID=586591ed8c8c4dd75c5eec5d59f89e7b 
Number of updated asset objects reloaded before import = 0
Number of asset objects unloaded after import = 1
========================================================================
Received Import Request.
  Time of request: 2026-08-21T17:33:11.5456976Z
  Time since last request: 0.0012468 seconds.
  importAddress: GUID: 1c597fa0f94a3d54b9c0e85f56e5f821 - Path: Packages/com.unity.inputsystem/InputSystem/Runtime/Plugins/Linux - Importer: ScriptedImporter/UnityEditor.QuickSearchModule:UnityEditor.Search:ASIAI0B
Importing 'GUID: 1c597fa0f94a3d54b9c0e85f56e5f821 - Path: Packages/com.unity.inputsystem/InputSystem/Runtime/Plugins/Linux - Importer: ScriptedImporter/UnityEditor.QuickSearchModule:UnityEditor.Search:ASIAI0B' with importer (ScriptedImporter : UnityEditor.QuickSearchModule:UnityEditor.Search:ASIAI0B)
Imported 'GUID: 1c597fa0f94a3d54b9c0e85f56e5f821' -> (Import Result ID: '9aadb9df150628ba6fd6016dac6a45b2') in 0.033 seconds [static and dynamic dependencies]. Details - ImportResultOutputID=5d75cd08fe5f0404cef1e0918e158354 DependenciesID=72e23b22341a1e0d4981145bc7e2f742 StaticDependenciesID=006e6d20f98d31fbe3fa458207769ba8 
Number of updated asset objects reloaded before import = 0
Number of asset objects unloaded after import = 1
========================================================================
Received Import Request.
  Time of request: 2026-08-21T17:33:11.6112847Z
  Time since last request: 0.0083215 seconds.
  importAddress: GUID: 6c67acbbc1ebd5a479b3bef04c939d02 - Path: Packages/com.unity.render-pipelines.core/Tests - Importer: ScriptedImporter/UnityEditor.QuickSearchModule:UnityEditor.Search:ASIAI0B
Importing 'GUID: 6c67acbbc1ebd5a479b3bef04c939d02 - Path: Packages/com.unity.render-pipelines.core/Tests - Importer: ScriptedImporter/UnityEditor.QuickSearchModule:UnityEditor.Search:ASIAI0B' with importer (ScriptedImporter : UnityEditor.QuickSearchModule:UnityEditor.Search:ASIAI0B)
Imported 'GUID: 6c67acbbc1ebd5a479b3bef04c939d02' -> (Import Result ID: 'fb344ca2d8f44c983d9740fa9e41e9e2') in 0.043 seconds [static and dynamic dependencies]. Details - ImportResultOutputID=7ddd7568a002df84c33f6a14a6cec40d DependenciesID=c486db78a6aaaa16b04f78c70c243182 StaticDependenciesID=508996845418cab0a8997a1c18124f70 
Number of updated asset objects reloaded before import = 0
Number of asset objects unloaded after import = 1
========================================================================
Received Import Request.
  Time of request: 2026-08-21T17:33:11.7424192Z
  Time since last request: 0.0420136 seconds.
  importAddress: GUID: 84fc151c3c97446ff9c9993706319db4 - Path: Packages/com.unity.visualscripting/Editor/VisualScripting.Flow/Connections - Importer: ScriptedImporter/UnityEditor.QuickSearchModule:UnityEditor.Search:ASIAI0B
Importing 'GUID: 84fc151c3c97446ff9c9993706319db4 - Path: Packages/com.unity.visualscripting/Editor/VisualScripting.Flow/Connections - Importer: ScriptedImporter/UnityEditor.QuickSearchModule:UnityEditor.Search:ASIAI0B' with importer (ScriptedImporter : UnityEditor.QuickSearchModule:UnityEditor.Search:ASIAI0B)
Imported 'GUID: 84fc151c3c97446ff9c9993706319db4' -> (Import Result ID: '2606a6513aeea972c0fb02555985857a') in 0.018 seconds [static and dynamic dependencies]. Details - ImportResultOutputID=2e4701861b6a6f82a57d3c110fc40c31 DependenciesID=75013ba5d3c23b75fc1a4b8ed6c60313 StaticDependenciesID=ea8fe9700813dd0081d422101df89fdb 
Number of updated asset objects reloaded before import = 0
Number of asset objects unloaded after import = 1
========================================================================
Received Import Request.
  Time of request: 2026-08-21T17:33:11.7919516Z
  Time since last request: 0.005766 seconds.
  importAddress: GUID: 32bf6e8fcb46ec24a9db465ddec10a34 - Path: Packages/com.unity.shadergraph/Editor/Data/Nodes/Artistic/Utility - Importer: ScriptedImporter/UnityEditor.QuickSearchModule:UnityEditor.Search:ASIAI0B
Importing 'GUID: 32bf6e8fcb46ec24a9db465ddec10a34 - Path: Packages/com.unity.shadergraph/Editor/Data/Nodes/Artistic/Utility - Importer: ScriptedImporter/UnityEditor.QuickSearchModule:UnityEditor.Search:ASIAI0B' with importer (ScriptedImporter : UnityEditor.QuickSearchModule:UnityEditor.Search:ASIAI0B)
Imported 'GUID: 32bf6e8fcb46ec24a9db465ddec10a34' -> (Import Result ID: '495f8564987619a615aabcb9836f6efc') in 0.110 seconds [static and dynamic dependencies]. Details - ImportResultOutputID=0e4c0bc3490c17ef10a223636d735005 DependenciesID=24545184c12f30726747a8c55fa89ac2 StaticDependenciesID=83cd61506a5e0075ca0d36cb7ed9e0bb 
Number of updated asset objects reloaded before import = 0
Number of asset objects unloaded after import = 1
========================================================================
Received Import Request.
  Time of request: 2026-08-21T17:33:11.9996209Z
  Time since last request: 0.0028104 seconds.
  importAddress: GUID: ea65eddf43398654fa32b724723c71a4 - Path: Packages/com.unity.inputsystem/InputSystem/Runtime/Plugins/OSX - Importer: ScriptedImporter/UnityEditor.QuickSearchModule:UnityEditor.Search:ASIAI0B
Importing 'GUID: ea65eddf43398654fa32b724723c71a4 - Path: Packages/com.unity.inputsystem/InputSystem/Runtime/Plugins/OSX - Importer: ScriptedImporter/UnityEditor.QuickSearchModule:UnityEditor.Search:ASIAI0B' with importer (ScriptedImporter : UnityEditor.QuickSearchModule:UnityEditor.Search:ASIAI0B)
Imported 'GUID: ea65eddf43398654fa32b724723c71a4' -> (Import Result ID: 'e86a066ad347c7313560bbc2dff2b28c') in 0.051 seconds [static and dynamic dependencies]. Details - ImportResultOutputID=6fae69af9888f8df34d4da040a11fb28 DependenciesID=430701c4e583b1c027f8a15caebe5789 StaticDependenciesID=fd9bdf85d05c8c03c7078e1b0e291af3 
Number of updated asset objects reloaded before import = 0
Number of asset objects unloaded after import = 1
========================================================================
Received Import Request.
  Time of request: 2026-08-21T17:33:12.334395Z
  Time since last request: 0.0018284 seconds.
  importAddress: GUID: 5a08d29969661ca449888ba98a48f214 - Path: Packages/com.unity.render-pipelines.core/Runtime/UnifiedRayTracing - Importer: ScriptedImporter/UnityEditor.QuickSearchModule:UnityEditor.Search:ASIAI0B
Importing 'GUID: 5a08d29969661ca449888ba98a48f214 - Path: Packages/com.unity.render-pipelines.core/Runtime/UnifiedRayTracing - Importer: ScriptedImporter/UnityEditor.QuickSearchModule:UnityEditor.Search:ASIAI0B' with importer (ScriptedImporter : UnityEditor.QuickSearchModule:UnityEditor.Search:ASIAI0B)
Imported 'GUID: 5a08d29969661ca449888ba98a48f214' -> (Import Result ID: '745dd89b69d65f850b145b8145030b6a') in 0.009 seconds [static and dynamic dependencies]. Details - ImportResultOutputID=01e306ed5724a7e420560eeafca92e92 DependenciesID=4c2c4598aab97be22aa034685aab199d StaticDependenciesID=15101cc7b307a75f9bf6109a6007e554 
Number of updated asset objects reloaded before import = 0
Number of asset objects unloaded after import = 1
========================================================================
Received Import Request.
  Time of request: 2026-08-21T17:33:12.3939107Z
  Time since last request: 0.0007172 seconds.
  importAddress: GUID: b67edcfd84add6e4a97f27f155b61a7b - Path: Packages/com.unity.shadergraph/Tests - Importer: ScriptedImporter/UnityEditor.QuickSearchModule:UnityEditor.Search:ASIAI0B
Importing 'GUID: b67edcfd84add6e4a97f27f155b61a7b - Path: Packages/com.unity.shadergraph/Tests - Importer: ScriptedImporter/UnityEditor.QuickSearchModule:UnityEditor.Search:ASIAI0B' with importer (ScriptedImporter : UnityEditor.QuickSearchModule:UnityEditor.Search:ASIAI0B)
Imported 'GUID: b67edcfd84add6e4a97f27f155b61a7b' -> (Import Result ID: '52b20eb8a330ec7d2338ce678cd3bbac') in 0.010 seconds [static and dynamic dependencies]. Details - ImportResultOutputID=051566e4f2699ab598b7100a51bd88b1 DependenciesID=0da98e58139be7af37892e97ccbafe24 StaticDependenciesID=90e6a033e8d5b191cd10b22c7c623c1f 
Number of updated asset objects reloaded before import = 0
Number of asset objects unloaded after import = 1
========================================================================
Received Import Request.
  Time of request: 2026-08-21T17:33:12.4236033Z
  Time since last request: 0.0009001 seconds.
  importAddress: GUID: bea6ca7ad79287c4b8c525b8ffbd5842 - Path: Packages/com.unity.render-pipelines.core/Runtime/ShaderLibrary/Sampling - Importer: ScriptedImporter/UnityEditor.QuickSearchModule:UnityEditor.Search:ASIAI0B
Importing 'GUID: bea6ca7ad79287c4b8c525b8ffbd5842 - Path: Packages/com.unity.render-pipelines.core/Runtime/ShaderLibrary/Sampling - Importer: ScriptedImporter/UnityEditor.QuickSearchModule:UnityEditor.Search:ASIAI0B' with importer (ScriptedImporter : UnityEditor.QuickSearchModule:UnityEditor.Search:ASIAI0B)
Imported 'GUID: bea6ca7ad79287c4b8c525b8ffbd5842' -> (Import Result ID: '5f7c43b90144c8975ee9bbbc73bf32b6') in 0.013 seconds [static and dynamic dependencies]. Details - ImportResultOutputID=930287f5ffda480f5e61c794e5869c15 DependenciesID=94be8bd887d5181a7af344b21f8fedee StaticDependenciesID=7fcb38f79811fe9b314bc9a8c4641cea 
Number of updated asset objects reloaded before import = 0
Number of asset objects unloaded after import = 1
========================================================================
Received Import Request.
  Time of request: 2026-08-21T17:33:12.4551698Z
  Time since last request: 0.0010434 seconds.
  importAddress: GUID: 9c7c268fa6492449654839df69f2a2f4 - Path: Packages/com.unity.modules.umbra - Importer: ScriptedImporter/UnityEditor.QuickSearchModule:UnityEditor.Search:ASIAI0B
Importing 'GUID: 9c7c268fa6492449654839df69f2a2f4 - Path: Packages/com.unity.modules.umbra - Importer: ScriptedImporter/UnityEditor.QuickSearchModule:UnityEditor.Search:ASIAI0B' with importer (ScriptedImporter : UnityEditor.QuickSearchModule:UnityEditor.Search:ASIAI0B)
Imported 'GUID: 9c7c268fa6492449654839df69f2a2f4' -> (Import Result ID: '05cf570360e6cdf289aaad3f851f4440') in 0.016 seconds [static and dynamic dependencies]. Details - ImportResultOutputID=524b47811e9b3e2ccbc07c9b2e66bfe0 DependenciesID=4128933c089c753f858c708989e78106 StaticDependenciesID=4f3013e395658483579ca860fe9ef4d1 
Number of updated asset objects reloaded before import = 0
Number of asset objects unloaded after import = 1
========================================================================
Received Import Request.
  Time of request: 2026-08-21T17:33:12.4928333Z
  Time since last request: 0.0025549 seconds.
  importAddress: GUID: e91cd01ab44d05b4fabcebe1e4ce2ebe - Path: Packages/com.unity.collab-proxy/Editor/Views/PendingChanges/PendingMergeLinks - Importer: ScriptedImporter/UnityEditor.QuickSearchModule:UnityEditor.Search:ASIAI0B
Importing 'GUID: e91cd01ab44d05b4fabcebe1e4ce2ebe - Path: Packages/com.unity.collab-proxy/Editor/Views/PendingChanges/PendingMergeLinks - Importer: ScriptedImporter/UnityEditor.QuickSearchModule:UnityEditor.Search:ASIAI0B' with importer (ScriptedImporter : UnityEditor.QuickSearchModule:UnityEditor.Search:ASIAI0B)
Imported 'GUID: e91cd01ab44d05b4fabcebe1e4ce2ebe' -> (Import Result ID: '779fa59aa91243475964923a7baac7b2') in 0.010 seconds [static and dynamic dependencies]. Details - ImportResultOutputID=a0e53c16f91a0a9c9fc2e6451e16af40 DependenciesID=5fd77c13dba19ea853b6558ccb08ea64 StaticDependenciesID=3d9c8a6a462aca2da7ddda3d7f466df8 
Number of updated asset objects reloaded before import = 0
Number of asset objects unloaded after import = 1
========================================================================
Received Import Request.
  Time of request: 2026-08-21T17:33:12.5300869Z
  Time since last request: 0.0010191 seconds.
  importAddress: GUID: fc3a810351931f5e6183e16b9beb5563 - Path: Packages/com.unity.modules.jsonserialize - Importer: ScriptedImporter/UnityEditor.QuickSearchModule:UnityEditor.Search:ASIAI0B
Importing 'GUID: fc3a810351931f5e6183e16b9beb5563 - Path: Packages/com.unity.modules.jsonserialize - Importer: ScriptedImporter/UnityEditor.QuickSearchModule:UnityEditor.Search:ASIAI0B' with importer (ScriptedImporter : UnityEditor.QuickSearchModule:UnityEditor.Search:ASIAI0B)
Imported 'GUID: fc3a810351931f5e6183e16b9beb5563' -> (Import Result ID: '1ffdf13db1ac0358b8bbcc1586c5a0ed') in 0.006 seconds [static and dynamic dependencies]. Details - ImportResultOutputID=ae603b76f3d9505add75b22253cfd4c0 DependenciesID=9f3414f8fe45333f860852fe165e0dfd StaticDependenciesID=1101ca0c0c1e990a0decf2c2772fc59a 
Number of updated asset objects reloaded before import = 0
Number of asset objects unloaded after import = 1
========================================================================
Received Import Request.
  Time of request: 2026-08-21T17:33:12.5589793Z
  Time since last request: 0.0010986 seconds.
  importAddress: GUID: 985eed4bc2fbee941b761b8816d9055d - Path: Packages/com.unity.timeline/Editor/Actions/Menus - Importer: ScriptedImporter/UnityEditor.QuickSearchModule:UnityEditor.Search:ASIAI0B
Importing 'GUID: 985eed4bc2fbee941b761b8816d9055d - Path: Packages/com.unity.timeline/Editor/Actions/Menus - Importer: ScriptedImporter/UnityEditor.QuickSearchModule:UnityEditor.Search:ASIAI0B' with importer (ScriptedImporter : UnityEditor.QuickSearchModule:UnityEditor.Search:ASIAI0B)
Imported 'GUID: 985eed4bc2fbee941b761b8816d9055d' -> (Import Result ID: '25e01b5a3bf0745f5f9eeb2507484492') in 0.007 seconds [static and dynamic dependencies]. Details - ImportResultOutputID=822be898d864b7c93df581a5042305b9 DependenciesID=01413570fda4f5cd31260dbf1b3656fa StaticDependenciesID=a50c6d125490851a10b06b6145fca607 
Number of updated asset objects reloaded before import = 0
Number of asset objects unloaded after import = 1
========================================================================
Received Import Request.
  Time of request: 2026-08-21T17:33:12.5861772Z
  Time since last request: 0.0009281 seconds.
  importAddress: GUID: 6970e3730c799f44ab472c8aa6c4b431 - Path: Packages/com.unity.render-pipelines.universal/Textures - Importer: ScriptedImporter/UnityEditor.QuickSearchModule:UnityEditor.Search:ASIAI0B
Importing 'GUID: 6970e3730c799f44ab472c8aa6c4b431 - Path: Packages/com.unity.render-pipelines.universal/Textures - Importer: ScriptedImporter/UnityEditor.QuickSearchModule:UnityEditor.Search:ASIAI0B' with importer (ScriptedImporter : UnityEditor.QuickSearchModule:UnityEditor.Search:ASIAI0B)
Imported 'GUID: 6970e3730c799f44ab472c8aa6c4b431' -> (Import Result ID: '03c04b1d4ce9f7ec5659d28dd1973aea') in 0.008 seconds [static and dynamic dependencies]. Details - ImportResultOutputID=89ffb23191a72b99efae92c2648c16da DependenciesID=fab366d871c83965e34522382cb9f7d1 StaticDependenciesID=616a985735d36e0723458cb4f6fb3924 
Number of updated asset objects reloaded before import = 0
Number of asset objects unloaded after import = 1
========================================================================
Received Import Request.
  Time of request: 2026-08-21T17:33:12.6162916Z
  Time since last request: 0.0006551 seconds.
  importAddress: GUID: 198ec765a01574320a8199338d27d9f1 - Path: Packages/com.unity.shadergraph/Editor/Data/Nodes/Math/Advanced - Importer: ScriptedImporter/UnityEditor.QuickSearchModule:UnityEditor.Search:ASIAI0B
Importing 'GUID: 198ec765a01574320a8199338d27d9f1 - Path: Packages/com.unity.shadergraph/Editor/Data/Nodes/Math/Advanced - Importer: ScriptedImporter/UnityEditor.QuickSearchModule:UnityEditor.Search:ASIAI0B' with importer (ScriptedImporter : UnityEditor.QuickSearchModule:UnityEditor.Search:ASIAI0B)
Imported 'GUID: 198ec765a01574320a8199338d27d9f1' -> (Import Result ID: '011952a303352a5276eca1b4c8108cd2') in 0.009 seconds [static and dynamic dependencies]. Details - ImportResultOutputID=320a3c099e9248c0969c3ece83861e54 DependenciesID=4a93f5dfc3ede11bcf475cf319770514 StaticDependenciesID=5493a627a5b97cabc135f4558736f670 
Number of updated asset objects reloaded before import = 0
Number of asset objects unloaded after import = 1
========================================================================
Received Import Request.
  Time of request: 2026-08-21T17:33:12.6525268Z
  Time since last request: 0.0007235 seconds.
  importAddress: GUID: e9e01eb1ed43ca346a8389fc15adb62d - Path: Packages/com.unity.shadergraph/Editor/Generation/Targets/BuiltIn/Editor/ShaderGraph/Templates - Importer: ScriptedImporter/UnityEditor.QuickSearchModule:UnityEditor.Search:ASIAI0B
Importing 'GUID: e9e01eb1ed43ca346a8389fc15adb62d - Path: Packages/com.unity.shadergraph/Editor/Generation/Targets/BuiltIn/Editor/ShaderGraph/Templates - Importer: ScriptedImporter/UnityEditor.QuickSearchModule:UnityEditor.Search:ASIAI0B' with importer (ScriptedImporter : UnityEditor.QuickSearchModule:UnityEditor.Search:ASIAI0B)
Imported 'GUID: e9e01eb1ed43ca346a8389fc15adb62d' -> (Import Result ID: '1e145fabc08f27551bf88696de01e956') in 0.009 seconds [static and dynamic dependencies]. Details - ImportResultOutputID=9550cf1e07c59cc0886464556cb92767 DependenciesID=6dd45d678c7eba81e8700140bdc95012 StaticDependenciesID=476bfdb928db14bb48969a40d5434c53 
Number of updated asset objects reloaded before import = 0
Number of asset objects unloaded after import = 1
========================================================================
Received Import Request.
  Time of request: 2026-08-21T17:33:12.689085Z
  Time since last request: 0.0012099 seconds.
  importAddress: GUID: 4bc570abe77b73e429f529fb23f1b8d3 - Path: Packages/com.unity.visualscripting/Editor/VisualScripting.Core/Dependencies/Assemblies/WINARM64 - Importer: ScriptedImporter/UnityEditor.QuickSearchModule:UnityEditor.Search:ASIAI0B
Importing 'GUID: 4bc570abe77b73e429f529fb23f1b8d3 - Path: Packages/com.unity.visualscripting/Editor/VisualScripting.Core/Dependencies/Assemblies/WINARM64 - Importer: ScriptedImporter/UnityEditor.QuickSearchModule:UnityEditor.Search:ASIAI0B' with importer (ScriptedImporter : UnityEditor.QuickSearchModule:UnityEditor.Search:ASIAI0B)
Imported 'GUID: 4bc570abe77b73e429f529fb23f1b8d3' -> (Import Result ID: 'eb7d018c7680f449e5c0131232d15f68') in 0.013 seconds [static and dynamic dependencies]. Details - ImportResultOutputID=3ebbfa4e4f4daa1568b5d2f9b7b4dc76 DependenciesID=8035f1c15ea26503a6a4678e737c155a StaticDependenciesID=0027d5e1e663a5a9c280fcc8ad25e9dc 
Number of updated asset objects reloaded before import = 0
Number of asset objects unloaded after import = 1
========================================================================
Received Import Request.
  Time of request: 2026-08-21T17:33:12.7238748Z
  Time since last request: 0.0029908 seconds.
  importAddress: GUID: d4077c3b095df48b798c97c694ffd684 - Path: Packages/com.unity.inputsystem/InputSystem/Runtime/Plugins/WebGL - Importer: ScriptedImporter/UnityEditor.QuickSearchModule:UnityEditor.Search:ASIAI0B
Importing 'GUID: d4077c3b095df48b798c97c694ffd684 - Path: Packages/com.unity.inputsystem/InputSystem/Runtime/Plugins/WebGL - Importer: ScriptedImporter/UnityEditor.QuickSearchModule:UnityEditor.Search:ASIAI0B' with importer (ScriptedImporter : UnityEditor.QuickSearchModule:UnityEditor.Search:ASIAI0B)
Imported 'GUID: d4077c3b095df48b798c97c694ffd684' -> (Import Result ID: '9eb842d5cbeba089dde69e5307123c68') in 0.008 seconds [static and dynamic dependencies]. Details - ImportResultOutputID=c7b6b6b68d6806ce88817a8fd30e2fde DependenciesID=d3b13985bdbc9c22a4c40998598934cf StaticDependenciesID=ae382911d2f239093df24a19ce5f866a 
Number of updated asset objects reloaded before import = 0
Number of asset objects unloaded after import = 1
========================================================================
Received Import Request.
  Time of request: 2026-08-21T17:33:12.7578072Z
  Time since last request: 0.0009353 seconds.
  importAddress: GUID: dea5b0eb666584f3382f80a2a824f446 - Path: Packages/com.unity.visualscripting/Editor/VisualScripting.Core/Windows/Sidebars - Importer: ScriptedImporter/UnityEditor.QuickSearchModule:UnityEditor.Search:ASIAI0B
Importing 'GUID: dea5b0eb666584f3382f80a2a824f446 - Path: Packages/com.unity.visualscripting/Editor/VisualScripting.Core/Windows/Sidebars - Importer: ScriptedImporter/UnityEditor.QuickSearchModule:UnityEditor.Search:ASIAI0B' with importer (ScriptedImporter : UnityEditor.QuickSearchModule:UnityEditor.Search:ASIAI0B)
Imported 'GUID: dea5b0eb666584f3382f80a2a824f446' -> (Import Result ID: 'ae00b550f18fd63ba5c79240d3b2e2a4') in 0.010 seconds [static and dynamic dependencies]. Details - ImportResultOutputID=37330fa3e31eed1d262b18c7dc126a35 DependenciesID=6af60b39e425ec92e2a4c11390c52027 StaticDependenciesID=a7cd59c71fb3dbf5e978621b94c6170a 
Number of updated asset objects reloaded before import = 0
Number of asset objects unloaded after import = 1
========================================================================
Received Import Request.
  Time of request: 2026-08-21T17:33:12.7881421Z
  Time since last request: 0.0009974 seconds.
  importAddress: GUID: f6e1f4a705074105b682329d9d1fe334 - Path: Packages/com.unity.collab-proxy/Editor/Inspector/Properties/Label - Importer: ScriptedImporter/UnityEditor.QuickSearchModule:UnityEditor.Search:ASIAI0B
Importing 'GUID: f6e1f4a705074105b682329d9d1fe334 - Path: Packages/com.unity.collab-proxy/Editor/Inspector/Properties/Label - Importer: ScriptedImporter/UnityEditor.QuickSearchModule:UnityEditor.Search:ASIAI0B' with importer (ScriptedImporter : UnityEditor.QuickSearchModule:UnityEditor.Search:ASIAI0B)
Imported 'GUID: f6e1f4a705074105b682329d9d1fe334' -> (Import Result ID: 'e9f77d468d775dc19bb9d3c5bf990bb5') in 0.012 seconds [static and dynamic dependencies]. Details - ImportResultOutputID=107feb2667276e9670e8a487270570f5 DependenciesID=b84bf36ccacff8a00cbfc15bdee37c74 StaticDependenciesID=65fc90095fe531c32403122ed1b11cae 
Number of updated asset objects reloaded before import = 0
Number of asset objects unloaded after import = 1
========================================================================
Received Import Request.
  Time of request: 2026-08-21T17:33:12.8189399Z
  Time since last request: 0.0008007 seconds.
  importAddress: GUID: ee3c6001d6f4bbf409631328fb4cd463 - Path: Packages/com.unity.collections/Unity.Collections.PerformanceTests.Internal - Importer: ScriptedImporter/UnityEditor.QuickSearchModule:UnityEditor.Search:ASIAI0B
Importing 'GUID: ee3c6001d6f4bbf409631328fb4cd463 - Path: Packages/com.unity.collections/Unity.Collections.PerformanceTests.Internal - Importer: ScriptedImporter/UnityEditor.QuickSearchModule:UnityEditor.Search:ASIAI0B' with importer (ScriptedImporter : UnityEditor.QuickSearchModule:UnityEditor.Search:ASIAI0B)
Imported 'GUID: ee3c6001d6f4bbf409631328fb4cd463' -> (Import Result ID: 'cdd9acad00fa853d0322a63357314bdd') in 0.010 seconds [static and dynamic dependencies]. Details - ImportResultOutputID=e9d78e9b94b546aaf5cc33dfd8fdabd3 DependenciesID=8a57c3fd5fbdb6823e7325ae8dce0100 StaticDependenciesID=1bd865d2173fdf8743b594c20e7a5b0c 
Number of updated asset objects reloaded before import = 0
Number of asset objects unloaded after import = 1
========================================================================
Received Import Request.
  Time of request: 2026-08-21T17:33:12.8457546Z
  Time since last request: 0.0008642 seconds.
  importAddress: GUID: 565f0b089a3d53c4e9a329a5ec1392eb - Path: Packages/com.unity.collab-proxy/Editor/UI - Importer: ScriptedImporter/UnityEditor.QuickSearchModule:UnityEditor.Search:ASIAI0B
Importing 'GUID: 565f0b089a3d53c4e9a329a5ec1392eb - Path: Packages/com.unity.collab-proxy/Editor/UI - Importer: ScriptedImporter/UnityEditor.QuickSearchModule:UnityEditor.Search:ASIAI0B' with importer (ScriptedImporter : UnityEditor.QuickSearchModule:UnityEditor.Search:ASIAI0B)
Imported 'GUID: 565f0b089a3d53c4e9a329a5ec1392eb' -> (Import Result ID: 'c157ff74eeeb16b338b3b804dd77547a') in 0.009 seconds [static and dynamic dependencies]. Details - ImportResultOutputID=0b599ebcf527c564b42516a2e1508798 DependenciesID=0499cfad8bc9bf246e7fe2c99728d3fa StaticDependenciesID=2943cb020c57c62b33aca8f2643ac61c 
Number of updated asset objects reloaded before import = 0
Number of asset objects unloaded after import = 1
========================================================================
Received Import Request.
  Time of request: 2026-08-21T17:33:12.8747362Z
  Time since last request: 0.0008091 seconds.
  importAddress: GUID: 2519400a6db924b22aea200aa1309f53 - Path: Packages/com.unity.visualscripting/Editor/VisualScripting.Core/SerializedProperties - Importer: ScriptedImporter/UnityEditor.QuickSearchModule:UnityEditor.Search:ASIAI0B
Importing 'GUID: 2519400a6db924b22aea200aa1309f53 - Path: Packages/com.unity.visualscripting/Editor/VisualScripting.Core/SerializedProperties - Importer: ScriptedImporter/UnityEditor.QuickSearchModule:UnityEditor.Search:ASIAI0B' with importer (ScriptedImporter : UnityEditor.QuickSearchModule:UnityEditor.Search:ASIAI0B)
Imported 'GUID: 2519400a6db924b22aea200aa1309f53' -> (Import Result ID: 'ebfc26e5f65f8c452d7f93af007c2c2c') in 0.011 seconds [static and dynamic dependencies]. Details - ImportResultOutputID=dde0056a29d21a05b7cbd3950e731eeb DependenciesID=46d4eacc950dc161fe134fe9dc070a7e StaticDependenciesID=9f1940a74d9da8d2d5a9fdd9c19c37ab 
Number of updated asset objects reloaded before import = 0
Number of asset objects unloaded after import = 1
========================================================================
Received Import Request.
  Time of request: 2026-08-21T17:33:12.9060279Z
  Time since last request: 0.0013223 seconds.
  importAddress: GUID: 2da27f5fe80a3a549ac7331d9f52f5f0 - Path: Packages/com.unity.ugui/Editor Resources/Shaders - Importer: ScriptedImporter/UnityEditor.QuickSearchModule:UnityEditor.Search:ASIAI0B
Importing 'GUID: 2da27f5fe80a3a549ac7331d9f52f5f0 - Path: Packages/com.unity.ugui/Editor Resources/Shaders - Importer: ScriptedImporter/UnityEditor.QuickSearchModule:UnityEditor.Search:ASIAI0B' with importer (ScriptedImporter : UnityEditor.QuickSearchModule:UnityEditor.Search:ASIAI0B)
Imported 'GUID: 2da27f5fe80a3a549ac7331d9f52f5f0' -> (Import Result ID: '0bad8e270985ce8306b27e3ee58db1de') in 0.009 seconds [static and dynamic dependencies]. Details - ImportResultOutputID=3d1fba2647106dcf4ddc37113d946a74 DependenciesID=2268e3a0cab80ddc7c91ad506a589c54 StaticDependenciesID=74cf8ce72a67a1bddbe5c080faca4280 
Number of updated asset objects reloaded before import = 0
Number of asset objects unloaded after import = 1
========================================================================
Received Import Request.
  Time of request: 2026-08-21T17:33:12.9336761Z
  Time since last request: 0.0014086 seconds.
  importAddress: GUID: 8697b23ed1b3db0448e2580433ae07d7 - Path: Packages/com.unity.collab-proxy/Editor/Assets/Images - Importer: ScriptedImporter/UnityEditor.QuickSearchModule:UnityEditor.Search:ASIAI0B
Importing 'GUID: 8697b23ed1b3db0448e2580433ae07d7 - Path: Packages/com.unity.collab-proxy/Editor/Assets/Images - Importer: ScriptedImporter/UnityEditor.QuickSearchModule:UnityEditor.Search:ASIAI0B' with importer (ScriptedImporter : UnityEditor.QuickSearchModule:UnityEditor.Search:ASIAI0B)
Imported 'GUID: 8697b23ed1b3db0448e2580433ae07d7' -> (Import Result ID: 'db1e4c797f92d762afb92a79be32d004') in 0.011 seconds [static and dynamic dependencies]. Details - ImportResultOutputID=8043e8f9ac1c26535c2c3b4922252543 DependenciesID=b5be725e86db067c053670535163c63a StaticDependenciesID=e2ddcca02a19615b0987ede543aff86e 
Number of updated asset objects reloaded before import = 0
Number of asset objects unloaded after import = 1
========================================================================
Received Import Request.
  Time of request: 2026-08-21T17:33:12.9653619Z
  Time since last request: 0.00082 seconds.
  importAddress: GUID: 0c30879ae42f70f42987bbf5be6eb7a4 - Path: Packages/com.unity.collab-proxy/Editor/Views/Filters/Date - Importer: ScriptedImporter/UnityEditor.QuickSearchModule:UnityEditor.Search:ASIAI0B
Importing 'GUID: 0c30879ae42f70f42987bbf5be6eb7a4 - Path: Packages/com.unity.collab-proxy/Editor/Views/Filters/Date - Importer: ScriptedImporter/UnityEditor.QuickSearchModule:UnityEditor.Search:ASIAI0B' with importer (ScriptedImporter : UnityEditor.QuickSearchModule:UnityEditor.Search:ASIAI0B)
Imported 'GUID: 0c30879ae42f70f42987bbf5be6eb7a4' -> (Import Result ID: 'c0937a6268e7fea740495c2fdede0147') in 0.016 seconds [static and dynamic dependencies]. Details - ImportResultOutputID=06672098dd8e0a676d0838a567ba63d7 DependenciesID=68509ccd3481947d0ebd398d7fccff71 StaticDependenciesID=89bd2fa22b186debfc88131fad6ca4c9 
Number of updated asset objects reloaded before import = 0
Number of asset objects unloaded after import = 1
========================================================================
Received Import Request.
  Time of request: 2026-08-21T17:33:13.0214573Z
  Time since last request: 0.0008452 seconds.
  importAddress: GUID: 9f8944bd1ba848ab8f95afe7acfb4b79 - Path: Packages/com.unity.inputsystem/InputSystem/Runtime/Utilities/Observables - Importer: ScriptedImporter/UnityEditor.QuickSearchModule:UnityEditor.Search:ASIAI0B
Importing 'GUID: 9f8944bd1ba848ab8f95afe7acfb4b79 - Path: Packages/com.unity.inputsystem/InputSystem/Runtime/Utilities/Observables - Importer: ScriptedImporter/UnityEditor.QuickSearchModule:UnityEditor.Search:ASIAI0B' with importer (ScriptedImporter : UnityEditor.QuickSearchModule:UnityEditor.Search:ASIAI0B)
Imported 'GUID: 9f8944bd1ba848ab8f95afe7acfb4b79' -> (Import Result ID: 'f9b4c3767920f78f17dd9d82f25b20be') in 0.010 seconds [static and dynamic dependencies]. Details - ImportResultOutputID=f07c28ed2284106ed96cf31cd0b2f54f DependenciesID=7dc68acb7c9a3102a5389a344d8f86d6 StaticDependenciesID=c023afafeb168cea57784f712ff29867 
Number of updated asset objects reloaded before import = 0
Number of asset objects unloaded after import = 1
========================================================================
Received Import Request.
  Time of request: 2026-08-21T17:33:13.0598215Z
  Time since last request: 0.0010108 seconds.
  importAddress: GUID: 8e78f8a8575e4a04f8337a54e241cdc5 - Path: Packages/com.unity.ugui/Runtime/UGUI/EventSystem/InputModules - Importer: ScriptedImporter/UnityEditor.QuickSearchModule:UnityEditor.Search:ASIAI0B
Importing 'GUID: 8e78f8a8575e4a04f8337a54e241cdc5 - Path: Packages/com.unity.ugui/Runtime/UGUI/EventSystem/InputModules - Importer: ScriptedImporter/UnityEditor.QuickSearchModule:UnityEditor.Search:ASIAI0B' with importer (ScriptedImporter : UnityEditor.QuickSearchModule:UnityEditor.Search:ASIAI0B)
Imported 'GUID: 8e78f8a8575e4a04f8337a54e241cdc5' -> (Import Result ID: '0542d66ee6779cfd1477d3877c5d09af') in 0.015 seconds [static and dynamic dependencies]. Details - ImportResultOutputID=1068bc34e96f97b1f359854dd9b594ac DependenciesID=d2d279b010d17697942bafd14a494120 StaticDependenciesID=1c603815be817dd2ac58c8d601f6e06e 
Number of updated asset objects reloaded before import = 0
Number of asset objects unloaded after import = 1
========================================================================
Received Import Request.
  Time of request: 2026-08-21T17:33:13.0984895Z
  Time since last request: 0.0002459 seconds.
  importAddress: GUID: 6043c984fc486f646b6686af5208025b - Path: Packages/com.unity.render-pipelines.core/Editor/Lighting/ProbeVolume/RenderingLayerMask - Importer: ScriptedImporter/UnityEditor.QuickSearchModule:UnityEditor.Search:ASIAI0B
Importing 'GUID: 6043c984fc486f646b6686af5208025b - Path: Packages/com.unity.render-pipelines.core/Editor/Lighting/ProbeVolume/RenderingLayerMask - Importer: ScriptedImporter/UnityEditor.QuickSearchModule:UnityEditor.Search:ASIAI0B' with importer (ScriptedImporter : UnityEditor.QuickSearchModule:UnityEditor.Search:ASIAI0B)
Imported 'GUID: 6043c984fc486f646b6686af5208025b' -> (Import Result ID: 'e291e24356a29c092d00038749a07103') in 0.020 seconds [static and dynamic dependencies]. Details - ImportResultOutputID=4f749f6ff32853eaf9217f67bf6b09c0 DependenciesID=37496308114f1e99e43f4e45de00246c StaticDependenciesID=861b8578be9be0ba76c643c9cdc06266 
Number of updated asset objects reloaded before import = 0
Number of asset objects unloaded after import = 1
========================================================================
Received Import Request.
  Time of request: 2026-08-21T17:33:13.1595571Z
  Time since last request: 0.0010862 seconds.
  importAddress: GUID: 02b08905958e34d50b85eaed5a223c45 - Path: Packages/com.unity.visualscripting/DocCodeExamples - Importer: ScriptedImporter/UnityEditor.QuickSearchModule:UnityEditor.Search:ASIAI0B
Importing 'GUID: 02b08905958e34d50b85eaed5a223c45 - Path: Packages/com.unity.visualscripting/DocCodeExamples - Importer: ScriptedImporter/UnityEditor.QuickSearchModule:UnityEditor.Search:ASIAI0B' with importer (ScriptedImporter : UnityEditor.QuickSearchModule:UnityEditor.Search:ASIAI0B)
Imported 'GUID: 02b08905958e34d50b85eaed5a223c45' -> (Import Result ID: '39a490d54e7e611187e8460f6b9e1f4e') in 0.011 seconds [static and dynamic dependencies]. Details - ImportResultOutputID=cf9d4d0e30c3163cfb491aaff994bc3f DependenciesID=2fd7ac3d4f1ac1fb7863fa2257b2096c StaticDependenciesID=67670ab79e2347cc4ab0dc612f4eb83b 
Number of updated asset objects reloaded before import = 0
Number of asset objects unloaded after import = 1
========================================================================
Received Import Request.
  Time of request: 2026-08-21T17:33:13.1867576Z
  Time since last request: 0.0006903 seconds.
  importAddress: GUID: 372699641323414393473220cead670a - Path: Packages/com.unity.render-pipelines.core/Runtime/PathTracing/MaterialPool - Importer: ScriptedImporter/UnityEditor.QuickSearchModule:UnityEditor.Search:ASIAI0B
Importing 'GUID: 372699641323414393473220cead670a - Path: Packages/com.unity.render-pipelines.core/Runtime/PathTracing/MaterialPool - Importer: ScriptedImporter/UnityEditor.QuickSearchModule:UnityEditor.Search:ASIAI0B' with importer (ScriptedImporter : UnityEditor.QuickSearchModule:UnityEditor.Search:ASIAI0B)
Imported 'GUID: 372699641323414393473220cead670a' -> (Import Result ID: 'f9486f78818b39a198718a646832e5a9') in 0.010 seconds [static and dynamic dependencies]. Details - ImportResultOutputID=b842ed8d96562def9a9d022e1c57c17b DependenciesID=4bf102665e89414318692f4e64045175 StaticDependenciesID=fe900213129ac71bdf3517cdbd8940ea 
Number of updated asset objects reloaded before import = 0
Number of asset objects unloaded after import = 1
========================================================================
Received Import Request.
  Time of request: 2026-08-21T17:33:13.2200784Z
  Time since last request: 0.0008107 seconds.
  importAddress: GUID: 86d9084a265d35f4db65c4e31e0b6769 - Path: Packages/com.unity.collab-proxy/Editor/Configuration/CloudEdition/Welcome - Importer: ScriptedImporter/UnityEditor.QuickSearchModule:UnityEditor.Search:ASIAI0B
Importing 'GUID: 86d9084a265d35f4db65c4e31e0b6769 - Path: Packages/com.unity.collab-proxy/Editor/Configuration/CloudEdition/Welcome - Importer: ScriptedImporter/UnityEditor.QuickSearchModule:UnityEditor.Search:ASIAI0B' with importer (ScriptedImporter : UnityEditor.QuickSearchModule:UnityEditor.Search:ASIAI0B)
Imported 'GUID: 86d9084a265d35f4db65c4e31e0b6769' -> (Import Result ID: 'd9b6217b651ac5db2f6a20db2e96c649') in 0.009 seconds [static and dynamic dependencies]. Details - ImportResultOutputID=bddce8895a9a2533d484516c658c1e57 DependenciesID=e688f19f50d10af8d5d720ab61d616a3 StaticDependenciesID=9d227db1f04c27b6e3e7d7653f131ef7 
Number of updated asset objects reloaded before import = 0
Number of asset objects unloaded after import = 1
========================================================================
Received Import Request.
  Time of request: 2026-08-21T17:33:13.2470841Z
  Time since last request: 0.0014362 seconds.
  importAddress: GUID: 5b630b769a2a8aa499ce2d2093f40500 - Path: Packages/com.unity.inputsystem/InputSystem/Editor/ControlPicker/Layouts - Importer: ScriptedImporter/UnityEditor.QuickSearchModule:UnityEditor.Search:ASIAI0B
Importing 'GUID: 5b630b769a2a8aa499ce2d2093f40500 - Path: Packages/com.unity.inputsystem/InputSystem/Editor/ControlPicker/Layouts - Importer: ScriptedImporter/UnityEditor.QuickSearchModule:UnityEditor.Search:ASIAI0B' with importer (ScriptedImporter : UnityEditor.QuickSearchModule:UnityEditor.Search:ASIAI0B)
Imported 'GUID: 5b630b769a2a8aa499ce2d2093f40500' -> (Import Result ID: '01db3cad06decc057fdc0e67249f5c89') in 0.008 seconds [static and dynamic dependencies]. Details - ImportResultOutputID=fa4d940b4f6847a2563ebc6ed25af264 DependenciesID=c28f7914a08daef01b0d1057534f8489 StaticDependenciesID=b5220e93f423743c15568b1d2bf2f999 
Number of updated asset objects reloaded before import = 0
Number of asset objects unloaded after import = 1
========================================================================
Received Import Request.
  Time of request: 2026-08-21T17:33:13.2747697Z
  Time since last request: 0.000116 seconds.
  importAddress: GUID: 6a9fbaa15f2d040cc945c733922cb783 - Path: Packages/com.unity.visualscripting/Editor/VisualScripting.Core/Inspection/Primitives - Importer: ScriptedImporter/UnityEditor.QuickSearchModule:UnityEditor.Search:ASIAI0B
Importing 'GUID: 6a9fbaa15f2d040cc945c733922cb783 - Path: Packages/com.unity.visualscripting/Editor/VisualScripting.Core/Inspection/Primitives - Importer: ScriptedImporter/UnityEditor.QuickSearchModule:UnityEditor.Search:ASIAI0B' with importer (ScriptedImporter : UnityEditor.QuickSearchModule:UnityEditor.Search:ASIAI0B)
Imported 'GUID: 6a9fbaa15f2d040cc945c733922cb783' -> (Import Result ID: '1c92d433b47c9c2b4297286dde314b56') in 0.010 seconds [static and dynamic dependencies]. Details - ImportResultOutputID=03de16bd9a6822512ccc1ec4730e136e DependenciesID=198bd18b637f952b4ed2feb18607a435 StaticDependenciesID=52d3e398d4005ae52b72cdd373920a8f 
Number of updated asset objects reloaded before import = 0
Number of asset objects unloaded after import = 1
========================================================================
Received Import Request.
  Time of request: 2026-08-21T17:33:13.3049988Z
  Time since last request: 0.0008998 seconds.
  importAddress: GUID: e617aa25f4b594e6384a5fc6f35df4fe - Path: Packages/com.unity.collab-proxy - Importer: ScriptedImporter/UnityEditor.QuickSearchModule:UnityEditor.Search:ASIAI0B
Importing 'GUID: e617aa25f4b594e6384a5fc6f35df4fe - Path: Packages/com.unity.collab-proxy - Importer: ScriptedImporter/UnityEditor.QuickSearchModule:UnityEditor.Search:ASIAI0B' with importer (ScriptedImporter : UnityEditor.QuickSearchModule:UnityEditor.Search:ASIAI0B)
Imported 'GUID: e617aa25f4b594e6384a5fc6f35df4fe' -> (Import Result ID: 'e16ac035a0e300b136ad1e3e2998a87d') in 0.008 seconds [static and dynamic dependencies]. Details - ImportResultOutputID=61ebe783c841b200491fc22d646affb2 DependenciesID=9a5b2267f9f00c5ab86390d571b9f9be StaticDependenciesID=e45c30f60f5fd8d6881014ad2980cadf 
Number of updated asset objects reloaded before import = 0
Number of asset objects unloaded after import = 1
========================================================================
Received Import Request.
  Time of request: 2026-08-21T17:33:13.3314725Z
  Time since last request: 0.0008499 seconds.
  importAddress: GUID: bfc8dbcaa9711c945b8fd983b819335d - Path: Packages/com.unity.shadergraph/Editor/Data/Nodes/Math/Matrix - Importer: ScriptedImporter/UnityEditor.QuickSearchModule:UnityEditor.Search:ASIAI0B
Importing 'GUID: bfc8dbcaa9711c945b8fd983b819335d - Path: Packages/com.unity.shadergraph/Editor/Data/Nodes/Math/Matrix - Importer: ScriptedImporter/UnityEditor.QuickSearchModule:UnityEditor.Search:ASIAI0B' with importer (ScriptedImporter : UnityEditor.QuickSearchModule:UnityEditor.Search:ASIAI0B)
Imported 'GUID: bfc8dbcaa9711c945b8fd983b819335d' -> (Import Result ID: '3d7c4a7a177dfaecc45d43f1a2add29c') in 0.008 seconds [static and dynamic dependencies]. Details - ImportResultOutputID=2459acdab708f92fb2d397eb493f1385 DependenciesID=88101fb4046493ec5999f2b2ea47ada0 StaticDependenciesID=1747863c9e3282ffbe1c44e46e632403 
Number of updated asset objects reloaded before import = 0
Number of asset objects unloaded after import = 1
========================================================================
Received Import Request.
  Time of request: 2026-08-21T17:33:13.3621067Z
  Time since last request: 0.0006946 seconds.
  importAddress: GUID: cecb087091caedf48adcc1cd3b0ebd6d - Path: Packages/com.unity.collab-proxy/Editor/Views/CreateWorkspace/Dialogs - Importer: ScriptedImporter/UnityEditor.QuickSearchModule:UnityEditor.Search:ASIAI0B
Importing 'GUID: cecb087091caedf48adcc1cd3b0ebd6d - Path: Packages/com.unity.collab-proxy/Editor/Views/CreateWorkspace/Dialogs - Importer: ScriptedImporter/UnityEditor.QuickSearchModule:UnityEditor.Search:ASIAI0B' with importer (ScriptedImporter : UnityEditor.QuickSearchModule:UnityEditor.Search:ASIAI0B)
Imported 'GUID: cecb087091caedf48adcc1cd3b0ebd6d' -> (Import Result ID: '87205dffbcc7a98df790c8e33a34b7c4') in 0.012 seconds [static and dynamic dependencies]. Details - ImportResultOutputID=02db5b07de39ee09a52ec1ec269332dc DependenciesID=7e8ef8b2bd33d9406f8d329d5a3b7296 StaticDependenciesID=f5007c84d10a2e24cf8057b85a9010b2 
Number of updated asset objects reloaded before import = 0
Number of asset objects unloaded after import = 1
========================================================================
Received Import Request.
  Time of request: 2026-08-21T17:33:13.4221901Z
  Time since last request: 0.0245973 seconds.
  importAddress: GUID: 0082d52fe349b94449238a3d0db01df0 - Path: Packages/com.unity.shadergraph/Editor/Data/Nodes - Importer: ScriptedImporter/UnityEditor.QuickSearchModule:UnityEditor.Search:ASIAI0B
Importing 'GUID: 0082d52fe349b94449238a3d0db01df0 - Path: Packages/com.unity.shadergraph/Editor/Data/Nodes - Importer: ScriptedImporter/UnityEditor.QuickSearchModule:UnityEditor.Search:ASIAI0B' with importer (ScriptedImporter : UnityEditor.QuickSearchModule:UnityEditor.Search:ASIAI0B)
Imported 'GUID: 0082d52fe349b94449238a3d0db01df0' -> (Import Result ID: '3452ba5759f44107588ecf07c09938e8') in 0.007 seconds [static and dynamic dependencies]. Details - ImportResultOutputID=8eab0156399d151841507637ca7a83e8 DependenciesID=df88b4a0a673a534053f45ecd5520fce StaticDependenciesID=4ade8de035a2bcaf7863eefd242dda9b 
Number of updated asset objects reloaded before import = 0
Number of asset objects unloaded after import = 1
========================================================================
Received Import Request.
  Time of request: 2026-08-21T17:33:13.4456887Z
  Time since last request: 0.0014078 seconds.
  importAddress: GUID: 76aa07459e97e401d8d9fb266cb41ff9 - Path: Packages/com.unity.visualscripting/Runtime/VisualScripting.Flow/Framework/Events/Animation - Importer: ScriptedImporter/UnityEditor.QuickSearchModule:UnityEditor.Search:ASIAI0B
Importing 'GUID: 76aa07459e97e401d8d9fb266cb41ff9 - Path: Packages/com.unity.visualscripting/Runtime/VisualScripting.Flow/Framework/Events/Animation - Importer: ScriptedImporter/UnityEditor.QuickSearchModule:UnityEditor.Search:ASIAI0B' with importer (ScriptedImporter : UnityEditor.QuickSearchModule:UnityEditor.Search:ASIAI0B)
Imported 'GUID: 76aa07459e97e401d8d9fb266cb41ff9' -> (Import Result ID: '3d146a1ff3a264b8b946d97f58e6dcd1') in 0.007 seconds [static and dynamic dependencies]. Details - ImportResultOutputID=5af500d68b7902c3f95d162e178594d3 DependenciesID=1a76ff6bead3bafb0e9d014df8800c39 StaticDependenciesID=6080a4845598c4954e7a596dad1a9bb4 
Number of updated asset objects reloaded before import = 0
Number of asset objects unloaded after import = 1
========================================================================
Received Import Request.
  Time of request: 2026-08-21T17:33:13.4729827Z
  Time since last request: 0.0007342 seconds.
  importAddress: GUID: f5415ef8821c020469ee7e810da8b3ff - Path: Packages/com.unity.render-pipelines.core/Editor/CustomRenderTexture - Importer: ScriptedImporter/UnityEditor.QuickSearchModule:UnityEditor.Search:ASIAI0B
Importing 'GUID: f5415ef8821c020469ee7e810da8b3ff - Path: Packages/com.unity.render-pipelines.core/Editor/CustomRenderTexture - Importer: ScriptedImporter/UnityEditor.QuickSearchModule:UnityEditor.Search:ASIAI0B' with importer (ScriptedImporter : UnityEditor.QuickSearchModule:UnityEditor.Search:ASIAI0B)
Imported 'GUID: f5415ef8821c020469ee7e810da8b3ff' -> (Import Result ID: '293d8b01f069b31792f2a9bf9a17122a') in 0.008 seconds [static and dynamic dependencies]. Details - ImportResultOutputID=5cd87e32b76a1f4b0c6f5cc8df0b78c8 DependenciesID=87ad3971c60395d4d156347ffe73e7f5 StaticDependenciesID=afaec7ef719d5601ac737c30cc17af1b 
Number of updated asset objects reloaded before import = 0
Number of asset objects unloaded after import = 1
========================================================================
Received Import Request.
  Time of request: 2026-08-21T17:33:13.5041467Z
  Time since last request: 0.0008639 seconds.
  importAddress: GUID: 709f11a7f3c4041caa4ef136ea32d874 - Path: Assets/Settings - Importer: ScriptedImporter/UnityEditor.QuickSearchModule:UnityEditor.Search:ASIAI0B
Importing 'GUID: 709f11a7f3c4041caa4ef136ea32d874 - Path: Assets/Settings - Importer: ScriptedImporter/UnityEditor.QuickSearchModule:UnityEditor.Search:ASIAI0B' with importer (ScriptedImporter : UnityEditor.QuickSearchModule:UnityEditor.Search:ASIAI0B)
Imported 'GUID: 709f11a7f3c4041caa4ef136ea32d874' -> (Import Result ID: '35d59beb73f3bf58c118512edf1396ff') in 0.008 seconds [static and dynamic dependencies]. Details - ImportResultOutputID=8e1c0350b890d9ac883884a053525c78 DependenciesID=9a75050c5399b49079f7b774afcf4676 StaticDependenciesID=f205b642b1bd52f6303ec089760e1e0b 
Number of updated asset objects reloaded before import = 0
Number of asset objects unloaded after import = 1
========================================================================
Received Import Request.
  Time of request: 2026-08-21T17:33:13.5383706Z
  Time since last request: 0.0009614 seconds.
  importAddress: GUID: 60b56e270d26a0c4fbc0e33fe32113ae - Path: Packages/com.unity.render-pipelines.universal/Editor/ShaderGraph/GraphTemplates - Importer: ScriptedImporter/UnityEditor.QuickSearchModule:UnityEditor.Search:ASIAI0B
Importing 'GUID: 60b56e270d26a0c4fbc0e33fe32113ae - Path: Packages/com.unity.render-pipelines.universal/Editor/ShaderGraph/GraphTemplates - Importer: ScriptedImporter/UnityEditor.QuickSearchModule:UnityEditor.Search:ASIAI0B' with importer (ScriptedImporter : UnityEditor.QuickSearchModule:UnityEditor.Search:ASIAI0B)
Imported 'GUID: 60b56e270d26a0c4fbc0e33fe32113ae' -> (Import Result ID: '7d4171d2d9c89128ef6b53e68d4547cf') in 0.009 seconds [static and dynamic dependencies]. Details - ImportResultOutputID=c8ab111c057a83e1974979d319d30530 DependenciesID=e3a9da7e33f06be958312e9c97e36d0d StaticDependenciesID=e3cf93a0655228a2b10f387babb79085 
Number of updated asset objects reloaded before import = 0
Number of asset objects unloaded after import = 1
========================================================================
Received Import Request.
  Time of request: 2026-08-21T17:33:13.5663773Z
  Time since last request: 0.0006621 seconds.
  importAddress: GUID: ad61ded360bb0784b9301188fc603d6d - Path: Packages/com.unity.inputsystem/InputSystem/Editor/AssetEditor/PackageResources - Importer: ScriptedImporter/UnityEditor.QuickSearchModule:UnityEditor.Search:ASIAI0B
Importing 'GUID: ad61ded360bb0784b9301188fc603d6d - Path: Packages/com.unity.inputsystem/InputSystem/Editor/AssetEditor/PackageResources - Importer: ScriptedImporter/UnityEditor.QuickSearchModule:UnityEditor.Search:ASIAI0B' with importer (ScriptedImporter : UnityEditor.QuickSearchModule:UnityEditor.Search:ASIAI0B)
Imported 'GUID: ad61ded360bb0784b9301188fc603d6d' -> (Import Result ID: '9e1039e37885a9700eab486d1e8eb979') in 0.009 seconds [static and dynamic dependencies]. Details - ImportResultOutputID=7a06ebaa09cd2c101ee58af5375f2084 DependenciesID=68642b55f0754a1bb67566a5a1f6e07a StaticDependenciesID=a156bba3c4d6ef4156a77aa089353d4c 
Number of updated asset objects reloaded before import = 0
Number of asset objects unloaded after import = 1
========================================================================
Received Import Request.
  Time of request: 2026-08-21T17:33:13.5977873Z
  Time since last request: 0.0007829 seconds.
  importAddress: GUID: 51b7ec8ab0194da09e85cb9e71ebb449 - Path: Packages/com.unity.collab-proxy/Editor/Views/Attributes - Importer: ScriptedImporter/UnityEditor.QuickSearchModule:UnityEditor.Search:ASIAI0B
Importing 'GUID: 51b7ec8ab0194da09e85cb9e71ebb449 - Path: Packages/com.unity.collab-proxy/Editor/Views/Attributes - Importer: ScriptedImporter/UnityEditor.QuickSearchModule:UnityEditor.Search:ASIAI0B' with importer (ScriptedImporter : UnityEditor.QuickSearchModule:UnityEditor.Search:ASIAI0B)
Imported 'GUID: 51b7ec8ab0194da09e85cb9e71ebb449' -> (Import Result ID: '4fdebf061ff783547c741f4118fd8381') in 0.009 seconds [static and dynamic dependencies]. Details - ImportResultOutputID=e2caaf41b3441bad7f862ed442272e41 DependenciesID=9caa1c9881850ac1f320a8f7f65f1d56 StaticDependenciesID=2466acfdee434291b29b11cdc7d90674 
Number of updated asset objects reloaded before import = 0
Number of asset objects unloaded after import = 1
========================================================================
Received Import Request.
  Time of request: 2026-08-21T17:33:13.6268727Z
  Time since last request: 0.0010023 seconds.
  importAddress: GUID: 3413d06997203e50844bbf4eca32fce8 - Path: Packages/com.unity.burst/Runtime/Intrinsics/x86 - Importer: ScriptedImporter/UnityEditor.QuickSearchModule:UnityEditor.Search:ASIAI0B
Importing 'GUID: 3413d06997203e50844bbf4eca32fce8 - Path: Packages/com.unity.burst/Runtime/Intrinsics/x86 - Importer: ScriptedImporter/UnityEditor.QuickSearchModule:UnityEditor.Search:ASIAI0B' with importer (ScriptedImporter : UnityEditor.QuickSearchModule:UnityEditor.Search:ASIAI0B)
Imported 'GUID: 3413d06997203e50844bbf4eca32fce8' -> (Import Result ID: '132c0fb59d7fc874b6ec07c236e1daff') in 0.010 seconds [static and dynamic dependencies]. Details - ImportResultOutputID=4a961707db414a68447153c94871ce4d DependenciesID=7003a7045f1f80e0867ff0db5af3eec5 StaticDependenciesID=44ffde571421be07948c78625466824a 
Number of updated asset objects reloaded before import = 0
Number of asset objects unloaded after import = 1
========================================================================
Received Import Request.
  Time of request: 2026-08-21T17:33:13.653206Z
  Time since last request: 0.0008962 seconds.
  importAddress: GUID: ceb47f1768ea33a4984627a59921a4ee - Path: Packages/com.unity.collab-proxy/Editor/Assets/Layouts - Importer: ScriptedImporter/UnityEditor.QuickSearchModule:UnityEditor.Search:ASIAI0B
Importing 'GUID: ceb47f1768ea33a4984627a59921a4ee - Path: Packages/com.unity.collab-proxy/Editor/Assets/Layouts - Importer: ScriptedImporter/UnityEditor.QuickSearchModule:UnityEditor.Search:ASIAI0B' with importer (ScriptedImporter : UnityEditor.QuickSearchModule:UnityEditor.Search:ASIAI0B)
Imported 'GUID: ceb47f1768ea33a4984627a59921a4ee' -> (Import Result ID: '64a7b64e048833b1e9a4e92e672a23bc') in 0.011 seconds [static and dynamic dependencies]. Details - ImportResultOutputID=8e42b3157e108cc644533215b9ee7c49 DependenciesID=887b23f8ab4b0c793768e8839ce3adcb StaticDependenciesID=ba4155012369d9197dfbbfba6c56215a 
Number of updated asset objects reloaded before import = 0
Number of asset objects unloaded after import = 1
========================================================================
Received Import Request.
  Time of request: 2026-08-21T17:33:13.6809636Z
  Time since last request: 0.0009033 seconds.
  importAddress: GUID: 5e726086cd652f82087d59d67d2c24cd - Path: Packages/com.unity.ide.rider/Rider/Editor/Util - Importer: ScriptedImporter/UnityEditor.QuickSearchModule:UnityEditor.Search:ASIAI0B
Importing 'GUID: 5e726086cd652f82087d59d67d2c24cd - Path: Packages/com.unity.ide.rider/Rider/Editor/Util - Importer: ScriptedImporter/UnityEditor.QuickSearchModule:UnityEditor.Search:ASIAI0B' with importer (ScriptedImporter : UnityEditor.QuickSearchModule:UnityEditor.Search:ASIAI0B)
Imported 'GUID: 5e726086cd652f82087d59d67d2c24cd' -> (Import Result ID: '33441c91677474d9e40b1ee2e04615d3') in 0.008 seconds [static and dynamic dependencies]. Details - ImportResultOutputID=32f8993bfa9a60b1dc955b6966b10610 DependenciesID=a03410f202b63790da210c57eabe3995 StaticDependenciesID=017e82bf6a689e9d247e0a28b72d8201 
Number of updated asset objects reloaded before import = 0
Number of asset objects unloaded after import = 1
========================================================================
Received Import Request.
  Time of request: 2026-08-21T17:33:13.7100911Z
  Time since last request: 0.0013221 seconds.
  importAddress: GUID: 6bdd8b5283cb4f24fbd34738bc35e74c - Path: Packages/com.unity.render-pipelines.core/Editor/SampleDependencyImportSystem - Importer: ScriptedImporter/UnityEditor.QuickSearchModule:UnityEditor.Search:ASIAI0B
Importing 'GUID: 6bdd8b5283cb4f24fbd34738bc35e74c - Path: Packages/com.unity.render-pipelines.core/Editor/SampleDependencyImportSystem - Importer: ScriptedImporter/UnityEditor.QuickSearchModule:UnityEditor.Search:ASIAI0B' with importer (ScriptedImporter : UnityEditor.QuickSearchModule:UnityEditor.Search:ASIAI0B)
Imported 'GUID: 6bdd8b5283cb4f24fbd34738bc35e74c' -> (Import Result ID: '4933ba283bf62d8f4a17412e9f80a2e1') in 0.012 seconds [static and dynamic dependencies]. Details - ImportResultOutputID=69b30e54976bba75c768088e044aa65f DependenciesID=8b51a8dc9cacbe7925d35dc361b83351 StaticDependenciesID=8457e84d0c95e588a7e95fc062184309 
Number of updated asset objects reloaded before import = 0
Number of asset objects unloaded after import = 1
========================================================================
Received Import Request.
  Time of request: 2026-08-21T17:33:13.7426017Z
  Time since last request: 0.001091 seconds.
  importAddress: GUID: e5f7648dfb00c83428a633efe7759b19 - Path: Packages/com.unity.render-pipelines.universal/Editor/2D/Resources/SceneViewIcons - Importer: ScriptedImporter/UnityEditor.QuickSearchModule:UnityEditor.Search:ASIAI0B
Importing 'GUID: e5f7648dfb00c83428a633efe7759b19 - Path: Packages/com.unity.render-pipelines.universal/Editor/2D/Resources/SceneViewIcons - Importer: ScriptedImporter/UnityEditor.QuickSearchModule:UnityEditor.Search:ASIAI0B' with importer (ScriptedImporter : UnityEditor.QuickSearchModule:UnityEditor.Search:ASIAI0B)
Imported 'GUID: e5f7648dfb00c83428a633efe7759b19' -> (Import Result ID: 'c9ed49d6906c8b24f0c73d07bf89e723') in 0.009 seconds [static and dynamic dependencies]. Details - ImportResultOutputID=ffad6056b54862e694b2e6101df49ac2 DependenciesID=046de46b75d1132dee408db020528ac4 StaticDependenciesID=ec204e838c579af616567ae1ce4aea0a 
Number of updated asset objects reloaded before import = 0
Number of asset objects unloaded after import = 1
========================================================================
Received Import Request.
  Time of request: 2026-08-21T17:33:13.7750112Z
  Time since last request: 0.0012523 seconds.
  importAddress: GUID: 2f820130c86c28547a0f1a2f4c73155b - Path: Packages/com.unity.ide.visualstudio/Editor/Messaging - Importer: ScriptedImporter/UnityEditor.QuickSearchModule:UnityEditor.Search:ASIAI0B
Importing 'GUID: 2f820130c86c28547a0f1a2f4c73155b - Path: Packages/com.unity.ide.visualstudio/Editor/Messaging - Importer: ScriptedImporter/UnityEditor.QuickSearchModule:UnityEditor.Search:ASIAI0B' with importer (ScriptedImporter : UnityEditor.QuickSearchModule:UnityEditor.Search:ASIAI0B)
Imported 'GUID: 2f820130c86c28547a0f1a2f4c73155b' -> (Import Result ID: '9c31f3817ad20cfcee21f0bc0e0b70e9') in 0.008 seconds [static and dynamic dependencies]. Details - ImportResultOutputID=cb28031131ca1dd4d90c12a6e01e3da7 DependenciesID=ced2d97e97f48c1c9285f83bef4f22ee StaticDependenciesID=beef10b8f4eaffb0a68a81f996f8e18f 
Number of updated asset objects reloaded before import = 0
Number of asset objects unloaded after import = 1
========================================================================
Received Import Request.
  Time of request: 2026-08-21T17:33:13.8050608Z
  Time since last request: 0.0009336 seconds.
  importAddress: GUID: cf708f4598ecacb4986659e317747510 - Path: Packages/com.unity.render-pipelines.universal/Runtime/Settings - Importer: ScriptedImporter/UnityEditor.QuickSearchModule:UnityEditor.Search:ASIAI0B
Importing 'GUID: cf708f4598ecacb4986659e317747510 - Path: Packages/com.unity.render-pipelines.universal/Runtime/Settings - Importer: ScriptedImporter/UnityEditor.QuickSearchModule:UnityEditor.Search:ASIAI0B' with importer (ScriptedImporter : UnityEditor.QuickSearchModule:UnityEditor.Search:ASIAI0B)
Imported 'GUID: cf708f4598ecacb4986659e317747510' -> (Import Result ID: '725c5e97704a79d1b93105c41775311b') in 0.006 seconds [static and dynamic dependencies]. Details - ImportResultOutputID=012a2dc0e2fbb08976f2be768a386bbf DependenciesID=431ed54273b33f9cc47980212353bbc0 StaticDependenciesID=aad6b57099ffba986ed832d7030a238a 
Number of updated asset objects reloaded before import = 0
Number of asset objects unloaded after import = 1
========================================================================
Received Import Request.
  Time of request: 2026-08-21T17:33:13.8335461Z
  Time since last request: 0.0014272 seconds.
  importAddress: GUID: 2018cd81f24ba46748d8b85c8f289f4f - Path: Packages/com.unity.shadergraph/Editor/Data/Nodes/Math/Range - Importer: ScriptedImporter/UnityEditor.QuickSearchModule:UnityEditor.Search:ASIAI0B
Importing 'GUID: 2018cd81f24ba46748d8b85c8f289f4f - Path: Packages/com.unity.shadergraph/Editor/Data/Nodes/Math/Range - Importer: ScriptedImporter/UnityEditor.QuickSearchModule:UnityEditor.Search:ASIAI0B' with importer (ScriptedImporter : UnityEditor.QuickSearchModule:UnityEditor.Search:ASIAI0B)
Imported 'GUID: 2018cd81f24ba46748d8b85c8f289f4f' -> (Import Result ID: 'b27dc18112293e302e7c8f294970798d') in 0.008 seconds [static and dynamic dependencies]. Details - ImportResultOutputID=d0f76a3f3d27c809f3b752b698f2eb98 DependenciesID=3d4145ebe7853af7dc5a1e8ccaa54d40 StaticDependenciesID=26a063c2a0749d4d2eb0c2b9ee275d6f 
Number of updated asset objects reloaded before import = 0
Number of asset objects unloaded after import = 1
========================================================================
Received Import Request.
  Time of request: 2026-08-21T17:33:13.8583242Z
  Time since last request: 0.000726 seconds.
  importAddress: GUID: 7a24ec4b5c3e08e47bf50c8298c1fe0d - Path: Packages/com.unity.timeline/Editor/ControlTrack - Importer: ScriptedImporter/UnityEditor.QuickSearchModule:UnityEditor.Search:ASIAI0B
Importing 'GUID: 7a24ec4b5c3e08e47bf50c8298c1fe0d - Path: Packages/com.unity.timeline/Editor/ControlTrack - Importer: ScriptedImporter/UnityEditor.QuickSearchModule:UnityEditor.Search:ASIAI0B' with importer (ScriptedImporter : UnityEditor.QuickSearchModule:UnityEditor.Search:ASIAI0B)
Imported 'GUID: 7a24ec4b5c3e08e47bf50c8298c1fe0d' -> (Import Result ID: 'a7a03a6f4d23e84102503130ca6986bd') in 0.009 seconds [static and dynamic dependencies]. Details - ImportResultOutputID=d4267e8e64e6a97bc7f051e19a076d97 DependenciesID=bf235eadc86b82b994990bc66fa05b84 StaticDependenciesID=8008f83f66eba8a6ab355f5af050ac26 
Number of updated asset objects reloaded before import = 0
Number of asset objects unloaded after import = 1
========================================================================
Received Import Request.
  Time of request: 2026-08-21T17:33:13.8861054Z
  Time since last request: 0.0011496 seconds.
  importAddress: GUID: 7c101a10484a61c4987f8e1f80775931 - Path: Packages/com.unity.render-pipelines.core/Editor/InternalBridge - Importer: ScriptedImporter/UnityEditor.QuickSearchModule:UnityEditor.Search:ASIAI0B
Importing 'GUID: 7c101a10484a61c4987f8e1f80775931 - Path: Packages/com.unity.render-pipelines.core/Editor/InternalBridge - Importer: ScriptedImporter/UnityEditor.QuickSearchModule:UnityEditor.Search:ASIAI0B' with importer (ScriptedImporter : UnityEditor.QuickSearchModule:UnityEditor.Search:ASIAI0B)
Imported 'GUID: 7c101a10484a61c4987f8e1f80775931' -> (Import Result ID: 'f1bcce4bb4feb15b20ab97da8ba004bc') in 0.007 seconds [static and dynamic dependencies]. Details - ImportResultOutputID=edb3b8d6d6f824e6b871dbda60652e26 DependenciesID=759a7802755abadbc25877e4190b459b StaticDependenciesID=be7e40189e92575f1c1897a9e5ea13e5 
Number of updated asset objects reloaded before import = 0
Number of asset objects unloaded after import = 1
========================================================================
Received Import Request.
  Time of request: 2026-08-21T17:33:13.9090369Z
  Time since last request: 0.0006825 seconds.
  importAddress: GUID: cb6feb90190641c19dce92f09614edd4 - Path: Packages/com.unity.inputsystem/InputSystem/Editor/BuildPipeline - Importer: ScriptedImporter/UnityEditor.QuickSearchModule:UnityEditor.Search:ASIAI0B
Importing 'GUID: cb6feb90190641c19dce92f09614edd4 - Path: Packages/com.unity.inputsystem/InputSystem/Editor/BuildPipeline - Importer: ScriptedImporter/UnityEditor.QuickSearchModule:UnityEditor.Search:ASIAI0B' with importer (ScriptedImporter : UnityEditor.QuickSearchModule:UnityEditor.Search:ASIAI0B)
Imported 'GUID: cb6feb90190641c19dce92f09614edd4' -> (Import Result ID: '7ef723921fb1a1d8cefc21099796836e') in 0.012 seconds [static and dynamic dependencies]. Details - ImportResultOutputID=0f9d20c6726c4d0a0b3dc252ffd8eb4d DependenciesID=e481d1fd0e3735dc734e1b09057d8b74 StaticDependenciesID=2fe6ee844499d745b7fde06fd86c3282 
Number of updated asset objects reloaded before import = 0
Number of asset objects unloaded after import = 1
========================================================================
Received Import Request.
  Time of request: 2026-08-21T17:33:13.9389656Z
  Time since last request: 0.0008796 seconds.
  importAddress: GUID: aa309129cb54440488d6edd8358f5aec - Path: Packages/com.unity.ai.navigation/EditorResources/Overlay - Importer: ScriptedImporter/UnityEditor.QuickSearchModule:UnityEditor.Search:ASIAI0B
Importing 'GUID: aa309129cb54440488d6edd8358f5aec - Path: Packages/com.unity.ai.navigation/EditorResources/Overlay - Importer: ScriptedImporter/UnityEditor.QuickSearchModule:UnityEditor.Search:ASIAI0B' with importer (ScriptedImporter : UnityEditor.QuickSearchModule:UnityEditor.Search:ASIAI0B)
Imported 'GUID: aa309129cb54440488d6edd8358f5aec' -> (Import Result ID: '33aa897b68a05242be7645ab53f8165f') in 0.009 seconds [static and dynamic dependencies]. Details - ImportResultOutputID=851789b66d49dda7264130a10950bd2b DependenciesID=aa2cebd267d31bc71db043de18100820 StaticDependenciesID=7f6ea121da061e3c73d0544d02f81298 
Number of updated asset objects reloaded before import = 0
Number of asset objects unloaded after import = 1
========================================================================
Received Import Request.
  Time of request: 2026-08-21T17:33:13.9644403Z
  Time since last request: 0.0006885 seconds.
  importAddress: GUID: 32bf03fc07b2a4f00adb3eaf74edcdf3 - Path: Packages/com.unity.render-pipelines.universal/Editor/SceneTemplates - Importer: ScriptedImporter/UnityEditor.QuickSearchModule:UnityEditor.Search:ASIAI0B
Importing 'GUID: 32bf03fc07b2a4f00adb3eaf74edcdf3 - Path: Packages/com.unity.render-pipelines.universal/Editor/SceneTemplates - Importer: ScriptedImporter/UnityEditor.QuickSearchModule:UnityEditor.Search:ASIAI0B' with importer (ScriptedImporter : UnityEditor.QuickSearchModule:UnityEditor.Search:ASIAI0B)
Imported 'GUID: 32bf03fc07b2a4f00adb3eaf74edcdf3' -> (Import Result ID: 'c71bfc59b8e688517f682c03f0eb0769') in 0.027 seconds [static and dynamic dependencies]. Details - ImportResultOutputID=452c9fd104c56ae0fdf7a350b45c71cb DependenciesID=5ad4b8a69eafdf3d2e1366c26f25f631 StaticDependenciesID=efe70522165256e04f28ae9ad45a3486 
Number of updated asset objects reloaded before import = 0
Number of asset objects unloaded after import = 1
========================================================================
Received Import Request.
  Time of request: 2026-08-21T17:33:14.00758Z
  Time since last request: 0.003752 seconds.
  importAddress: GUID: 628a36608983fbe49bd5b01cc799f525 - Path: Packages/com.unity.shadergraph/Editor/Drawing - Importer: ScriptedImporter/UnityEditor.QuickSearchModule:UnityEditor.Search:ASIAI0B
Importing 'GUID: 628a36608983fbe49bd5b01cc799f525 - Path: Packages/com.unity.shadergraph/Editor/Drawing - Importer: ScriptedImporter/UnityEditor.QuickSearchModule:UnityEditor.Search:ASIAI0B' with importer (ScriptedImporter : UnityEditor.QuickSearchModule:UnityEditor.Search:ASIAI0B)
Imported 'GUID: 628a36608983fbe49bd5b01cc799f525' -> (Import Result ID: '97cae8eaf8a6ed3628acebe163002294') in 0.010 seconds [static and dynamic dependencies]. Details - ImportResultOutputID=194aba507f847c6bb91bed695ffdadca DependenciesID=7becac2c135c45cdd12b66cb471dd00a StaticDependenciesID=b079ab190409cc6a1fb59a66f3ba8165 
Number of updated asset objects reloaded before import = 0
Number of asset objects unloaded after import = 1
========================================================================
Received Import Request.
  Time of request: 2026-08-21T17:33:14.0445931Z
  Time since last request: 0.000974 seconds.
  importAddress: GUID: c0c170ab616b34944bcd5e75cfcb9d06 - Path: Packages/com.unity.test-framework.performance/Runtime/Measurements - Importer: ScriptedImporter/UnityEditor.QuickSearchModule:UnityEditor.Search:ASIAI0B
Importing 'GUID: c0c170ab616b34944bcd5e75cfcb9d06 - Path: Packages/com.unity.test-framework.performance/Runtime/Measurements - Importer: ScriptedImporter/UnityEditor.QuickSearchModule:UnityEditor.Search:ASIAI0B' with importer (ScriptedImporter : UnityEditor.QuickSearchModule:UnityEditor.Search:ASIAI0B)
Imported 'GUID: c0c170ab616b34944bcd5e75cfcb9d06' -> (Import Result ID: '555389c402b190133ede1db3eb616f4d') in 0.024 seconds [static and dynamic dependencies]. Details - ImportResultOutputID=ad0d338e1d92eff71af679cd51794f96 DependenciesID=292e9e063e589126399d4c01164eb5e4 StaticDependenciesID=5700f650c81a1071f8760c94026ccf82 
Number of updated asset objects reloaded before import = 0
Number of asset objects unloaded after import = 1
========================================================================
Received Import Request.
  Time of request: 2026-08-21T17:33:14.1329052Z
  Time since last request: 0.0011428 seconds.
  importAddress: GUID: 49c274ec850242c88ad13ac57d6ff54c - Path: Packages/com.unity.collab-proxy/Editor/Diff/Purged - Importer: ScriptedImporter/UnityEditor.QuickSearchModule:UnityEditor.Search:ASIAI0B
Importing 'GUID: 49c274ec850242c88ad13ac57d6ff54c - Path: Packages/com.unity.collab-proxy/Editor/Diff/Purged - Importer: ScriptedImporter/UnityEditor.QuickSearchModule:UnityEditor.Search:ASIAI0B' with importer (ScriptedImporter : UnityEditor.QuickSearchModule:UnityEditor.Search:ASIAI0B)
Imported 'GUID: 49c274ec850242c88ad13ac57d6ff54c' -> (Import Result ID: 'b31267d36ae1d0275839dc8a141bba02') in 0.018 seconds [static and dynamic dependencies]. Details - ImportResultOutputID=9a2fdb881c7e25b0ee8aa5f6f30f8d46 DependenciesID=0ad2e15e0589b65cd7d8344d28d1d4e4 StaticDependenciesID=7776604674fbff44c51f6d4c4e70ff52 
Number of updated asset objects reloaded before import = 0
Number of asset objects unloaded after import = 1
========================================================================
Received Import Request.
  Time of request: 2026-08-21T17:33:14.2135982Z
  Time since last request: 0.0008963 seconds.
  importAddress: GUID: 6c7283cd37804624b873fb94203cd307 - Path: Packages/com.unity.render-pipelines.core/Tests/Runtime/Debugging - Importer: ScriptedImporter/UnityEditor.QuickSearchModule:UnityEditor.Search:ASIAI0B
Importing 'GUID: 6c7283cd37804624b873fb94203cd307 - Path: Packages/com.unity.render-pipelines.core/Tests/Runtime/Debugging - Importer: ScriptedImporter/UnityEditor.QuickSearchModule:UnityEditor.Search:ASIAI0B' with importer (ScriptedImporter : UnityEditor.QuickSearchModule:UnityEditor.Search:ASIAI0B)
Imported 'GUID: 6c7283cd37804624b873fb94203cd307' -> (Import Result ID: '02ea80f26e0dcbe5056696318c5d63b8') in 0.014 seconds [static and dynamic dependencies]. Details - ImportResultOutputID=775d5527ee98f8233dca572e0ca6a9af DependenciesID=acafca6b063dbb60d6d5dd47e290d206 StaticDependenciesID=9feb82fd00ac93807d8f64922b919cf4 
Number of updated asset objects reloaded before import = 0
Number of asset objects unloaded after import = 1
========================================================================
Received Import Request.
  Time of request: 2026-08-21T17:33:14.2653274Z
  Time since last request: 0.0047914 seconds.
  importAddress: GUID: 29eafdd9eaae4d7995048ee61cd0b7d2 - Path: Packages/com.unity.test-framework.performance/Runtime/Meters - Importer: ScriptedImporter/UnityEditor.QuickSearchModule:UnityEditor.Search:ASIAI0B
Importing 'GUID: 29eafdd9eaae4d7995048ee61cd0b7d2 - Path: Packages/com.unity.test-framework.performance/Runtime/Meters - Importer: ScriptedImporter/UnityEditor.QuickSearchModule:UnityEditor.Search:ASIAI0B' with importer (ScriptedImporter : UnityEditor.QuickSearchModule:UnityEditor.Search:ASIAI0B)
Imported 'GUID: 29eafdd9eaae4d7995048ee61cd0b7d2' -> (Import Result ID: '1c33296d6d9dc1bbd94941b2d03af3bf') in 0.016 seconds [static and dynamic dependencies]. Details - ImportResultOutputID=45890f75fd53e8816ca6fa83ee8f638e DependenciesID=5aca4ea04f21b45d62f85b857803cc57 StaticDependenciesID=5195abd44a0d7feb2db36ae6a6508790 
Number of updated asset objects reloaded before import = 0
Number of asset objects unloaded after import = 1
========================================================================
Received Import Request.
  Time of request: 2026-08-21T17:33:14.3171375Z
  Time since last request: 0.0012429 seconds.
  importAddress: GUID: 035dcff6677ce4e32a1819046f004e28 - Path: Packages/com.unity.visualscripting/Editor/VisualScripting.Core/Widgets - Importer: ScriptedImporter/UnityEditor.QuickSearchModule:UnityEditor.Search:ASIAI0B
Importing 'GUID: 035dcff6677ce4e32a1819046f004e28 - Path: Packages/com.unity.visualscripting/Editor/VisualScripting.Core/Widgets - Importer: ScriptedImporter/UnityEditor.QuickSearchModule:UnityEditor.Search:ASIAI0B' with importer (ScriptedImporter : UnityEditor.QuickSearchModule:UnityEditor.Search:ASIAI0B)
Imported 'GUID: 035dcff6677ce4e32a1819046f004e28' -> (Import Result ID: '6168ea341e42b70218b75e37d9300728') in 0.012 seconds [static and dynamic dependencies]. Details - ImportResultOutputID=2d7d0d086d1a569ae8d4fb2acd040451 DependenciesID=2b7f525825035502f01b30c281809184 StaticDependenciesID=8658b5f4872163bfb4391d5fda02419a 
Number of updated asset objects reloaded before import = 0
Number of asset objects unloaded after import = 1
========================================================================
Received Import Request.
  Time of request: 2026-08-21T17:33:14.3632703Z
  Time since last request: 0.0010381 seconds.
  importAddress: GUID: de07e00acee5049188d7f5c776e98c91 - Path: Packages/com.unity.render-pipelines.universal/Editor/Tools/Converters - Importer: ScriptedImporter/UnityEditor.QuickSearchModule:UnityEditor.Search:ASIAI0B
Importing 'GUID: de07e00acee5049188d7f5c776e98c91 - Path: Packages/com.unity.render-pipelines.universal/Editor/Tools/Converters - Importer: ScriptedImporter/UnityEditor.QuickSearchModule:UnityEditor.Search:ASIAI0B' with importer (ScriptedImporter : UnityEditor.QuickSearchModule:UnityEditor.Search:ASIAI0B)
Imported 'GUID: de07e00acee5049188d7f5c776e98c91' -> (Import Result ID: 'c24ae13aa879dc6a2db817991e17fe1b') in 0.029 seconds [static and dynamic dependencies]. Details - ImportResultOutputID=0e862157dc621db5692b82e8725bc8b4 DependenciesID=dbf3e51a099b112e0eab9303cab038ff StaticDependenciesID=23a37d44b6cdcc041c2af333a1890989 
Number of updated asset objects reloaded before import = 0
Number of asset objects unloaded after import = 1
========================================================================
Received Import Request.
  Time of request: 2026-08-21T17:33:14.4411649Z
  Time since last request: 0.0014365 seconds.
  importAddress: GUID: 3b0d8ccc2f7184e87956a482fb08d49b - Path: Packages/com.unity.visualscripting/Runtime/VisualScripting.Flow/Framework/Collections - Importer: ScriptedImporter/UnityEditor.QuickSearchModule:UnityEditor.Search:ASIAI0B
Importing 'GUID: 3b0d8ccc2f7184e87956a482fb08d49b - Path: Packages/com.unity.visualscripting/Runtime/VisualScripting.Flow/Framework/Collections - Importer: ScriptedImporter/UnityEditor.QuickSearchModule:UnityEditor.Search:ASIAI0B' with importer (ScriptedImporter : UnityEditor.QuickSearchModule:UnityEditor.Search:ASIAI0B)
Imported 'GUID: 3b0d8ccc2f7184e87956a482fb08d49b' -> (Import Result ID: '4a58764c28d95f8ac8382f365e4aee4c') in 0.027 seconds [static and dynamic dependencies]. Details - ImportResultOutputID=7b4e57655da17ca687a5ca08cb3bd8ea DependenciesID=04b711a076a690a0badb1ce2d8c66cee StaticDependenciesID=437b9ec570c88599617da23f9ba92310 
Number of updated asset objects reloaded before import = 0
Number of asset objects unloaded after import = 1
========================================================================
Received Import Request.
  Time of request: 2026-08-21T17:33:14.5099043Z
  Time since last request: 0.0013438 seconds.
  importAddress: GUID: 1af1a889025ee46828ecc1aee380e197 - Path: Packages/com.unity.visualscripting/Editor/VisualScripting.Core/Platforms - Importer: ScriptedImporter/UnityEditor.QuickSearchModule:UnityEditor.Search:ASIAI0B
Importing 'GUID: 1af1a889025ee46828ecc1aee380e197 - Path: Packages/com.unity.visualscripting/Editor/VisualScripting.Core/Platforms - Importer: ScriptedImporter/UnityEditor.QuickSearchModule:UnityEditor.Search:ASIAI0B' with importer (ScriptedImporter : UnityEditor.QuickSearchModule:UnityEditor.Search:ASIAI0B)
Imported 'GUID: 1af1a889025ee46828ecc1aee380e197' -> (Import Result ID: 'de31cc62f475536a0a049f87bb42865b') in 0.010 seconds [static and dynamic dependencies]. Details - ImportResultOutputID=3a0aac46598a1740f780f64c770011b3 DependenciesID=26d4e922681c324e69de3f91f5dc4bb9 StaticDependenciesID=f9956a26be11f2dbe9b949fc2f3a7c5d 
Number of updated asset objects reloaded before import = 0
Number of asset objects unloaded after import = 1
========================================================================
Received Import Request.
  Time of request: 2026-08-21T17:33:14.5487694Z
  Time since last request: 0.0011225 seconds.
  importAddress: GUID: 77235ff89f4625d44ac5ad118d1913fa - Path: Packages/com.unity.render-pipelines.core/Editor/Lighting/Icons - Importer: ScriptedImporter/UnityEditor.QuickSearchModule:UnityEditor.Search:ASIAI0B
Importing 'GUID: 77235ff89f4625d44ac5ad118d1913fa - Path: Packages/com.unity.render-pipelines.core/Editor/Lighting/Icons - Importer: ScriptedImporter/UnityEditor.QuickSearchModule:UnityEditor.Search:ASIAI0B' with importer (ScriptedImporter : UnityEditor.QuickSearchModule:UnityEditor.Search:ASIAI0B)
Imported 'GUID: 77235ff89f4625d44ac5ad118d1913fa' -> (Import Result ID: '905c69a1c2f75dcb7a3e4407f84a5def') in 0.112 seconds [static and dynamic dependencies]. Details - ImportResultOutputID=e2791112e2701738bf778989aefa2d0b DependenciesID=46a5f87a74fac7ec8f4c6a39f031d271 StaticDependenciesID=da32306c0b15f373ca06c87e57b8c1f7 
Number of updated asset objects reloaded before import = 0
Number of asset objects unloaded after import = 1
========================================================================
Received Import Request.
  Time of request: 2026-08-21T17:33:14.6827967Z
  Time since last request: 0.0007964 seconds.
  importAddress: GUID: 5ba130fc1db953547a50bcf5c162a3e8 - Path: Packages/com.unity.timeline/Editor/Signals/TreeView - Importer: ScriptedImporter/UnityEditor.QuickSearchModule:UnityEditor.Search:ASIAI0B
Importing 'GUID: 5ba130fc1db953547a50bcf5c162a3e8 - Path: Packages/com.unity.timeline/Editor/Signals/TreeView - Importer: ScriptedImporter/UnityEditor.QuickSearchModule:UnityEditor.Search:ASIAI0B' with importer (ScriptedImporter : UnityEditor.QuickSearchModule:UnityEditor.Search:ASIAI0B)
Imported 'GUID: 5ba130fc1db953547a50bcf5c162a3e8' -> (Import Result ID: 'c1f0833a3b1120833f765201ec232c1a') in 0.009 seconds [static and dynamic dependencies]. Details - ImportResultOutputID=e30bafd1adb764e99f3d136970665c44 DependenciesID=6e80a9afae05110d0b8b7b2b622e0c61 StaticDependenciesID=627080c6c98254721a2a19c159a3e2b8 
Number of updated asset objects reloaded before import = 0
Number of asset objects unloaded after import = 1
========================================================================
Received Import Request.
  Time of request: 2026-08-21T17:33:14.7208394Z
  Time since last request: 0.0007839 seconds.
  importAddress: GUID: 1857bdcfefb34a498e359de3fee84b3c - Path: Packages/com.unity.collab-proxy/Editor/Views/BranchExplorer/Zoom - Importer: ScriptedImporter/UnityEditor.QuickSearchModule:UnityEditor.Search:ASIAI0B
Importing 'GUID: 1857bdcfefb34a498e359de3fee84b3c - Path: Packages/com.unity.collab-proxy/Editor/Views/BranchExplorer/Zoom - Importer: ScriptedImporter/UnityEditor.QuickSearchModule:UnityEditor.Search:ASIAI0B' with importer (ScriptedImporter : UnityEditor.QuickSearchModule:UnityEditor.Search:ASIAI0B)
Imported 'GUID: 1857bdcfefb34a498e359de3fee84b3c' -> (Import Result ID: '4c7a9a0a9bcef2dd776fc2c17326575e') in 0.008 seconds [static and dynamic dependencies]. Details - ImportResultOutputID=cc5e6eea78748e0838f5187dd61667b7 DependenciesID=b3e40a69850d065afe5210e992d51248 StaticDependenciesID=3e3381d696b97d0bb926d60e71ed932f 
Number of updated asset objects reloaded before import = 0
Number of asset objects unloaded after import = 1
========================================================================
Received Import Request.
  Time of request: 2026-08-21T17:33:14.7549484Z
  Time since last request: 0.0008275 seconds.
  importAddress: GUID: 0660d0bf211d87048b02c8eca725dee2 - Path: Packages/com.unity.render-pipelines.universal/Editor/DefaultScene - Importer: ScriptedImporter/UnityEditor.QuickSearchModule:UnityEditor.Search:ASIAI0B
Importing 'GUID: 0660d0bf211d87048b02c8eca725dee2 - Path: Packages/com.unity.render-pipelines.universal/Editor/DefaultScene - Importer: ScriptedImporter/UnityEditor.QuickSearchModule:UnityEditor.Search:ASIAI0B' with importer (ScriptedImporter : UnityEditor.QuickSearchModule:UnityEditor.Search:ASIAI0B)
Imported 'GUID: 0660d0bf211d87048b02c8eca725dee2' -> (Import Result ID: '3792fef9991c35330d6d4eb7a6d5263c') in 0.010 seconds [static and dynamic dependencies]. Details - ImportResultOutputID=bb63f1f073ede75c0ceceddb35700692 DependenciesID=cc5ecff5ff88d7b12649a2c8c01b0d4a StaticDependenciesID=03e808c48b0fa316ce0c983d189d9e91 
Number of updated asset objects reloaded before import = 0
Number of asset objects unloaded after import = 1
========================================================================
Received Import Request.
  Time of request: 2026-08-21T17:33:14.790863Z
  Time since last request: 0.0012378 seconds.
  importAddress: GUID: f4a59cc4167794c82ac20fc006059f15 - Path: Packages/com.unity.visualscripting/Editor/VisualScripting.Flow/Plugin/Changelogs - Importer: ScriptedImporter/UnityEditor.QuickSearchModule:UnityEditor.Search:ASIAI0B
Importing 'GUID: f4a59cc4167794c82ac20fc006059f15 - Path: Packages/com.unity.visualscripting/Editor/VisualScripting.Flow/Plugin/Changelogs - Importer: ScriptedImporter/UnityEditor.QuickSearchModule:UnityEditor.Search:ASIAI0B' with importer (ScriptedImporter : UnityEditor.QuickSearchModule:UnityEditor.Search:ASIAI0B)
Imported 'GUID: f4a59cc4167794c82ac20fc006059f15' -> (Import Result ID: '265cb8811966cf242c40275f63463402') in 0.012 seconds [static and dynamic dependencies]. Details - ImportResultOutputID=5ab4e0af7a2f8adf26efe0da6e384764 DependenciesID=dd74cdfe12ede6f752193bb02d39143f StaticDependenciesID=2f0785663f75e0981d3cd4dabc15b165 
Number of updated asset objects reloaded before import = 0
Number of asset objects unloaded after import = 1
========================================================================
Received Import Request.
  Time of request: 2026-08-21T17:33:14.8548786Z
  Time since last request: 0.0223292 seconds.
  importAddress: GUID: 99ecf45f0f3a0df48a6c4e7128c4e5cb - Path: Packages/com.unity.render-pipelines.core/Runtime/GPUDriven/Culling - Importer: ScriptedImporter/UnityEditor.QuickSearchModule:UnityEditor.Search:ASIAI0B
Importing 'GUID: 99ecf45f0f3a0df48a6c4e7128c4e5cb - Path: Packages/com.unity.render-pipelines.core/Runtime/GPUDriven/Culling - Importer: ScriptedImporter/UnityEditor.QuickSearchModule:UnityEditor.Search:ASIAI0B' with importer (ScriptedImporter : UnityEditor.QuickSearchModule:UnityEditor.Search:ASIAI0B)
Imported 'GUID: 99ecf45f0f3a0df48a6c4e7128c4e5cb' -> (Import Result ID: '48ad3c0e57c5a901bfdba229e37327f5') in 0.013 seconds [static and dynamic dependencies]. Details - ImportResultOutputID=f99007a03087aa9409265e2b601a035e DependenciesID=aa622bfc536092137e0f78e9f750eed9 StaticDependenciesID=080d00a67c7611e25641ecbc76e5f31a 
Number of updated asset objects reloaded before import = 0
Number of asset objects unloaded after import = 1
========================================================================
Received Import Request.
  Time of request: 2026-08-21T17:33:14.892117Z
  Time since last request: 0.0030616 seconds.
  importAddress: GUID: fdd990452ab694aa89fff386af33e5d1 - Path: Packages/com.unity.visualscripting/Editor/VisualScripting.Flow/Plugin - Importer: ScriptedImporter/UnityEditor.QuickSearchModule:UnityEditor.Search:ASIAI0B
Importing 'GUID: fdd990452ab694aa89fff386af33e5d1 - Path: Packages/com.unity.visualscripting/Editor/VisualScripting.Flow/Plugin - Importer: ScriptedImporter/UnityEditor.QuickSearchModule:UnityEditor.Search:ASIAI0B' with importer (ScriptedImporter : UnityEditor.QuickSearchModule:UnityEditor.Search:ASIAI0B)
Imported 'GUID: fdd990452ab694aa89fff386af33e5d1' -> (Import Result ID: 'd5c8b9fa9ad88de29afcdacb0f908989') in 0.025 seconds [static and dynamic dependencies]. Details - ImportResultOutputID=f4b6617ba4073df74a27ecfd709f256a DependenciesID=5c38d578653efa75ae95fb45ea580fb6 StaticDependenciesID=7288a260eac5227ca3586210cc376150 
Number of updated asset objects reloaded before import = 0
Number of asset objects unloaded after import = 1
========================================================================
Received Import Request.
  Time of request: 2026-08-21T17:33:14.9470816Z
  Time since last request: 0.0038212 seconds.
  importAddress: GUID: f1c1e9b3951e340e48a3d2c037d6f48b - Path: Packages/com.unity.inputsystem/Tests - Importer: ScriptedImporter/UnityEditor.QuickSearchModule:UnityEditor.Search:ASIAI0B
Importing 'GUID: f1c1e9b3951e340e48a3d2c037d6f48b - Path: Packages/com.unity.inputsystem/Tests - Importer: ScriptedImporter/UnityEditor.QuickSearchModule:UnityEditor.Search:ASIAI0B' with importer (ScriptedImporter : UnityEditor.QuickSearchModule:UnityEditor.Search:ASIAI0B)
Imported 'GUID: f1c1e9b3951e340e48a3d2c037d6f48b' -> (Import Result ID: 'ebc7b3b4fb3c8e13f072518950cc0b2a') in 0.019 seconds [static and dynamic dependencies]. Details - ImportResultOutputID=aed288288abd980e9ce3473120071240 DependenciesID=180812e3d754ca55b665699bc75cce11 StaticDependenciesID=d659c49022c59b7d2f7f8110561a38d0 
Number of updated asset objects reloaded before import = 0
Number of asset objects unloaded after import = 1
========================================================================
Received Import Request.
  Time of request: 2026-08-21T17:33:15.0135227Z
  Time since last request: 0.0061419 seconds.
  importAddress: GUID: 7f30cfcca642c3443b4ccd31e9a872ca - Path: Packages/com.unity.render-pipelines.universal/Editor/Analytics - Importer: ScriptedImporter/UnityEditor.QuickSearchModule:UnityEditor.Search:ASIAI0B
Importing 'GUID: 7f30cfcca642c3443b4ccd31e9a872ca - Path: Packages/com.unity.render-pipelines.universal/Editor/Analytics - Importer: ScriptedImporter/UnityEditor.QuickSearchModule:UnityEditor.Search:ASIAI0B' with importer (ScriptedImporter : UnityEditor.QuickSearchModule:UnityEditor.Search:ASIAI0B)
Imported 'GUID: 7f30cfcca642c3443b4ccd31e9a872ca' -> (Import Result ID: '97456b3db3b3ff87a780f77eea35c20d') in 0.009 seconds [static and dynamic dependencies]. Details - ImportResultOutputID=c0102f10e3c40dd8210f6c2cf46d7b84 DependenciesID=45eea29feb4d29400c499e7db8bb2d6f StaticDependenciesID=7a4a0c010278d8e2ead7d27b88707d7e 
Number of updated asset objects reloaded before import = 0
Number of asset objects unloaded after import = 1
========================================================================
Received Import Request.
  Time of request: 2026-08-21T17:33:15.0412673Z
  Time since last request: 0.001207 seconds.
  importAddress: GUID: d549366794d73f618193482d7f40ae75 - Path: Packages/com.unity.burst/Runtime/CompilerServices - Importer: ScriptedImporter/UnityEditor.QuickSearchModule:UnityEditor.Search:ASIAI0B
Importing 'GUID: d549366794d73f618193482d7f40ae75 - Path: Packages/com.unity.burst/Runtime/CompilerServices - Importer: ScriptedImporter/UnityEditor.QuickSearchModule:UnityEditor.Search:ASIAI0B' with importer (ScriptedImporter : UnityEditor.QuickSearchModule:UnityEditor.Search:ASIAI0B)
Imported 'GUID: d549366794d73f618193482d7f40ae75' -> (Import Result ID: '498cb13bdc71ece3b9c3da466ae6630f') in 0.009 seconds [static and dynamic dependencies]. Details - ImportResultOutputID=ce6a610c330652d51c25573280c09820 DependenciesID=e8edddbf5016e27939b7e29eb57f85eb StaticDependenciesID=37b65db53b19e9239c388ebf52883ba3 
Number of updated asset objects reloaded before import = 0
Number of asset objects unloaded after import = 1
========================================================================
Received Import Request.
  Time of request: 2026-08-21T17:33:15.073205Z
  Time since last request: 0.0009456 seconds.
  importAddress: GUID: e50f8b9234b76f74d82582452a467f57 - Path: Packages/com.unity.visualscripting/Runtime/VisualScripting.Flow - Importer: ScriptedImporter/UnityEditor.QuickSearchModule:UnityEditor.Search:ASIAI0B
Importing 'GUID: e50f8b9234b76f74d82582452a467f57 - Path: Packages/com.unity.visualscripting/Runtime/VisualScripting.Flow - Importer: ScriptedImporter/UnityEditor.QuickSearchModule:UnityEditor.Search:ASIAI0B' with importer (ScriptedImporter : UnityEditor.QuickSearchModule:UnityEditor.Search:ASIAI0B)
Imported 'GUID: e50f8b9234b76f74d82582452a467f57' -> (Import Result ID: '18e1ba5fba4f8984689eb0410ba6e2ce') in 0.013 seconds [static and dynamic dependencies]. Details - ImportResultOutputID=ef4efa8e95fd8f0c041baac8043514c2 DependenciesID=2317f94a86190c545a02918f24237e2b StaticDependenciesID=cfe05e8a451c3f00263ea7e0475de1d7 
Number of updated asset objects reloaded before import = 0
Number of asset objects unloaded after import = 1
========================================================================
Received Import Request.
  Time of request: 2026-08-21T17:33:15.1084631Z
  Time since last request: 0.001079 seconds.
  importAddress: GUID: 00b78da5a2abda548bce3022822ebb7f - Path: Packages/com.unity.render-pipelines.universal/Editor/BuildProcessors - Importer: ScriptedImporter/UnityEditor.QuickSearchModule:UnityEditor.Search:ASIAI0B
Importing 'GUID: 00b78da5a2abda548bce3022822ebb7f - Path: Packages/com.unity.render-pipelines.universal/Editor/BuildProcessors - Importer: ScriptedImporter/UnityEditor.QuickSearchModule:UnityEditor.Search:ASIAI0B' with importer (ScriptedImporter : UnityEditor.QuickSearchModule:UnityEditor.Search:ASIAI0B)
Imported 'GUID: 00b78da5a2abda548bce3022822ebb7f' -> (Import Result ID: '6b1e2a90469b04b9c9d0134bfef98379') in 0.013 seconds [static and dynamic dependencies]. Details - ImportResultOutputID=9f6a218144026162630b1941ca1fb8fc DependenciesID=a2e76256f310b4b3285bd130cbb2fe9d StaticDependenciesID=85669d13c1fd4b051732c9197eecbc00 
Number of updated asset objects reloaded before import = 0
Number of asset objects unloaded after import = 1
========================================================================
Received Import Request.
  Time of request: 2026-08-21T17:33:15.1643818Z
  Time since last request: 0.0009423 seconds.
  importAddress: GUID: b9d7bb79ed0c2854a8a5ed7decc3e44f - Path: Packages/com.unity.timeline/Editor/Window/ViewModel - Importer: ScriptedImporter/UnityEditor.QuickSearchModule:UnityEditor.Search:ASIAI0B
Importing 'GUID: b9d7bb79ed0c2854a8a5ed7decc3e44f - Path: Packages/com.unity.timeline/Editor/Window/ViewModel - Importer: ScriptedImporter/UnityEditor.QuickSearchModule:UnityEditor.Search:ASIAI0B' with importer (ScriptedImporter : UnityEditor.QuickSearchModule:UnityEditor.Search:ASIAI0B)
Imported 'GUID: b9d7bb79ed0c2854a8a5ed7decc3e44f' -> (Import Result ID: 'cf52e9353e7fcd6348abc5d54bd5adba') in 0.012 seconds [static and dynamic dependencies]. Details - ImportResultOutputID=570a9105e61aba05d802b261931b394a DependenciesID=c3589b6702a9ea6804ad0bcab60a0224 StaticDependenciesID=1874d7e871694cc5f0dfc34be1f9e8af 
Number of updated asset objects reloaded before import = 0
Number of asset objects unloaded after import = 1
========================================================================
Received Import Request.
  Time of request: 2026-08-21T17:33:15.2007783Z
  Time since last request: 0.0020471 seconds.
  importAddress: GUID: 6c61ba0c209bcc74f83e3650039ebdf9 - Path: Packages/com.unity.timeline/Runtime/Extensions - Importer: ScriptedImporter/UnityEditor.QuickSearchModule:UnityEditor.Search:ASIAI0B
Importing 'GUID: 6c61ba0c209bcc74f83e3650039ebdf9 - Path: Packages/com.unity.timeline/Runtime/Extensions - Importer: ScriptedImporter/UnityEditor.QuickSearchModule:UnityEditor.Search:ASIAI0B' with importer (ScriptedImporter : UnityEditor.QuickSearchModule:UnityEditor.Search:ASIAI0B)
Imported 'GUID: 6c61ba0c209bcc74f83e3650039ebdf9' -> (Import Result ID: '73745feee41c9e2d035d04456114b67b') in 0.009 seconds [static and dynamic dependencies]. Details - ImportResultOutputID=e512fce5cb027b8a1abc98642857772c DependenciesID=4b4a2ad4958f53b4a4ffaac67c268c83 StaticDependenciesID=1b7d2ee77e5e1c1f634515b557073da5 
Number of updated asset objects reloaded before import = 0
Number of asset objects unloaded after import = 1
========================================================================
Received Import Request.
  Time of request: 2026-08-21T17:33:15.2278191Z
  Time since last request: 0.0011603 seconds.
  importAddress: GUID: e93ec7eb6de342aabd156833e253f838 - Path: Packages/com.unity.ugui/Editor Resources/Gizmos - Importer: ScriptedImporter/UnityEditor.QuickSearchModule:UnityEditor.Search:ASIAI0B
Importing 'GUID: e93ec7eb6de342aabd156833e253f838 - Path: Packages/com.unity.ugui/Editor Resources/Gizmos - Importer: ScriptedImporter/UnityEditor.QuickSearchModule:UnityEditor.Search:ASIAI0B' with importer (ScriptedImporter : UnityEditor.QuickSearchModule:UnityEditor.Search:ASIAI0B)
Imported 'GUID: e93ec7eb6de342aabd156833e253f838' -> (Import Result ID: '2d39cde269c24defb74d6f3c9c0da3cc') in 0.006 seconds [static and dynamic dependencies]. Details - ImportResultOutputID=7947b023d871c954768d85ffa0b07204 DependenciesID=ebb78644bb27572cfd059b3bb1cb9b88 StaticDependenciesID=657f2c7a662a493f1338e444ffd6a125 
Number of updated asset objects reloaded before import = 0
Number of asset objects unloaded after import = 1
========================================================================
Received Import Request.
  Time of request: 2026-08-21T17:33:15.2520946Z
  Time since last request: 0.0008196 seconds.
  importAddress: GUID: f4d6d4aaf7f25a14fb15dabc0b24d7ef - Path: Packages/com.unity.shadergraph/Editor/Resources/Icons - Importer: ScriptedImporter/UnityEditor.QuickSearchModule:UnityEditor.Search:ASIAI0B
Importing 'GUID: f4d6d4aaf7f25a14fb15dabc0b24d7ef - Path: Packages/com.unity.shadergraph/Editor/Resources/Icons - Importer: ScriptedImporter/UnityEditor.QuickSearchModule:UnityEditor.Search:ASIAI0B' with importer (ScriptedImporter : UnityEditor.QuickSearchModule:UnityEditor.Search:ASIAI0B)
Imported 'GUID: f4d6d4aaf7f25a14fb15dabc0b24d7ef' -> (Import Result ID: 'd08958be53f8a5eddc8d8be97cfd0213') in 0.009 seconds [static and dynamic dependencies]. Details - ImportResultOutputID=6ad9737ac1799b9ba2ed766e62483789 DependenciesID=92060b4264789726c29fd74081722e45 StaticDependenciesID=e37e2d2ca5bbc97b685a8c15134c0974 
Number of updated asset objects reloaded before import = 0
Number of asset objects unloaded after import = 1
========================================================================
Received Import Request.
  Time of request: 2026-08-21T17:33:15.2780065Z
  Time since last request: 0.0008618 seconds.
  importAddress: GUID: 3dfa3c8fac2134fdda65f882f5a1a014 - Path: Packages/com.unity.visualscripting/Editor/SettingsProvider - Importer: ScriptedImporter/UnityEditor.QuickSearchModule:UnityEditor.Search:ASIAI0B
Importing 'GUID: 3dfa3c8fac2134fdda65f882f5a1a014 - Path: Packages/com.unity.visualscripting/Editor/SettingsProvider - Importer: ScriptedImporter/UnityEditor.QuickSearchModule:UnityEditor.Search:ASIAI0B' with importer (ScriptedImporter : UnityEditor.QuickSearchModule:UnityEditor.Search:ASIAI0B)
Imported 'GUID: 3dfa3c8fac2134fdda65f882f5a1a014' -> (Import Result ID: '1e03261777b66478c03acf24daa82883') in 0.009 seconds [static and dynamic dependencies]. Details - ImportResultOutputID=40671eb25956cdb735db2846ab084005 DependenciesID=691e18a3e45c933f9c1040937bd6a618 StaticDependenciesID=8cdd7417861629b6cbfd4827d50d3b77 
Number of updated asset objects reloaded before import = 0
Number of asset objects unloaded after import = 1
========================================================================
Received Import Request.
  Time of request: 2026-08-21T17:33:15.3096767Z
  Time since last request: 0.0016761 seconds.
  importAddress: GUID: 9d61905c380b4494aa47078da9f0e4f9 - Path: Packages/com.unity.visualscripting/Runtime/VisualScripting.Core/Reflection - Importer: ScriptedImporter/UnityEditor.QuickSearchModule:UnityEditor.Search:ASIAI0B
Importing 'GUID: 9d61905c380b4494aa47078da9f0e4f9 - Path: Packages/com.unity.visualscripting/Runtime/VisualScripting.Core/Reflection - Importer: ScriptedImporter/UnityEditor.QuickSearchModule:UnityEditor.Search:ASIAI0B' with importer (ScriptedImporter : UnityEditor.QuickSearchModule:UnityEditor.Search:ASIAI0B)
Imported 'GUID: 9d61905c380b4494aa47078da9f0e4f9' -> (Import Result ID: '8077ed1c38a3a42410c87e93b75fc4a0') in 0.009 seconds [static and dynamic dependencies]. Details - ImportResultOutputID=d6c73f8e78efda96278ab30e55295b4e DependenciesID=3119766866d894db73b513620864172c StaticDependenciesID=28e19a09bd4a7f6de757ca00984bd40e 
Number of updated asset objects reloaded before import = 0
Number of asset objects unloaded after import = 1
========================================================================
Received Import Request.
  Time of request: 2026-08-21T17:33:15.3378547Z
  Time since last request: 0.0009835 seconds.
  importAddress: GUID: 9f9a42fd802a4b144b2d7b1a4f4a0463 - Path: Packages/com.unity.render-pipelines.core/Editor/Lighting/Shadow - Importer: ScriptedImporter/UnityEditor.QuickSearchModule:UnityEditor.Search:ASIAI0B
Importing 'GUID: 9f9a42fd802a4b144b2d7b1a4f4a0463 - Path: Packages/com.unity.render-pipelines.core/Editor/Lighting/Shadow - Importer: ScriptedImporter/UnityEditor.QuickSearchModule:UnityEditor.Search:ASIAI0B' with importer (ScriptedImporter : UnityEditor.QuickSearchModule:UnityEditor.Search:ASIAI0B)
Imported 'GUID: 9f9a42fd802a4b144b2d7b1a4f4a0463' -> (Import Result ID: '6152694c1d42b9bf0fc7fb6fb5bcc921') in 0.008 seconds [static and dynamic dependencies]. Details - ImportResultOutputID=11a775e7acfee29ea468e2b71310cf0b DependenciesID=b166e796b5cfc36884587fe410e737b7 StaticDependenciesID=6111b0cb3294f764e0e5b602ce3468b8 
Number of updated asset objects reloaded before import = 0
Number of asset objects unloaded after import = 1
========================================================================
Received Import Request.
  Time of request: 2026-08-21T17:33:15.3654721Z
  Time since last request: 0.0010467 seconds.
  importAddress: GUID: f78c50a65bb1b22409719a84b48ff794 - Path: Packages/com.unity.shadergraph/Editor/Generation/Data - Importer: ScriptedImporter/UnityEditor.QuickSearchModule:UnityEditor.Search:ASIAI0B
Importing 'GUID: f78c50a65bb1b22409719a84b48ff794 - Path: Packages/com.unity.shadergraph/Editor/Generation/Data - Importer: ScriptedImporter/UnityEditor.QuickSearchModule:UnityEditor.Search:ASIAI0B' with importer (ScriptedImporter : UnityEditor.QuickSearchModule:UnityEditor.Search:ASIAI0B)
Imported 'GUID: f78c50a65bb1b22409719a84b48ff794' -> (Import Result ID: 'f8dfbe46813d8b833f5568cbe7b588dc') in 0.010 seconds [static and dynamic dependencies]. Details - ImportResultOutputID=d902db83a38be03e543f95b78578dd09 DependenciesID=2688ed31ecd0399220e9991e28c76a5c StaticDependenciesID=9e60f0101567b8e8d5f5020fbde1a109 
Number of updated asset objects reloaded before import = 0
Number of asset objects unloaded after import = 1
========================================================================
Received Import Request.
  Time of request: 2026-08-21T17:33:15.3941009Z
  Time since last request: 0.0015079 seconds.
  importAddress: GUID: e349610bc4b1546dd94c6dab37414d2b - Path: Packages/com.unity.inputsystem/Tests/TestFixture - Importer: ScriptedImporter/UnityEditor.QuickSearchModule:UnityEditor.Search:ASIAI0B
Importing 'GUID: e349610bc4b1546dd94c6dab37414d2b - Path: Packages/com.unity.inputsystem/Tests/TestFixture - Importer: ScriptedImporter/UnityEditor.QuickSearchModule:UnityEditor.Search:ASIAI0B' with importer (ScriptedImporter : UnityEditor.QuickSearchModule:UnityEditor.Search:ASIAI0B)
Imported 'GUID: e349610bc4b1546dd94c6dab37414d2b' -> (Import Result ID: '845b5884e5055c4d150c0428698f1890') in 0.006 seconds [static and dynamic dependencies]. Details - ImportResultOutputID=db5a0daba079723da0aa742dbb3e548b DependenciesID=ebe96fd2a1523f599f5b48b275715f9a StaticDependenciesID=09d29319c3ab5896e1795208dbe96770 
Number of updated asset objects reloaded before import = 0
Number of asset objects unloaded after import = 1
========================================================================
Received Import Request.
  Time of request: 2026-08-21T17:33:15.4202654Z
  Time since last request: 0.0010363 seconds.
  importAddress: GUID: 837c8a5059e05e74f8f9b8cbb40c6fa1 - Path: Packages/com.unity.render-pipelines.core/Runtime/Sampling/Textures - Importer: ScriptedImporter/UnityEditor.QuickSearchModule:UnityEditor.Search:ASIAI0B
Importing 'GUID: 837c8a5059e05e74f8f9b8cbb40c6fa1 - Path: Packages/com.unity.render-pipelines.core/Runtime/Sampling/Textures - Importer: ScriptedImporter/UnityEditor.QuickSearchModule:UnityEditor.Search:ASIAI0B' with importer (ScriptedImporter : UnityEditor.QuickSearchModule:UnityEditor.Search:ASIAI0B)
Imported 'GUID: 837c8a5059e05e74f8f9b8cbb40c6fa1' -> (Import Result ID: 'de013b95d1e7a270545d801f75763b00') in 0.008 seconds [static and dynamic dependencies]. Details - ImportResultOutputID=9bc1262a231f5e7719d293c7f7f79788 DependenciesID=27f8dbb1d1cfb21fc81771b11e9e5c5c StaticDependenciesID=40c55bcfa9657ede921c5cd722fe84df 
Number of updated asset objects reloaded before import = 0
Number of asset objects unloaded after import = 1
========================================================================
Received Import Request.
  Time of request: 2026-08-21T17:33:15.446894Z
  Time since last request: 0.0004709 seconds.
  importAddress: GUID: 662cc5e740e0841e1bb91853ab803f33 - Path: Packages/com.unity.visualscripting/Editor/VisualScripting.Core/Assignment - Importer: ScriptedImporter/UnityEditor.QuickSearchModule:UnityEditor.Search:ASIAI0B
Importing 'GUID: 662cc5e740e0841e1bb91853ab803f33 - Path: Packages/com.unity.visualscripting/Editor/VisualScripting.Core/Assignment - Importer: ScriptedImporter/UnityEditor.QuickSearchModule:UnityEditor.Search:ASIAI0B' with importer (ScriptedImporter : UnityEditor.QuickSearchModule:UnityEditor.Search:ASIAI0B)
Imported 'GUID: 662cc5e740e0841e1bb91853ab803f33' -> (Import Result ID: '4779ab4beeb73142829e638826022c40') in 0.008 seconds [static and dynamic dependencies]. Details - ImportResultOutputID=1430e71705ec7ca78242d5804d54a8c0 DependenciesID=ae25cea671e1848075e3a819ff9d7caa StaticDependenciesID=37d46861db622a9b181e1cbec57ff49d 
Number of updated asset objects reloaded before import = 0
Number of asset objects unloaded after import = 1
========================================================================
Received Import Request.
  Time of request: 2026-08-21T17:33:15.4753401Z
  Time since last request: 0.0004815 seconds.
  importAddress: GUID: 5361c774211d0234c94d0161651a5407 - Path: Packages/com.unity.render-pipelines.universal/Editor/2D/Converter - Importer: ScriptedImporter/UnityEditor.QuickSearchModule:UnityEditor.Search:ASIAI0B
Importing 'GUID: 5361c774211d0234c94d0161651a5407 - Path: Packages/com.unity.render-pipelines.universal/Editor/2D/Converter - Importer: ScriptedImporter/UnityEditor.QuickSearchModule:UnityEditor.Search:ASIAI0B' with importer (ScriptedImporter : UnityEditor.QuickSearchModule:UnityEditor.Search:ASIAI0B)
Imported 'GUID: 5361c774211d0234c94d0161651a5407' -> (Import Result ID: '40263f9a5e7e7c3422437413f2cd1889') in 0.008 seconds [static and dynamic dependencies]. Details - ImportResultOutputID=708a64ec41688c1d5912100612f2570d DependenciesID=d89f9b7afd92f54f493e3c89f26bf4e3 StaticDependenciesID=f08ffb540e397fc341160c17bad4558a 
Number of updated asset objects reloaded before import = 0
Number of asset objects unloaded after import = 1
========================================================================
Received Import Request.
  Time of request: 2026-08-21T17:33:15.5031346Z
  Time since last request: 0.0004744 seconds.
  importAddress: GUID: 67e9c6cf60c57a54f9f4db1bc33fd2e3 - Path: Packages/com.unity.timeline/Editor/Manipulators/Utils - Importer: ScriptedImporter/UnityEditor.QuickSearchModule:UnityEditor.Search:ASIAI0B
Importing 'GUID: 67e9c6cf60c57a54f9f4db1bc33fd2e3 - Path: Packages/com.unity.timeline/Editor/Manipulators/Utils - Importer: ScriptedImporter/UnityEditor.QuickSearchModule:UnityEditor.Search:ASIAI0B' with importer (ScriptedImporter : UnityEditor.QuickSearchModule:UnityEditor.Search:ASIAI0B)
Imported 'GUID: 67e9c6cf60c57a54f9f4db1bc33fd2e3' -> (Import Result ID: 'ed0a818d1a08f904dd2336ba82a7f72b') in 0.009 seconds [static and dynamic dependencies]. Details - ImportResultOutputID=66826127b458325cd8070bd66c1291fb DependenciesID=51d33eea1c85b2d902f4a1ca20de040a StaticDependenciesID=4efac5605ea8d2e9d6520a91115773c7 
Number of updated asset objects reloaded before import = 0
Number of asset objects unloaded after import = 1
========================================================================
Received Import Request.
  Time of request: 2026-08-21T17:33:15.5319125Z
  Time since last request: 0.0007628 seconds.
  importAddress: GUID: 58ea190e1cd94c2ca3a4b39e76639f7c - Path: Packages/com.unity.collab-proxy/Editor/UI/UnityInternals/UnityEditor/SceneManagement - Importer: ScriptedImporter/UnityEditor.QuickSearchModule:UnityEditor.Search:ASIAI0B
Importing 'GUID: 58ea190e1cd94c2ca3a4b39e76639f7c - Path: Packages/com.unity.collab-proxy/Editor/UI/UnityInternals/UnityEditor/SceneManagement - Importer: ScriptedImporter/UnityEditor.QuickSearchModule:UnityEditor.Search:ASIAI0B' with importer (ScriptedImporter : UnityEditor.QuickSearchModule:UnityEditor.Search:ASIAI0B)
Imported 'GUID: 58ea190e1cd94c2ca3a4b39e76639f7c' -> (Import Result ID: '1f1b8ddbed60b687f18c8efac0af6b0a') in 0.007 seconds [static and dynamic dependencies]. Details - ImportResultOutputID=f2d24174ea599e2b94333e28c56ee62a DependenciesID=f179425a9e96bfddf4ab72dc2d2a4813 StaticDependenciesID=c035a119639f093f276dd23ab6457c56 
Number of updated asset objects reloaded before import = 0
Number of asset objects unloaded after import = 1
========================================================================
Received Import Request.
  Time of request: 2026-08-21T17:33:15.5615431Z
  Time since last request: 0.0005618 seconds.
  importAddress: GUID: 7261815fb7b1c4aeb899c8f9cc18d5d8 - Path: Packages/com.unity.visualscripting/Editor/VisualScripting.Core/Exceptions - Importer: ScriptedImporter/UnityEditor.QuickSearchModule:UnityEditor.Search:ASIAI0B
Importing 'GUID: 7261815fb7b1c4aeb899c8f9cc18d5d8 - Path: Packages/com.unity.visualscripting/Editor/VisualScripting.Core/Exceptions - Importer: ScriptedImporter/UnityEditor.QuickSearchModule:UnityEditor.Search:ASIAI0B' with importer (ScriptedImporter : UnityEditor.QuickSearchModule:UnityEditor.Search:ASIAI0B)
Imported 'GUID: 7261815fb7b1c4aeb899c8f9cc18d5d8' -> (Import Result ID: '3c9b13e047327cd96ac4214b16811458') in 0.009 seconds [static and dynamic dependencies]. Details - ImportResultOutputID=665d890a5f8a832deefdbcea6cd80bd6 DependenciesID=d66fb851978fbd2fc63cb28e0d663416 StaticDependenciesID=08b458238f99fb5f649cfda6cee8b87c 
Number of updated asset objects reloaded before import = 0
Number of asset objects unloaded after import = 1
========================================================================
Received Import Request.
  Time of request: 2026-08-21T17:33:15.5884218Z
  Time since last request: 0.0006787 seconds.
  importAddress: GUID: f895f2b1dbb2da84e82eedb22e2620f7 - Path: Packages/com.unity.render-pipelines.universal/Runtime/2D/Passes/Utility - Importer: ScriptedImporter/UnityEditor.QuickSearchModule:UnityEditor.Search:ASIAI0B
Importing 'GUID: f895f2b1dbb2da84e82eedb22e2620f7 - Path: Packages/com.unity.render-pipelines.universal/Runtime/2D/Passes/Utility - Importer: ScriptedImporter/UnityEditor.QuickSearchModule:UnityEditor.Search:ASIAI0B' with importer (ScriptedImporter : UnityEditor.QuickSearchModule:UnityEditor.Search:ASIAI0B)
Imported 'GUID: f895f2b1dbb2da84e82eedb22e2620f7' -> (Import Result ID: 'a8fdb2e01ae591b3be86596ee5c6061c') in 0.008 seconds [static and dynamic dependencies]. Details - ImportResultOutputID=812e2f1c0b62a0b88b383940c91b4613 DependenciesID=f96f38134a2fd32dbec438e4bb590650 StaticDependenciesID=c10381ac5bfcfa7aaf45a4b8b63aef21 
Number of updated asset objects reloaded before import = 0
Number of asset objects unloaded after import = 1
========================================================================
Received Import Request.
  Time of request: 2026-08-21T17:33:15.6150808Z
  Time since last request: 0.0019993 seconds.
  importAddress: GUID: 17560f2306bb24c3f829b2c849fdf839 - Path: Packages/com.unity.collab-proxy/Editor/Diff/Asset/Content/UnityObject - Importer: ScriptedImporter/UnityEditor.QuickSearchModule:UnityEditor.Search:ASIAI0B
Importing 'GUID: 17560f2306bb24c3f829b2c849fdf839 - Path: Packages/com.unity.collab-proxy/Editor/Diff/Asset/Content/UnityObject - Importer: ScriptedImporter/UnityEditor.QuickSearchModule:UnityEditor.Search:ASIAI0B' with importer (ScriptedImporter : UnityEditor.QuickSearchModule:UnityEditor.Search:ASIAI0B)
Imported 'GUID: 17560f2306bb24c3f829b2c849fdf839' -> (Import Result ID: '56fcc99883ec3a5ac9b9e0b944fb2fe0') in 0.009 seconds [static and dynamic dependencies]. Details - ImportResultOutputID=dcbf06351763e5ec801823e129fc8c11 DependenciesID=f57179e70e6041f564890763ede82bd7 StaticDependenciesID=401cd26a9f4899209982a811cbda0c9b 
Number of updated asset objects reloaded before import = 0
Number of asset objects unloaded after import = 1
========================================================================
Received Import Request.
  Time of request: 2026-08-21T17:33:15.6423592Z
  Time since last request: 0.0009137 seconds.
  importAddress: GUID: 6fbd9c5e397237e28650cb957742c782 - Path: Packages/com.unity.burst/Runtime/Intrinsics - Importer: ScriptedImporter/UnityEditor.QuickSearchModule:UnityEditor.Search:ASIAI0B
Importing 'GUID: 6fbd9c5e397237e28650cb957742c782 - Path: Packages/com.unity.burst/Runtime/Intrinsics - Importer: ScriptedImporter/UnityEditor.QuickSearchModule:UnityEditor.Search:ASIAI0B' with importer (ScriptedImporter : UnityEditor.QuickSearchModule:UnityEditor.Search:ASIAI0B)
Imported 'GUID: 6fbd9c5e397237e28650cb957742c782' -> (Import Result ID: '0436920e49258e5301138dfd5eec276b') in 0.011 seconds [static and dynamic dependencies]. Details - ImportResultOutputID=d2a3e3bf9b582f21817ce61f88fa5359 DependenciesID=3a1bd0bae4e5b1b936bfb10f2b2acbd7 StaticDependenciesID=d6fff47f4d137a39b003c87a8785d674 
Number of updated asset objects reloaded before import = 0
Number of asset objects unloaded after import = 1
========================================================================
Received Import Request.
  Time of request: 2026-08-21T17:33:15.6824144Z
  Time since last request: 0.0008534 seconds.
  importAddress: GUID: b233366b32d45e8489690036aca26e57 - Path: Packages/com.unity.render-pipelines.core/Editor/Icons/RenderGraphViewer - Importer: ScriptedImporter/UnityEditor.QuickSearchModule:UnityEditor.Search:ASIAI0B
Importing 'GUID: b233366b32d45e8489690036aca26e57 - Path: Packages/com.unity.render-pipelines.core/Editor/Icons/RenderGraphViewer - Importer: ScriptedImporter/UnityEditor.QuickSearchModule:UnityEditor.Search:ASIAI0B' with importer (ScriptedImporter : UnityEditor.QuickSearchModule:UnityEditor.Search:ASIAI0B)
Imported 'GUID: b233366b32d45e8489690036aca26e57' -> (Import Result ID: '6b6ffc26df8b72dbd98f045a11f30dbc') in 0.007 seconds [static and dynamic dependencies]. Details - ImportResultOutputID=f713020d7090c6bbdbfa6e4d1f5d8e6e DependenciesID=120bddad42a5b339f3d4a70c94b3cf88 StaticDependenciesID=69a26c58aac747b6450f8b9a6fe9a383 
Number of updated asset objects reloaded before import = 0
Number of asset objects unloaded after import = 1
========================================================================
Received Import Request.
  Time of request: 2026-08-21T17:33:15.7092999Z
  Time since last request: 0.0004007 seconds.
  importAddress: GUID: 4dc89088b67654c86810b41295276666 - Path: Packages/com.unity.inputsystem/InputSystem/Editor/Icons - Importer: ScriptedImporter/UnityEditor.QuickSearchModule:UnityEditor.Search:ASIAI0B
Importing 'GUID: 4dc89088b67654c86810b41295276666 - Path: Packages/com.unity.inputsystem/InputSystem/Editor/Icons - Importer: ScriptedImporter/UnityEditor.QuickSearchModule:UnityEditor.Search:ASIAI0B' with importer (ScriptedImporter : UnityEditor.QuickSearchModule:UnityEditor.Search:ASIAI0B)
Imported 'GUID: 4dc89088b67654c86810b41295276666' -> (Import Result ID: '8c50aaee44dbadada675b8ffeb2f6678') in 0.007 seconds [static and dynamic dependencies]. Details - ImportResultOutputID=e258a365b89210b0ee4b3e9e9ac4167e DependenciesID=b3e371f14a20afbe0520ae9a779a769a StaticDependenciesID=95fcffa23e86b96ba1ac5d4e66b0439e 
Number of updated asset objects reloaded before import = 0
Number of asset objects unloaded after import = 1
========================================================================
Received Import Request.
  Time of request: 2026-08-21T17:33:15.7405688Z
  Time since last request: 0.0008073 seconds.
  importAddress: GUID: fb0ec4b8bb8f2d34b91204563167f685 - Path: Packages/com.unity.render-pipelines.universal/Tests/Editor/PostProcessDataTests - Importer: ScriptedImporter/UnityEditor.QuickSearchModule:UnityEditor.Search:ASIAI0B
Importing 'GUID: fb0ec4b8bb8f2d34b91204563167f685 - Path: Packages/com.unity.render-pipelines.universal/Tests/Editor/PostProcessDataTests - Importer: ScriptedImporter/UnityEditor.QuickSearchModule:UnityEditor.Search:ASIAI0B' with importer (ScriptedImporter : UnityEditor.QuickSearchModule:UnityEditor.Search:ASIAI0B)
Imported 'GUID: fb0ec4b8bb8f2d34b91204563167f685' -> (Import Result ID: 'ad5560586a505c0cfb12712dffda9357') in 0.009 seconds [static and dynamic dependencies]. Details - ImportResultOutputID=40e11167797b011ec344ca8b4ac5aeb7 DependenciesID=8ecd62a84dfc1c8741bd7f906bc7f79d StaticDependenciesID=abe68852750d1adb9c95217f14579527 
Number of updated asset objects reloaded before import = 0
Number of asset objects unloaded after import = 1
========================================================================
Received Import Request.
  Time of request: 2026-08-21T17:33:15.7773191Z
  Time since last request: 0.000779 seconds.
  importAddress: GUID: 9a4184587b7c760418ee26ca0a32df62 - Path: Packages/com.unity.render-pipelines.core/Runtime/UnifiedRayTracing/Compute/RadeonRays/kernels - Importer: ScriptedImporter/UnityEditor.QuickSearchModule:UnityEditor.Search:ASIAI0B
Importing 'GUID: 9a4184587b7c760418ee26ca0a32df62 - Path: Packages/com.unity.render-pipelines.core/Runtime/UnifiedRayTracing/Compute/RadeonRays/kernels - Importer: ScriptedImporter/UnityEditor.QuickSearchModule:UnityEditor.Search:ASIAI0B' with importer (ScriptedImporter : UnityEditor.QuickSearchModule:UnityEditor.Search:ASIAI0B)
Imported 'GUID: 9a4184587b7c760418ee26ca0a32df62' -> (Import Result ID: '930d91f4e72d529a157b7709c5293821') in 0.009 seconds [static and dynamic dependencies]. Details - ImportResultOutputID=15df7cc6289803647a2f0d2ed29f3db2 DependenciesID=1036f1345ed3f6a8c73ec3c009b18da8 StaticDependenciesID=ee8116441f1ce3ae3195e45435f70669 
Number of updated asset objects reloaded before import = 0
Number of asset objects unloaded after import = 1
========================================================================
Received Import Request.
  Time of request: 2026-08-21T17:33:15.8106788Z
  Time since last request: 0.0013346 seconds.
  importAddress: GUID: 8555723f31a24db88a1447dd8bc38295 - Path: Packages/com.unity.visualscripting/Runtime/VisualScripting.Flow/Framework/Events/Input/InputSystem - Importer: ScriptedImporter/UnityEditor.QuickSearchModule:UnityEditor.Search:ASIAI0B
Importing 'GUID: 8555723f31a24db88a1447dd8bc38295 - Path: Packages/com.unity.visualscripting/Runtime/VisualScripting.Flow/Framework/Events/Input/InputSystem - Importer: ScriptedImporter/UnityEditor.QuickSearchModule:UnityEditor.Search:ASIAI0B' with importer (ScriptedImporter : UnityEditor.QuickSearchModule:UnityEditor.Search:ASIAI0B)
Imported 'GUID: 8555723f31a24db88a1447dd8bc38295' -> (Import Result ID: '11bf8348bc376b07d7e0d5cb2413130a') in 0.011 seconds [static and dynamic dependencies]. Details - ImportResultOutputID=b3615553dc212fc231be2d28f38be43a DependenciesID=839e4106005c8ae23e0149ba2972b56e StaticDependenciesID=5895bbd1a02fb95c02d6c5e2590be659 
Number of updated asset objects reloaded before import = 0
Number of asset objects unloaded after import = 1
========================================================================
Received Import Request.
  Time of request: 2026-08-21T17:33:15.8410769Z
  Time since last request: 0.0007014 seconds.
  importAddress: GUID: 7fcdfb5c2eb94505a448f79f2f6fceb4 - Path: Packages/com.unity.collab-proxy/Editor/Settings - Importer: ScriptedImporter/UnityEditor.QuickSearchModule:UnityEditor.Search:ASIAI0B
Importing 'GUID: 7fcdfb5c2eb94505a448f79f2f6fceb4 - Path: Packages/com.unity.collab-proxy/Editor/Settings - Importer: ScriptedImporter/UnityEditor.QuickSearchModule:UnityEditor.Search:ASIAI0B' with importer (ScriptedImporter : UnityEditor.QuickSearchModule:UnityEditor.Search:ASIAI0B)
Imported 'GUID: 7fcdfb5c2eb94505a448f79f2f6fceb4' -> (Import Result ID: 'e7a142c3102ff6d18f97c8c7387db534') in 0.009 seconds [static and dynamic dependencies]. Details - ImportResultOutputID=01dc665d1ffeef0c42bd33e269b1fbb0 DependenciesID=84f3f4b89ff9fc87648db0592cc8eb05 StaticDependenciesID=14a08f898755b09424881f64c83c7b62 
Number of updated asset objects reloaded before import = 0
Number of asset objects unloaded after import = 1
========================================================================
Received Import Request.
  Time of request: 2026-08-21T17:33:15.8683182Z
  Time since last request: 0.0008588 seconds.
  importAddress: GUID: 964353991afb13346a30f35dc459a9be - Path: Packages/com.unity.render-pipelines.universal/Runtime/2D/Shadows/Providers - Importer: ScriptedImporter/UnityEditor.QuickSearchModule:UnityEditor.Search:ASIAI0B
Importing 'GUID: 964353991afb13346a30f35dc459a9be - Path: Packages/com.unity.render-pipelines.universal/Runtime/2D/Shadows/Providers - Importer: ScriptedImporter/UnityEditor.QuickSearchModule:UnityEditor.Search:ASIAI0B' with importer (ScriptedImporter : UnityEditor.QuickSearchModule:UnityEditor.Search:ASIAI0B)
Imported 'GUID: 964353991afb13346a30f35dc459a9be' -> (Import Result ID: '337d4b49d8f7be4e9a6d473b422d2276') in 0.009 seconds [static and dynamic dependencies]. Details - ImportResultOutputID=3bc7aa57ae29d498381d3852fbe33a1a DependenciesID=decad5ec24e183134fd51dad97591c2c StaticDependenciesID=6f10e3287144ca6053581611c5734c21 
Number of updated asset objects reloaded before import = 0
Number of asset objects unloaded after import = 1
========================================================================
Received Import Request.
  Time of request: 2026-08-21T17:33:15.8984695Z
  Time since last request: 0.0012862 seconds.
  importAddress: GUID: 4ea5bd36bf3924ec18c263bbdb10e425 - Path: Packages/com.unity.inputsystem/InputSystem/Editor/Devices/Remote - Importer: ScriptedImporter/UnityEditor.QuickSearchModule:UnityEditor.Search:ASIAI0B
Importing 'GUID: 4ea5bd36bf3924ec18c263bbdb10e425 - Path: Packages/com.unity.inputsystem/InputSystem/Editor/Devices/Remote - Importer: ScriptedImporter/UnityEditor.QuickSearchModule:UnityEditor.Search:ASIAI0B' with importer (ScriptedImporter : UnityEditor.QuickSearchModule:UnityEditor.Search:ASIAI0B)
Imported 'GUID: 4ea5bd36bf3924ec18c263bbdb10e425' -> (Import Result ID: '74613b0453abcc0b8295f17b4b7bbad6') in 0.006 seconds [static and dynamic dependencies]. Details - ImportResultOutputID=a3ed00ae4ce44449c1d60395abfa2c25 DependenciesID=59045e602b344a2f2c4b4936af5350ba StaticDependenciesID=f0f04fc41809985c6f8fffe77e86f36f 
Number of updated asset objects reloaded before import = 0
Number of asset objects unloaded after import = 1
========================================================================
Received Import Request.
  Time of request: 2026-08-21T17:33:15.9226189Z
  Time since last request: 0.000417 seconds.
  importAddress: GUID: f8ed4321a98682942b9980996131cf26 - Path: Packages/com.unity.ugui/Runtime/UGUI/UI/Core/SpecializedCollections - Importer: ScriptedImporter/UnityEditor.QuickSearchModule:UnityEditor.Search:ASIAI0B
Importing 'GUID: f8ed4321a98682942b9980996131cf26 - Path: Packages/com.unity.ugui/Runtime/UGUI/UI/Core/SpecializedCollections - Importer: ScriptedImporter/UnityEditor.QuickSearchModule:UnityEditor.Search:ASIAI0B' with importer (ScriptedImporter : UnityEditor.QuickSearchModule:UnityEditor.Search:ASIAI0B)
Imported 'GUID: f8ed4321a98682942b9980996131cf26' -> (Import Result ID: 'af590de35de7b525872fd6f8704ea5f7') in 0.008 seconds [static and dynamic dependencies]. Details - ImportResultOutputID=c2a47c00dcc9f7a17262f6ff29399b2a DependenciesID=23f18877a828dd7236b5cd0d68ec052c StaticDependenciesID=9441e710d875bf25c6988e66ed66b692 
Number of updated asset objects reloaded before import = 0
Number of asset objects unloaded after import = 1
========================================================================
Received Import Request.
  Time of request: 2026-08-21T17:33:15.9605964Z
  Time since last request: 0.0113066 seconds.
  importAddress: GUID: a39e9b2bb659c51bcd404be69e7ec9d4 - Path: Packages/com.unity.inputsystem - Importer: ScriptedImporter/UnityEditor.QuickSearchModule:UnityEditor.Search:ASIAI0B
Importing 'GUID: a39e9b2bb659c51bcd404be69e7ec9d4 - Path: Packages/com.unity.inputsystem - Importer: ScriptedImporter/UnityEditor.QuickSearchModule:UnityEditor.Search:ASIAI0B' with importer (ScriptedImporter : UnityEditor.QuickSearchModule:UnityEditor.Search:ASIAI0B)
Imported 'GUID: a39e9b2bb659c51bcd404be69e7ec9d4' -> (Import Result ID: '48b7d0ebca29d3302f5f81a8c22cffca') in 0.011 seconds [static and dynamic dependencies]. Details - ImportResultOutputID=588708fd3a47797c5c4d7a25aa65c8d6 DependenciesID=b397d4d6a0a6071c6072716955023bbf StaticDependenciesID=af38aa23a456b598a83dc0ed8555f59e 
Number of updated asset objects reloaded before import = 0
Number of asset objects unloaded after import = 1
========================================================================
Received Import Request.
  Time of request: 2026-08-21T17:33:15.9917455Z
  Time since last request: 0.0010187 seconds.
  importAddress: GUID: ea04c59408e02c948b94f13808d4591c - Path: Packages/com.unity.render-pipelines.core/Runtime/PathTracing/Shaders/Lightmapping - Importer: ScriptedImporter/UnityEditor.QuickSearchModule:UnityEditor.Search:ASIAI0B
Importing 'GUID: ea04c59408e02c948b94f13808d4591c - Path: Packages/com.unity.render-pipelines.core/Runtime/PathTracing/Shaders/Lightmapping - Importer: ScriptedImporter/UnityEditor.QuickSearchModule:UnityEditor.Search:ASIAI0B' with importer (ScriptedImporter : UnityEditor.QuickSearchModule:UnityEditor.Search:ASIAI0B)
Imported 'GUID: ea04c59408e02c948b94f13808d4591c' -> (Import Result ID: 'ef50d7a9aa6d57c8e2c4d2c577cf8fc4') in 0.006 seconds [static and dynamic dependencies]. Details - ImportResultOutputID=2b88685c57f00aa7ed0c37d21d66b3f3 DependenciesID=7ad13f565ea18da51a528ea665f9d941 StaticDependenciesID=6ed9d008dc582b746d09783785bf5eb2 
Number of updated asset objects reloaded before import = 0
Number of asset objects unloaded after import = 1
========================================================================
Received Import Request.
  Time of request: 2026-08-21T17:33:16.0135643Z
  Time since last request: 0.0007838 seconds.
  importAddress: GUID: 278a7d565ddb1e840ac57ad1bb121e56 - Path: Packages/com.unity.render-pipelines.core/Tests/Editor - Importer: ScriptedImporter/UnityEditor.QuickSearchModule:UnityEditor.Search:ASIAI0B
Importing 'GUID: 278a7d565ddb1e840ac57ad1bb121e56 - Path: Packages/com.unity.render-pipelines.core/Tests/Editor - Importer: ScriptedImporter/UnityEditor.QuickSearchModule:UnityEditor.Search:ASIAI0B' with importer (ScriptedImporter : UnityEditor.QuickSearchModule:UnityEditor.Search:ASIAI0B)
Imported 'GUID: 278a7d565ddb1e840ac57ad1bb121e56' -> (Import Result ID: '30a521db0a129ba563c6bda75f96afeb') in 0.007 seconds [static and dynamic dependencies]. Details - ImportResultOutputID=79fbc570e7cd32a2adaa2bbc24c6ab17 DependenciesID=102d346d31c4021aaea682ae8c5db45d StaticDependenciesID=bd1b02c2c860be219e617b8a23c1ee0f 
Number of updated asset objects reloaded before import = 0
Number of asset objects unloaded after import = 1
========================================================================
Received Import Request.
  Time of request: 2026-08-21T17:33:16.0448977Z
  Time since last request: 0.0012421 seconds.
  importAddress: GUID: d2b6d2a66db8e07418eae9d75a2ebb55 - Path: Packages/com.unity.render-pipelines.core/Editor-PrivateShared/AssetCallbacks - Importer: ScriptedImporter/UnityEditor.QuickSearchModule:UnityEditor.Search:ASIAI0B
Importing 'GUID: d2b6d2a66db8e07418eae9d75a2ebb55 - Path: Packages/com.unity.render-pipelines.core/Editor-PrivateShared/AssetCallbacks - Importer: ScriptedImporter/UnityEditor.QuickSearchModule:UnityEditor.Search:ASIAI0B' with importer (ScriptedImporter : UnityEditor.QuickSearchModule:UnityEditor.Search:ASIAI0B)
Imported 'GUID: d2b6d2a66db8e07418eae9d75a2ebb55' -> (Import Result ID: '9492dfe48d3d18e010760666b0541b17') in 0.006 seconds [static and dynamic dependencies]. Details - ImportResultOutputID=621382a02750cc1a65e2aa53f1fb64b3 DependenciesID=b79b1a6495c8c1ee1061cc6a3dda6ac7 StaticDependenciesID=68234c8bd5d5d2242fdfc8d2cff3a848 
Number of updated asset objects reloaded before import = 0
Number of asset objects unloaded after import = 1
========================================================================
Received Import Request.
  Time of request: 2026-08-21T17:33:16.0719166Z
  Time since last request: 0.000806 seconds.
  importAddress: GUID: 0e49b0a8b53e45445979b3fa9604a35c - Path: Packages/com.unity.inputsystem/InputSystem/Runtime/Plugins/OnScreen - Importer: ScriptedImporter/UnityEditor.QuickSearchModule:UnityEditor.Search:ASIAI0B
Importing 'GUID: 0e49b0a8b53e45445979b3fa9604a35c - Path: Packages/com.unity.inputsystem/InputSystem/Runtime/Plugins/OnScreen - Importer: ScriptedImporter/UnityEditor.QuickSearchModule:UnityEditor.Search:ASIAI0B' with importer (ScriptedImporter : UnityEditor.QuickSearchModule:UnityEditor.Search:ASIAI0B)
Imported 'GUID: 0e49b0a8b53e45445979b3fa9604a35c' -> (Import Result ID: '5238832583d8c22b98a3518a207c8347') in 0.007 seconds [static and dynamic dependencies]. Details - ImportResultOutputID=657eb29c56b7db82b0da3efcc1dd238f DependenciesID=adc8034e10a791af9f343f4555e35fd0 StaticDependenciesID=83531901e8db4f82903648d91f52ffd7 
Number of updated asset objects reloaded before import = 0
Number of asset objects unloaded after import = 1
========================================================================
Received Import Request.
  Time of request: 2026-08-21T17:33:16.0991392Z
  Time since last request: 0.0007896 seconds.
  importAddress: GUID: f4a2b3d2dd6f5468a8423947316be163 - Path: Packages/com.unity.shadergraph/Editor/Generation/Processors - Importer: ScriptedImporter/UnityEditor.QuickSearchModule:UnityEditor.Search:ASIAI0B
Importing 'GUID: f4a2b3d2dd6f5468a8423947316be163 - Path: Packages/com.unity.shadergraph/Editor/Generation/Processors - Importer: ScriptedImporter/UnityEditor.QuickSearchModule:UnityEditor.Search:ASIAI0B' with importer (ScriptedImporter : UnityEditor.QuickSearchModule:UnityEditor.Search:ASIAI0B)
Imported 'GUID: f4a2b3d2dd6f5468a8423947316be163' -> (Import Result ID: '7b63309deda4c05c6461f0a0bbe022d3') in 0.006 seconds [static and dynamic dependencies]. Details - ImportResultOutputID=173e313b3d77ec91c1c4ccff6b858fe1 DependenciesID=3cc1aabe2c58442a6c93ded8959aebc1 StaticDependenciesID=7635d551d0d6e55353ed9d9b2067e717 
Number of updated asset objects reloaded before import = 0
Number of asset objects unloaded after import = 1
========================================================================
Received Import Request.
  Time of request: 2026-08-21T17:33:16.1259843Z
  Time since last request: 0.0008773 seconds.
  importAddress: GUID: 0fadbd5093ea0234aa59965fd9d77815 - Path: Packages/com.unity.render-pipelines.core/Editor/Utilities - Importer: ScriptedImporter/UnityEditor.QuickSearchModule:UnityEditor.Search:ASIAI0B
Importing 'GUID: 0fadbd5093ea0234aa59965fd9d77815 - Path: Packages/com.unity.render-pipelines.core/Editor/Utilities - Importer: ScriptedImporter/UnityEditor.QuickSearchModule:UnityEditor.Search:ASIAI0B' with importer (ScriptedImporter : UnityEditor.QuickSearchModule:UnityEditor.Search:ASIAI0B)
Imported 'GUID: 0fadbd5093ea0234aa59965fd9d77815' -> (Import Result ID: '711a0f69a4b1dfed8121cd8a9573b6eb') in 0.009 seconds [static and dynamic dependencies]. Details - ImportResultOutputID=5aaea7f9f98156362ee0e1de928b275a DependenciesID=429ea2e7c420717710f72bafe487c52c StaticDependenciesID=389dcf5cc4b254874ff56d62d6e06f26 
Number of updated asset objects reloaded before import = 0
Number of asset objects unloaded after import = 1
========================================================================
Received Import Request.
  Time of request: 2026-08-21T17:33:16.1551245Z
  Time since last request: 0.0010562 seconds.
  importAddress: GUID: f9f63097209c6bab2b6e9dfd4032a134 - Path: Packages/com.unity.ide.rider - Importer: ScriptedImporter/UnityEditor.QuickSearchModule:UnityEditor.Search:ASIAI0B
Importing 'GUID: f9f63097209c6bab2b6e9dfd4032a134 - Path: Packages/com.unity.ide.rider - Importer: ScriptedImporter/UnityEditor.QuickSearchModule:UnityEditor.Search:ASIAI0B' with importer (ScriptedImporter : UnityEditor.QuickSearchModule:UnityEditor.Search:ASIAI0B)
Imported 'GUID: f9f63097209c6bab2b6e9dfd4032a134' -> (Import Result ID: '7b8c4e278bc4f0cdde81b3647dfa78d8') in 0.007 seconds [static and dynamic dependencies]. Details - ImportResultOutputID=4897337030641e18e685fe5f33e81ff6 DependenciesID=6415d90eddfe4081503624b82c76ac17 StaticDependenciesID=ef1f359344b730f90314278f16fa1da4 
Number of updated asset objects reloaded before import = 0
Number of asset objects unloaded after import = 1
========================================================================
Received Import Request.
  Time of request: 2026-08-21T17:33:16.1839735Z
  Time since last request: 0.0008412 seconds.
  importAddress: GUID: a52391bc44c477f40a547ed4ef3b9560 - Path: Packages/com.unity.ide.rider/Rider/Editor/UnitTesting - Importer: ScriptedImporter/UnityEditor.QuickSearchModule:UnityEditor.Search:ASIAI0B
Importing 'GUID: a52391bc44c477f40a547ed4ef3b9560 - Path: Packages/com.unity.ide.rider/Rider/Editor/UnitTesting - Importer: ScriptedImporter/UnityEditor.QuickSearchModule:UnityEditor.Search:ASIAI0B' with importer (ScriptedImporter : UnityEditor.QuickSearchModule:UnityEditor.Search:ASIAI0B)
Imported 'GUID: a52391bc44c477f40a547ed4ef3b9560' -> (Import Result ID: 'bc393f9a2e54f8bb54fdc12e343fb662') in 0.008 seconds [static and dynamic dependencies]. Details - ImportResultOutputID=9cf3508eae1b9e7a237c530b007885f3 DependenciesID=8409d4df49f51285837b845d0e1547f0 StaticDependenciesID=b44002d535eac1ec9766d3ff1a4f8e53 
Number of updated asset objects reloaded before import = 0
Number of asset objects unloaded after import = 1
========================================================================
Received Import Request.
  Time of request: 2026-08-21T17:33:16.2156685Z
  Time since last request: 0.0007526 seconds.
  importAddress: GUID: 15b418f3a4e2a7f40ac71211fd58d4ec - Path: Packages/com.unity.shadergraph/GraphTemplates/Cross Pipeline - Importer: ScriptedImporter/UnityEditor.QuickSearchModule:UnityEditor.Search:ASIAI0B
Importing 'GUID: 15b418f3a4e2a7f40ac71211fd58d4ec - Path: Packages/com.unity.shadergraph/GraphTemplates/Cross Pipeline - Importer: ScriptedImporter/UnityEditor.QuickSearchModule:UnityEditor.Search:ASIAI0B' with importer (ScriptedImporter : UnityEditor.QuickSearchModule:UnityEditor.Search:ASIAI0B)
Imported 'GUID: 15b418f3a4e2a7f40ac71211fd58d4ec' -> (Import Result ID: 'bed57a571fe9e98e05e42d6e5cb91666') in 0.011 seconds [static and dynamic dependencies]. Details - ImportResultOutputID=ac2e15cc238bf61e2e975b3a7d82f47e DependenciesID=e679c6751894fb51a40c665eaf009064 StaticDependenciesID=fbc3a6a496c275a59b24374092ea262b 
Number of updated asset objects reloaded before import = 0
Number of asset objects unloaded after import = 1
========================================================================
Received Import Request.
  Time of request: 2026-08-21T17:33:16.244732Z
  Time since last request: 0.000742 seconds.
  importAddress: GUID: ab93e1a81defc3243a6e9cd0df3cb443 - Path: Packages/com.unity.ugui/Tests/Runtime/UGUI/EventSystem - Importer: ScriptedImporter/UnityEditor.QuickSearchModule:UnityEditor.Search:ASIAI0B
Importing 'GUID: ab93e1a81defc3243a6e9cd0df3cb443 - Path: Packages/com.unity.ugui/Tests/Runtime/UGUI/EventSystem - Importer: ScriptedImporter/UnityEditor.QuickSearchModule:UnityEditor.Search:ASIAI0B' with importer (ScriptedImporter : UnityEditor.QuickSearchModule:UnityEditor.Search:ASIAI0B)
Imported 'GUID: ab93e1a81defc3243a6e9cd0df3cb443' -> (Import Result ID: '88ca1be4d836b06ce2bbc2e2ece3ac85') in 0.010 seconds [static and dynamic dependencies]. Details - ImportResultOutputID=4902bf50eb93c66e1e352ffadff4b399 DependenciesID=2309607a874295d1809b1dc06ec760a6 StaticDependenciesID=f7292e51d0951e9c544bdff73cd326be 
Number of updated asset objects reloaded before import = 0
Number of asset objects unloaded after import = 1
========================================================================
Received Import Request.
  Time of request: 2026-08-21T17:33:16.274597Z
  Time since last request: 0.0008424 seconds.
  importAddress: GUID: 72aad6ae0dafb492cbf852432441bb38 - Path: Packages/com.unity.multiplayer.center/Editor - Importer: ScriptedImporter/UnityEditor.QuickSearchModule:UnityEditor.Search:ASIAI0B
Importing 'GUID: 72aad6ae0dafb492cbf852432441bb38 - Path: Packages/com.unity.multiplayer.center/Editor - Importer: ScriptedImporter/UnityEditor.QuickSearchModule:UnityEditor.Search:ASIAI0B' with importer (ScriptedImporter : UnityEditor.QuickSearchModule:UnityEditor.Search:ASIAI0B)
Imported 'GUID: 72aad6ae0dafb492cbf852432441bb38' -> (Import Result ID: '19084e3ef4a9c6c0b5a5d24f7a97dbba') in 0.007 seconds [static and dynamic dependencies]. Details - ImportResultOutputID=3227e98361f45f422ff708c11edbb7a3 DependenciesID=0ba71714821013cdf6f9e00fb96a4566 StaticDependenciesID=2418594d25cead230b85bd860814c76c 
Number of updated asset objects reloaded before import = 0
Number of asset objects unloaded after import = 1
========================================================================
Received Import Request.
  Time of request: 2026-08-21T17:33:16.2996066Z
  Time since last request: 0.0019106 seconds.
  importAddress: GUID: 7c6295db74da28645bf49db58b7c9c65 - Path: Packages/com.unity.ugui/Runtime/UGUI/UI/Core/MaterialModifiers - Importer: ScriptedImporter/UnityEditor.QuickSearchModule:UnityEditor.Search:ASIAI0B
Importing 'GUID: 7c6295db74da28645bf49db58b7c9c65 - Path: Packages/com.unity.ugui/Runtime/UGUI/UI/Core/MaterialModifiers - Importer: ScriptedImporter/UnityEditor.QuickSearchModule:UnityEditor.Search:ASIAI0B' with importer (ScriptedImporter : UnityEditor.QuickSearchModule:UnityEditor.Search:ASIAI0B)
Imported 'GUID: 7c6295db74da28645bf49db58b7c9c65' -> (Import Result ID: '1e3230ede14e772faf0a3cb78bc78252') in 0.006 seconds [static and dynamic dependencies]. Details - ImportResultOutputID=15442082f6582f6ff4e692ae492619c1 DependenciesID=9d9f94fc4589632a81fc5e02d39d5006 StaticDependenciesID=9ce38f73111787f1a3e56994dc5637e0 
Number of updated asset objects reloaded before import = 0
Number of asset objects unloaded after import = 1
========================================================================
Received Import Request.
  Time of request: 2026-08-21T17:33:16.3229969Z
  Time since last request: 0.0008787 seconds.
  importAddress: GUID: d0cd29fb1ad218b48b814bc3e6d8ac0e - Path: Packages/com.unity.timeline/Runtime/Activation - Importer: ScriptedImporter/UnityEditor.QuickSearchModule:UnityEditor.Search:ASIAI0B
Importing 'GUID: d0cd29fb1ad218b48b814bc3e6d8ac0e - Path: Packages/com.unity.timeline/Runtime/Activation - Importer: ScriptedImporter/UnityEditor.QuickSearchModule:UnityEditor.Search:ASIAI0B' with importer (ScriptedImporter : UnityEditor.QuickSearchModule:UnityEditor.Search:ASIAI0B)
Imported 'GUID: d0cd29fb1ad218b48b814bc3e6d8ac0e' -> (Import Result ID: '54cb342737aafc1efbaaf44896c8c5a6') in 0.006 seconds [static and dynamic dependencies]. Details - ImportResultOutputID=d82a713f71fe3d4f2c6f658cf223c5e2 DependenciesID=2c6c1bc8c50c4e87f4db35df57acd59e StaticDependenciesID=ac52566df203a628095471a1f4e54ac5 
Number of updated asset objects reloaded before import = 0
Number of asset objects unloaded after import = 1
========================================================================
Received Import Request.
  Time of request: 2026-08-21T17:33:16.3455954Z
  Time since last request: 0.000999 seconds.
  importAddress: GUID: 04c6898809c37620ac863cc2a5d7c4d0 - Path: Packages/com.unity.modules.vectorgraphics - Importer: ScriptedImporter/UnityEditor.QuickSearchModule:UnityEditor.Search:ASIAI0B
Importing 'GUID: 04c6898809c37620ac863cc2a5d7c4d0 - Path: Packages/com.unity.modules.vectorgraphics - Importer: ScriptedImporter/UnityEditor.QuickSearchModule:UnityEditor.Search:ASIAI0B' with importer (ScriptedImporter : UnityEditor.QuickSearchModule:UnityEditor.Search:ASIAI0B)
Imported 'GUID: 04c6898809c37620ac863cc2a5d7c4d0' -> (Import Result ID: 'b0004bd73fde8fcb1e1e4ed69ab88a35') in 0.006 seconds [static and dynamic dependencies]. Details - ImportResultOutputID=a70dfae01d148867a42a0ff9b83bafb2 DependenciesID=78a4626d2564303e6921843f48c3b97d StaticDependenciesID=aebb54517dc431473e64976ab8de9281 
Number of updated asset objects reloaded before import = 0
Number of asset objects unloaded after import = 1
========================================================================
Received Import Request.
  Time of request: 2026-08-21T17:33:16.3701802Z
  Time since last request: 0.0006907 seconds.
  importAddress: GUID: 04341c513452b9f47a954b5dd19e5498 - Path: Packages/com.unity.render-pipelines.core/Editor/PathTracing - Importer: ScriptedImporter/UnityEditor.QuickSearchModule:UnityEditor.Search:ASIAI0B
Importing 'GUID: 04341c513452b9f47a954b5dd19e5498 - Path: Packages/com.unity.render-pipelines.core/Editor/PathTracing - Importer: ScriptedImporter/UnityEditor.QuickSearchModule:UnityEditor.Search:ASIAI0B' with importer (ScriptedImporter : UnityEditor.QuickSearchModule:UnityEditor.Search:ASIAI0B)
Imported 'GUID: 04341c513452b9f47a954b5dd19e5498' -> (Import Result ID: 'c9ade3216cb08df779392f3ace1aa270') in 0.007 seconds [static and dynamic dependencies]. Details - ImportResultOutputID=6141b40730aa9151f181ba816ee5c633 DependenciesID=39fbec0fa334cf8ceb0ed530dfacdb95 StaticDependenciesID=fa8b29ff320b6277e9702a7a07cab201 
Number of updated asset objects reloaded before import = 0
Number of asset objects unloaded after import = 1
========================================================================
Received Import Request.
  Time of request: 2026-08-21T17:33:16.3956137Z
  Time since last request: 0.0006217 seconds.
  importAddress: GUID: db34f310723c62440a05d3e69f262a70 - Path: Packages/com.unity.timeline/Editor/Manipulators/AddDelete - Importer: ScriptedImporter/UnityEditor.QuickSearchModule:UnityEditor.Search:ASIAI0B
Importing 'GUID: db34f310723c62440a05d3e69f262a70 - Path: Packages/com.unity.timeline/Editor/Manipulators/AddDelete - Importer: ScriptedImporter/UnityEditor.QuickSearchModule:UnityEditor.Search:ASIAI0B' with importer (ScriptedImporter : UnityEditor.QuickSearchModule:UnityEditor.Search:ASIAI0B)
Imported 'GUID: db34f310723c62440a05d3e69f262a70' -> (Import Result ID: '17abb325a6e7dbde37b731646187caef') in 0.009 seconds [static and dynamic dependencies]. Details - ImportResultOutputID=7378e498f3b9bb7f93eea3e7f171f434 DependenciesID=fef11f051df8f0ffd310c37a45ae9c61 StaticDependenciesID=047a44f225ceac913c67874d26d6a37c 
Number of updated asset objects reloaded before import = 0
Number of asset objects unloaded after import = 1
========================================================================
Received Import Request.
  Time of request: 2026-08-21T17:33:16.4343707Z
  Time since last request: 0.0009339 seconds.
  importAddress: GUID: d3f8e034331c39c4f823ac31228dc4d9 - Path: Packages/com.unity.collab-proxy/Editor/AssetMenu - Importer: ScriptedImporter/UnityEditor.QuickSearchModule:UnityEditor.Search:ASIAI0B
Importing 'GUID: d3f8e034331c39c4f823ac31228dc4d9 - Path: Packages/com.unity.collab-proxy/Editor/AssetMenu - Importer: ScriptedImporter/UnityEditor.QuickSearchModule:UnityEditor.Search:ASIAI0B' with importer (ScriptedImporter : UnityEditor.QuickSearchModule:UnityEditor.Search:ASIAI0B)
Imported 'GUID: d3f8e034331c39c4f823ac31228dc4d9' -> (Import Result ID: 'ea084106d125743db7ef4286b628c548') in 0.006 seconds [static and dynamic dependencies]. Details - ImportResultOutputID=6ba64e2ffef1901de5d7f4e4f934add9 DependenciesID=2d14a206500cb7795b54c63f84a6fb4f StaticDependenciesID=cf33894ab79bda44e0a44af7387c3c2c 
Number of updated asset objects reloaded before import = 0
Number of asset objects unloaded after import = 1
========================================================================
Received Import Request.
  Time of request: 2026-08-21T17:33:16.4581442Z
  Time since last request: 0.0006578 seconds.
  importAddress: GUID: f3750d38b6e2f410894efd787f3a2c4e - Path: Packages/com.unity.visualscripting/Runtime/VisualScripting.Core/Dependencies - Importer: ScriptedImporter/UnityEditor.QuickSearchModule:UnityEditor.Search:ASIAI0B
Importing 'GUID: f3750d38b6e2f410894efd787f3a2c4e - Path: Packages/com.unity.visualscripting/Runtime/VisualScripting.Core/Dependencies - Importer: ScriptedImporter/UnityEditor.QuickSearchModule:UnityEditor.Search:ASIAI0B' with importer (ScriptedImporter : UnityEditor.QuickSearchModule:UnityEditor.Search:ASIAI0B)
Imported 'GUID: f3750d38b6e2f410894efd787f3a2c4e' -> (Import Result ID: 'b2fe3c06432eac135cdadee63f5f7d12') in 0.013 seconds [static and dynamic dependencies]. Details - ImportResultOutputID=969da2668373aa561889578866208549 DependenciesID=b9593fd93ce06ba1e38bc8ad8b00c085 StaticDependenciesID=1aa9a6de42b9cc6890436b902ee73380 
Number of updated asset objects reloaded before import = 0
Number of asset objects unloaded after import = 1
========================================================================
Received Import Request.
  Time of request: 2026-08-21T17:33:16.490006Z
  Time since last request: 0.0008588 seconds.
  importAddress: GUID: 296ca1f7792f46beb0b79e0209c7c02b - Path: Packages/com.unity.render-pipelines.universal/Runtime/Passes/PostProcess - Importer: ScriptedImporter/UnityEditor.QuickSearchModule:UnityEditor.Search:ASIAI0B
Importing 'GUID: 296ca1f7792f46beb0b79e0209c7c02b - Path: Packages/com.unity.render-pipelines.universal/Runtime/Passes/PostProcess - Importer: ScriptedImporter/UnityEditor.QuickSearchModule:UnityEditor.Search:ASIAI0B' with importer (ScriptedImporter : UnityEditor.QuickSearchModule:UnityEditor.Search:ASIAI0B)
Imported 'GUID: 296ca1f7792f46beb0b79e0209c7c02b' -> (Import Result ID: '89dd9bed0c3fbb56a0333560a8b915e0') in 0.007 seconds [static and dynamic dependencies]. Details - ImportResultOutputID=60ab83f080e6f57469c26885541aa129 DependenciesID=8532355ebfc55a9ddfa45de38d26acab StaticDependenciesID=7c0ed30cf30fffbf5a6f84dc4528c8e1 
Number of updated asset objects reloaded before import = 0
Number of asset objects unloaded after import = 1
========================================================================
Received Import Request.
  Time of request: 2026-08-21T17:33:16.5146817Z
  Time since last request: 0.0007339 seconds.
  importAddress: GUID: 6c39937ba9ca4a3d9bfd4613712ac88e - Path: Packages/com.unity.render-pipelines.core/Tests/Editor/XR - Importer: ScriptedImporter/UnityEditor.QuickSearchModule:UnityEditor.Search:ASIAI0B
Importing 'GUID: 6c39937ba9ca4a3d9bfd4613712ac88e - Path: Packages/com.unity.render-pipelines.core/Tests/Editor/XR - Importer: ScriptedImporter/UnityEditor.QuickSearchModule:UnityEditor.Search:ASIAI0B' with importer (ScriptedImporter : UnityEditor.QuickSearchModule:UnityEditor.Search:ASIAI0B)
Imported 'GUID: 6c39937ba9ca4a3d9bfd4613712ac88e' -> (Import Result ID: '98bafb9715853bc7bbd956656622e034') in 0.007 seconds [static and dynamic dependencies]. Details - ImportResultOutputID=b626da1f83464d604a33cba04427b3bc DependenciesID=16730349841e8424e22cbc45b9dd4691 StaticDependenciesID=2b0023a74286721599c78b5e2c132eb1 
Number of updated asset objects reloaded before import = 0
Number of asset objects unloaded after import = 1
========================================================================
Received Import Request.
  Time of request: 2026-08-21T17:33:16.5450705Z
  Time since last request: 0.0094019 seconds.
  importAddress: GUID: 39728903e57c60021f80449a8bbc0096 - Path: Packages/com.unity.modules.ui - Importer: ScriptedImporter/UnityEditor.QuickSearchModule:UnityEditor.Search:ASIAI0B
Importing 'GUID: 39728903e57c60021f80449a8bbc0096 - Path: Packages/com.unity.modules.ui - Importer: ScriptedImporter/UnityEditor.QuickSearchModule:UnityEditor.Search:ASIAI0B' with importer (ScriptedImporter : UnityEditor.QuickSearchModule:UnityEditor.Search:ASIAI0B)
Imported 'GUID: 39728903e57c60021f80449a8bbc0096' -> (Import Result ID: '763e325f65ed7402ef242e37f452f4e5') in 0.005 seconds [static and dynamic dependencies]. Details - ImportResultOutputID=3d2b862ace9d022a2b68f1d8264520a4 DependenciesID=d9327cae2f94b021729a832f4fcdb07b StaticDependenciesID=7ce71cb0af9e9b2a69aeccefdf335810 
Number of updated asset objects reloaded before import = 0
Number of asset objects unloaded after import = 1
========================================================================
Received Import Request.
  Time of request: 2026-08-21T17:33:16.5639165Z
  Time since last request: 0.0007298 seconds.
  importAddress: GUID: 44583e23afb864117a0b27750581d61a - Path: Packages/com.unity.visualscripting/Runtime/VisualScripting.Core/SerializedProperties - Importer: ScriptedImporter/UnityEditor.QuickSearchModule:UnityEditor.Search:ASIAI0B
Importing 'GUID: 44583e23afb864117a0b27750581d61a - Path: Packages/com.unity.visualscripting/Runtime/VisualScripting.Core/SerializedProperties - Importer: ScriptedImporter/UnityEditor.QuickSearchModule:UnityEditor.Search:ASIAI0B' with importer (ScriptedImporter : UnityEditor.QuickSearchModule:UnityEditor.Search:ASIAI0B)
Imported 'GUID: 44583e23afb864117a0b27750581d61a' -> (Import Result ID: '5d841ee8169afe0a99511edb58e05e23') in 0.006 seconds [static and dynamic dependencies]. Details - ImportResultOutputID=c2c391c80942e83a7361bf9b4c0870f2 DependenciesID=f84d19bfdef8bfbce60f277c72c04abe StaticDependenciesID=7486278fd8e81558099f9fce05204a65 
Number of updated asset objects reloaded before import = 0
Number of asset objects unloaded after import = 1
========================================================================
Received Import Request.
  Time of request: 2026-08-21T17:33:16.5879856Z
  Time since last request: 0.0006853 seconds.
  importAddress: GUID: 12c42068351bb084abde965d725b9887 - Path: Packages/com.unity.ugui/Runtime/UGUI/UI/Core - Importer: ScriptedImporter/UnityEditor.QuickSearchModule:UnityEditor.Search:ASIAI0B
Importing 'GUID: 12c42068351bb084abde965d725b9887 - Path: Packages/com.unity.ugui/Runtime/UGUI/UI/Core - Importer: ScriptedImporter/UnityEditor.QuickSearchModule:UnityEditor.Search:ASIAI0B' with importer (ScriptedImporter : UnityEditor.QuickSearchModule:UnityEditor.Search:ASIAI0B)
Imported 'GUID: 12c42068351bb084abde965d725b9887' -> (Import Result ID: '1fff9133a114fb7fe075dfec08c04e98') in 0.006 seconds [static and dynamic dependencies]. Details - ImportResultOutputID=76a543bd87d120fa54b431d7bb4e97d5 DependenciesID=cd15d747fa1d1cc52f7fee3b7feef509 StaticDependenciesID=39febe0e016db01ac8eca0d20a274193 
Number of updated asset objects reloaded before import = 0
Number of asset objects unloaded after import = 1
========================================================================
Received Import Request.
  Time of request: 2026-08-21T17:33:16.613465Z
  Time since last request: 0.0007003 seconds.
  importAddress: GUID: c216a661aa5746b19c689c48a2f4d091 - Path: Packages/com.unity.collab-proxy/Editor/Assistant/Tools - Importer: ScriptedImporter/UnityEditor.QuickSearchModule:UnityEditor.Search:ASIAI0B
Importing 'GUID: c216a661aa5746b19c689c48a2f4d091 - Path: Packages/com.unity.collab-proxy/Editor/Assistant/Tools - Importer: ScriptedImporter/UnityEditor.QuickSearchModule:UnityEditor.Search:ASIAI0B' with importer (ScriptedImporter : UnityEditor.QuickSearchModule:UnityEditor.Search:ASIAI0B)
Imported 'GUID: c216a661aa5746b19c689c48a2f4d091' -> (Import Result ID: 'a244d69478748a9aa752dd3ade31336d') in 0.006 seconds [static and dynamic dependencies]. Details - ImportResultOutputID=6dd91ddad09c01baf7538e5f170a4f3e DependenciesID=a5947ab47af83a7ba91f663cd24c6fc7 StaticDependenciesID=077dac300e766519231eb566fd085c60 
Number of updated asset objects reloaded before import = 0
Number of asset objects unloaded after import = 1
========================================================================
Received Import Request.
  Time of request: 2026-08-21T17:33:16.6377399Z
  Time since last request: 0.0006054 seconds.
  importAddress: GUID: 4d7c3af94488c9f43bf33aa63a59b2d1 - Path: Packages/com.unity.shadergraph/Editor/Drawing/ViewModels - Importer: ScriptedImporter/UnityEditor.QuickSearchModule:UnityEditor.Search:ASIAI0B
Importing 'GUID: 4d7c3af94488c9f43bf33aa63a59b2d1 - Path: Packages/com.unity.shadergraph/Editor/Drawing/ViewModels - Importer: ScriptedImporter/UnityEditor.QuickSearchModule:UnityEditor.Search:ASIAI0B' with importer (ScriptedImporter : UnityEditor.QuickSearchModule:UnityEditor.Search:ASIAI0B)
Imported 'GUID: 4d7c3af94488c9f43bf33aa63a59b2d1' -> (Import Result ID: '69f3127801eb6c49ab6630a82bed4f71') in 0.007 seconds [static and dynamic dependencies]. Details - ImportResultOutputID=279198f3dcc81d28eb90d2190ba76d64 DependenciesID=16f5f5d2f2986ffd2104e050ef417b7c StaticDependenciesID=c77c3c1a4bc6a9adce0b8479d6612a88 
Number of updated asset objects reloaded before import = 0
Number of asset objects unloaded after import = 1
========================================================================
Received Import Request.
  Time of request: 2026-08-21T17:33:16.6597804Z
  Time since last request: 0.0008908 seconds.
  importAddress: GUID: 0210636210b964e4cb07b817e5ce6481 - Path: Packages/com.unity.inputsystem/InputSystem/Editor/Plugins/iOS - Importer: ScriptedImporter/UnityEditor.QuickSearchModule:UnityEditor.Search:ASIAI0B
Importing 'GUID: 0210636210b964e4cb07b817e5ce6481 - Path: Packages/com.unity.inputsystem/InputSystem/Editor/Plugins/iOS - Importer: ScriptedImporter/UnityEditor.QuickSearchModule:UnityEditor.Search:ASIAI0B' with importer (ScriptedImporter : UnityEditor.QuickSearchModule:UnityEditor.Search:ASIAI0B)
Imported 'GUID: 0210636210b964e4cb07b817e5ce6481' -> (Import Result ID: '3589fc1ebd8126c139ff903c9d526ad1') in 0.010 seconds [static and dynamic dependencies]. Details - ImportResultOutputID=606c4b478d5ef176a8884f6803b1435c DependenciesID=035fdf60cd22867d49d064723deead2a StaticDependenciesID=30237bcf7fcfc53415641ac8d92dc945 
Number of updated asset objects reloaded before import = 0
Number of asset objects unloaded after import = 1
========================================================================
Received Import Request.
  Time of request: 2026-08-21T17:33:16.690916Z
  Time since last request: 0.0007075 seconds.
  importAddress: GUID: 1c5103f75b5ec7445bb4c7b5a36f6aec - Path: Packages/com.unity.shadergraph/Editor/Data/Nodes/Utility/Logic - Importer: ScriptedImporter/UnityEditor.QuickSearchModule:UnityEditor.Search:ASIAI0B
Importing 'GUID: 1c5103f75b5ec7445bb4c7b5a36f6aec - Path: Packages/com.unity.shadergraph/Editor/Data/Nodes/Utility/Logic - Importer: ScriptedImporter/UnityEditor.QuickSearchModule:UnityEditor.Search:ASIAI0B' with importer (ScriptedImporter : UnityEditor.QuickSearchModule:UnityEditor.Search:ASIAI0B)
Imported 'GUID: 1c5103f75b5ec7445bb4c7b5a36f6aec' -> (Import Result ID: '568b01dbf25f060e66cf7d6fe8b10825') in 0.007 seconds [static and dynamic dependencies]. Details - ImportResultOutputID=abf03ec9d5a0761115e42d65ad42d213 DependenciesID=38c6ef2419741ec0674ca3bac57b5d44 StaticDependenciesID=3dc9114566621f4a99bf3835d48e7e20 
Number of updated asset objects reloaded before import = 0
Number of asset objects unloaded after import = 1
========================================================================
Received Import Request.
  Time of request: 2026-08-21T17:33:16.7166204Z
  Time since last request: 0.0008965 seconds.
  importAddress: GUID: a869f30d596b98e41b8553703937b6e5 - Path: Packages/com.unity.render-pipelines.core/Tests/Editor/ShaderStripping - Importer: ScriptedImporter/UnityEditor.QuickSearchModule:UnityEditor.Search:ASIAI0B
Importing 'GUID: a869f30d596b98e41b8553703937b6e5 - Path: Packages/com.unity.render-pipelines.core/Tests/Editor/ShaderStripping - Importer: ScriptedImporter/UnityEditor.QuickSearchModule:UnityEditor.Search:ASIAI0B' with importer (ScriptedImporter : UnityEditor.QuickSearchModule:UnityEditor.Search:ASIAI0B)
Imported 'GUID: a869f30d596b98e41b8553703937b6e5' -> (Import Result ID: '72c2155aa269d7d88f523a96b98f186c') in 0.008 seconds [static and dynamic dependencies]. Details - ImportResultOutputID=71def04484e7696016e338ce49640dbe DependenciesID=2a182997ad6dd9cfbb9b0196d636ac20 StaticDependenciesID=1380aa782b5d6fdff07b0f8afa3ac0c0 
Number of updated asset objects reloaded before import = 0
Number of asset objects unloaded after import = 1
========================================================================
Received Import Request.
  Time of request: 2026-08-21T17:33:16.7467617Z
  Time since last request: 0.0011492 seconds.
  importAddress: GUID: 18dc0cd2c080841dea60987a38ce93fa - Path: Assets/Settings/UniversalRenderPipelineGlobalSettings.asset - Importer: ScriptedImporter/UnityEditor.QuickSearchModule:UnityEditor.Search:ASIAI0B
Importing 'GUID: 18dc0cd2c080841dea60987a38ce93fa - Path: Assets/Settings/UniversalRenderPipelineGlobalSettings.asset - Importer: ScriptedImporter/UnityEditor.QuickSearchModule:UnityEditor.Search:ASIAI0B' with importer (ScriptedImporter : UnityEditor.QuickSearchModule:UnityEditor.Search:ASIAI0B)
Imported 'GUID: 18dc0cd2c080841dea60987a38ce93fa' -> (Import Result ID: 'b5da6d645172b53789ca3b315a6a1917') in 0.207 seconds [static and dynamic dependencies]. Details - ImportResultOutputID=1dfe5e7ab469704efdc942e775f45bd7 DependenciesID=3784e85db4a7a43c92721a5a684130b7 StaticDependenciesID=8fb37656781b65c2672f2626ebf927a3 
Number of updated asset objects reloaded before import = 0
Number of asset objects unloaded after import = 1
========================================================================
Received Import Request.
  Time of request: 2026-08-21T17:33:17.008466Z
  Time since last request: 0.0290498 seconds.
  importAddress: GUID: 50e5988621f6449898f4d88ce6841c21 - Path: Packages/com.unity.visualscripting/Runtime/VisualScripting.Flow/Framework/Math/Vector2 - Importer: ScriptedImporter/UnityEditor.QuickSearchModule:UnityEditor.Search:ASIAI0B
Importing 'GUID: 50e5988621f6449898f4d88ce6841c21 - Path: Packages/com.unity.visualscripting/Runtime/VisualScripting.Flow/Framework/Math/Vector2 - Importer: ScriptedImporter/UnityEditor.QuickSearchModule:UnityEditor.Search:ASIAI0B' with importer (ScriptedImporter : UnityEditor.QuickSearchModule:UnityEditor.Search:ASIAI0B)
Imported 'GUID: 50e5988621f6449898f4d88ce6841c21' -> (Import Result ID: '907a07751bc291c92f5719d81f07c28e') in 0.010 seconds [static and dynamic dependencies]. Details - ImportResultOutputID=e96efb6faab5b2ed0e5ad12e15130b20 DependenciesID=5c8d9fc8dae2a49a998ec4a89e232544 StaticDependenciesID=f63b1a49b1dc4916781772d40eb73d7b 
Number of updated asset objects reloaded before import = 0
Number of asset objects unloaded after import = 1
========================================================================
Received Import Request.
  Time of request: 2026-08-21T17:33:17.0359415Z
  Time since last request: 0.0016036 seconds.
  importAddress: GUID: 16e691f00ebfa4a6db763bf2e94ab07c - Path: Packages/com.unity.visualscripting/Runtime/VisualScripting.Flow/Framework/Events/Physics2D - Importer: ScriptedImporter/UnityEditor.QuickSearchModule:UnityEditor.Search:ASIAI0B
Importing 'GUID: 16e691f00ebfa4a6db763bf2e94ab07c - Path: Packages/com.unity.visualscripting/Runtime/VisualScripting.Flow/Framework/Events/Physics2D - Importer: ScriptedImporter/UnityEditor.QuickSearchModule:UnityEditor.Search:ASIAI0B' with importer (ScriptedImporter : UnityEditor.QuickSearchModule:UnityEditor.Search:ASIAI0B)
Imported 'GUID: 16e691f00ebfa4a6db763bf2e94ab07c' -> (Import Result ID: '852f623616d0e073dbab044dc83a4bd5') in 0.009 seconds [static and dynamic dependencies]. Details - ImportResultOutputID=94b198dc0bfb0928b124d7c3f97a0387 DependenciesID=015cdc2d27abae00b83e8a2cb6ef4b2f StaticDependenciesID=67f128838ad1b825713d9aa73eb72735 
Number of updated asset objects reloaded before import = 0
Number of asset objects unloaded after import = 1
========================================================================
Received Import Request.
  Time of request: 2026-08-21T17:33:17.0662163Z
  Time since last request: 0.0012858 seconds.
  importAddress: GUID: 491c192b16f732b4983b4a539908ad32 - Path: Packages/com.unity.collab-proxy/Editor/AssetOverlays - Importer: ScriptedImporter/UnityEditor.QuickSearchModule:UnityEditor.Search:ASIAI0B
Importing 'GUID: 491c192b16f732b4983b4a539908ad32 - Path: Packages/com.unity.collab-proxy/Editor/AssetOverlays - Importer: ScriptedImporter/UnityEditor.QuickSearchModule:UnityEditor.Search:ASIAI0B' with importer (ScriptedImporter : UnityEditor.QuickSearchModule:UnityEditor.Search:ASIAI0B)
Imported 'GUID: 491c192b16f732b4983b4a539908ad32' -> (Import Result ID: 'fe848296e89c4a858f70390962433d0b') in 0.017 seconds [static and dynamic dependencies]. Details - ImportResultOutputID=1111f2d19cb21e88977dc351b0f9adb4 DependenciesID=f902380ae64475ba1b578e74de31a3ef StaticDependenciesID=929652ed92a0e0e99cb37e5522b921c3 
Number of updated asset objects reloaded before import = 0
Number of asset objects unloaded after import = 1
========================================================================
Received Import Request.
  Time of request: 2026-08-21T17:33:17.1089296Z
  Time since last request: 0.0012734 seconds.
  importAddress: GUID: 06657c386ba945c2a6e83c5e1d0f04d4 - Path: Packages/com.unity.collab-proxy/Editor/Inspector/Properties/Branch - Importer: ScriptedImporter/UnityEditor.QuickSearchModule:UnityEditor.Search:ASIAI0B
Importing 'GUID: 06657c386ba945c2a6e83c5e1d0f04d4 - Path: Packages/com.unity.collab-proxy/Editor/Inspector/Properties/Branch - Importer: ScriptedImporter/UnityEditor.QuickSearchModule:UnityEditor.Search:ASIAI0B' with importer (ScriptedImporter : UnityEditor.QuickSearchModule:UnityEditor.Search:ASIAI0B)
Imported 'GUID: 06657c386ba945c2a6e83c5e1d0f04d4' -> (Import Result ID: '442f3a09020074c495b4d90d21a43240') in 0.008 seconds [static and dynamic dependencies]. Details - ImportResultOutputID=f0e856f245aa6f7377185c2f398891e0 DependenciesID=bf1591e260b078adb78fb8cf0d041fb0 StaticDependenciesID=6b6cffc3c6fa4029238dd8e215143f02 
Number of updated asset objects reloaded before import = 0
Number of asset objects unloaded after import = 1
========================================================================
Received Import Request.
  Time of request: 2026-08-21T17:33:17.1325033Z
  Time since last request: 0.0006707 seconds.
  importAddress: GUID: 5b837e1d1a64a47099597077ae47b23b - Path: Packages/com.unity.visualscripting/Editor/VisualScripting.Core/ResourceProviders - Importer: ScriptedImporter/UnityEditor.QuickSearchModule:UnityEditor.Search:ASIAI0B
Importing 'GUID: 5b837e1d1a64a47099597077ae47b23b - Path: Packages/com.unity.visualscripting/Editor/VisualScripting.Core/ResourceProviders - Importer: ScriptedImporter/UnityEditor.QuickSearchModule:UnityEditor.Search:ASIAI0B' with importer (ScriptedImporter : UnityEditor.QuickSearchModule:UnityEditor.Search:ASIAI0B)
Imported 'GUID: 5b837e1d1a64a47099597077ae47b23b' -> (Import Result ID: '6807c1d9a0155d675c9fd78de7ee813d') in 0.110 seconds [static and dynamic dependencies]. Details - ImportResultOutputID=1029c832e92e4ade92d29bd017adccec DependenciesID=44a76a7ad0d1dba59e06a8c5788d7028 StaticDependenciesID=eecb2edc6fee8b47043d3ff416095de9 
Number of updated asset objects reloaded before import = 0
Number of asset objects unloaded after import = 1
========================================================================
Received Import Request.
  Time of request: 2026-08-21T17:33:17.2568553Z
  Time since last request: 0.0009903 seconds.
  importAddress: GUID: e99ef42f2dc664abaa33403d1979699a - Path: Packages/com.unity.visualscripting/Editor/VisualScripting.Core/Plugin/Changelogs - Importer: ScriptedImporter/UnityEditor.QuickSearchModule:UnityEditor.Search:ASIAI0B
Importing 'GUID: e99ef42f2dc664abaa33403d1979699a - Path: Packages/com.unity.visualscripting/Editor/VisualScripting.Core/Plugin/Changelogs - Importer: ScriptedImporter/UnityEditor.QuickSearchModule:UnityEditor.Search:ASIAI0B' with importer (ScriptedImporter : UnityEditor.QuickSearchModule:UnityEditor.Search:ASIAI0B)
Imported 'GUID: e99ef42f2dc664abaa33403d1979699a' -> (Import Result ID: '4a70b0bc5d8f1a9cec6b8119da67cc6a') in 0.011 seconds [static and dynamic dependencies]. Details - ImportResultOutputID=c8f2e8c1fcf4bb3a3aec849d7faf1892 DependenciesID=21bee913abe41f1c748effb046e36b52 StaticDependenciesID=165cc1cfc9caaad8e04e1d98366fd67a 
Number of updated asset objects reloaded before import = 0
Number of asset objects unloaded after import = 1
========================================================================
Received Import Request.
  Time of request: 2026-08-21T17:33:17.2871218Z
  Time since last request: 0.0009178 seconds.
  importAddress: GUID: d80c4e95670104343b609a632c5a4157 - Path: Packages/com.unity.collab-proxy/Editor/Views/Filters - Importer: ScriptedImporter/UnityEditor.QuickSearchModule:UnityEditor.Search:ASIAI0B
Importing 'GUID: d80c4e95670104343b609a632c5a4157 - Path: Packages/com.unity.collab-proxy/Editor/Views/Filters - Importer: ScriptedImporter/UnityEditor.QuickSearchModule:UnityEditor.Search:ASIAI0B' with importer (ScriptedImporter : UnityEditor.QuickSearchModule:UnityEditor.Search:ASIAI0B)
Imported 'GUID: d80c4e95670104343b609a632c5a4157' -> (Import Result ID: '3e990129818ba396e415366319428624') in 0.007 seconds [static and dynamic dependencies]. Details - ImportResultOutputID=0606e7e6a6113633d99acf304fb671d2 DependenciesID=28285b25f2b77c4e82f61480cc19cb50 StaticDependenciesID=403126af2e7c46fbb2eb28579bd54b11 
Number of updated asset objects reloaded before import = 0
Number of asset objects unloaded after import = 1
========================================================================
Received Import Request.
  Time of request: 2026-08-21T17:33:17.3139495Z
  Time since last request: 0.0009731 seconds.
  importAddress: GUID: 80a17677e8c9b3040a01d400cf19819f - Path: Packages/com.unity.render-pipelines.universal/Editor/AssetPostProcessors - Importer: ScriptedImporter/UnityEditor.QuickSearchModule:UnityEditor.Search:ASIAI0B
Importing 'GUID: 80a17677e8c9b3040a01d400cf19819f - Path: Packages/com.unity.render-pipelines.universal/Editor/AssetPostProcessors - Importer: ScriptedImporter/UnityEditor.QuickSearchModule:UnityEditor.Search:ASIAI0B' with importer (ScriptedImporter : UnityEditor.QuickSearchModule:UnityEditor.Search:ASIAI0B)
Imported 'GUID: 80a17677e8c9b3040a01d400cf19819f' -> (Import Result ID: '57ffb241b38e65fb7e26ad16ed894cb1') in 0.008 seconds [static and dynamic dependencies]. Details - ImportResultOutputID=c2116821cebac5c099d3f2e51992d666 DependenciesID=87ef882e9ea393b87b58fb894a5b7eba StaticDependenciesID=1838ae5226e3ec8c59b38924f1d8f0ec 
Number of updated asset objects reloaded before import = 0
Number of asset objects unloaded after import = 1
========================================================================
Received Import Request.
  Time of request: 2026-08-21T17:33:17.3406112Z
  Time since last request: 0.0012606 seconds.
  importAddress: GUID: efcf753a96a07b24dbe5f23a8ad5963d - Path: Packages/com.unity.timeline/Runtime - Importer: ScriptedImporter/UnityEditor.QuickSearchModule:UnityEditor.Search:ASIAI0B
Importing 'GUID: efcf753a96a07b24dbe5f23a8ad5963d - Path: Packages/com.unity.timeline/Runtime - Importer: ScriptedImporter/UnityEditor.QuickSearchModule:UnityEditor.Search:ASIAI0B' with importer (ScriptedImporter : UnityEditor.QuickSearchModule:UnityEditor.Search:ASIAI0B)
Imported 'GUID: efcf753a96a07b24dbe5f23a8ad5963d' -> (Import Result ID: 'deafc169c0765e2aac99fa104e3a505a') in 0.006 seconds [static and dynamic dependencies]. Details - ImportResultOutputID=13ec9da24909ba48a543a1670f04d000 DependenciesID=b90e59fa6b52f3d24ccfce9828b58900 StaticDependenciesID=3b701f3fd762bdef2e0f7af7d458ac31 
Number of updated asset objects reloaded before import = 0
Number of asset objects unloaded after import = 1
========================================================================
Received Import Request.
  Time of request: 2026-08-21T17:33:17.3687255Z
  Time since last request: 0.0008378 seconds.
  importAddress: GUID: c433e85ffb033bc99961d95aba84d010 - Path: Packages/com.unity.burst/Runtime/Editor - Importer: ScriptedImporter/UnityEditor.QuickSearchModule:UnityEditor.Search:ASIAI0B
Importing 'GUID: c433e85ffb033bc99961d95aba84d010 - Path: Packages/com.unity.burst/Runtime/Editor - Importer: ScriptedImporter/UnityEditor.QuickSearchModule:UnityEditor.Search:ASIAI0B' with importer (ScriptedImporter : UnityEditor.QuickSearchModule:UnityEditor.Search:ASIAI0B)
Imported 'GUID: c433e85ffb033bc99961d95aba84d010' -> (Import Result ID: 'f0be32b22f16b5f8a85c8904f2a8bc95') in 0.007 seconds [static and dynamic dependencies]. Details - ImportResultOutputID=206db74249b2243ea12783301cf4fa1f DependenciesID=3cb152549bace1144ef1f97ccffe5dab StaticDependenciesID=287990610c1d0011f9a13066f44ceb17 
Number of updated asset objects reloaded before import = 0
Number of asset objects unloaded after import = 1
========================================================================
Received Import Request.
  Time of request: 2026-08-21T17:33:17.3918444Z
  Time since last request: 0.0016228 seconds.
  importAddress: GUID: 96c71b811fa50403690b154e216fe217 - Path: Packages/com.unity.multiplayer.center/Tests/Editor - Importer: ScriptedImporter/UnityEditor.QuickSearchModule:UnityEditor.Search:ASIAI0B
Importing 'GUID: 96c71b811fa50403690b154e216fe217 - Path: Packages/com.unity.multiplayer.center/Tests/Editor - Importer: ScriptedImporter/UnityEditor.QuickSearchModule:UnityEditor.Search:ASIAI0B' with importer (ScriptedImporter : UnityEditor.QuickSearchModule:UnityEditor.Search:ASIAI0B)
Imported 'GUID: 96c71b811fa50403690b154e216fe217' -> (Import Result ID: 'd396b09b09ced758d2f1afa51b3f7659') in 0.006 seconds [static and dynamic dependencies]. Details - ImportResultOutputID=762afec37836be45fd958ad979c39780 DependenciesID=0de469f04b76b0d2986e4715bbd49201 StaticDependenciesID=21bf633b8d7476ed12dd142ebbeece8d 
Number of updated asset objects reloaded before import = 0
Number of asset objects unloaded after import = 1
========================================================================
Received Import Request.
  Time of request: 2026-08-21T17:33:17.4140944Z
  Time since last request: 0.0007907 seconds.
  importAddress: GUID: 89be4d313c8b0fa4c8d2449dbbbf13f0 - Path: Packages/com.unity.render-pipelines.core/Runtime/Textures - Importer: ScriptedImporter/UnityEditor.QuickSearchModule:UnityEditor.Search:ASIAI0B
Importing 'GUID: 89be4d313c8b0fa4c8d2449dbbbf13f0 - Path: Packages/com.unity.render-pipelines.core/Runtime/Textures - Importer: ScriptedImporter/UnityEditor.QuickSearchModule:UnityEditor.Search:ASIAI0B' with importer (ScriptedImporter : UnityEditor.QuickSearchModule:UnityEditor.Search:ASIAI0B)
Imported 'GUID: 89be4d313c8b0fa4c8d2449dbbbf13f0' -> (Import Result ID: '435b74ce650ad7346fc9636b42bb295e') in 0.008 seconds [static and dynamic dependencies]. Details - ImportResultOutputID=aee91bead49065986f28c48e40531ba2 DependenciesID=b72575bc99d8938b9f87e262a18f3052 StaticDependenciesID=c50e948bf2eaf5bc5b736cf94250ca96 
Number of updated asset objects reloaded before import = 0
Number of asset objects unloaded after import = 1
========================================================================
Received Import Request.
  Time of request: 2026-08-21T17:33:17.4366241Z
  Time since last request: 0.0006715 seconds.
  importAddress: GUID: 605eb5c5a280c014fa0952cd022f2579 - Path: Packages/com.unity.shadergraph/Editor/Data/SubGraph - Importer: ScriptedImporter/UnityEditor.QuickSearchModule:UnityEditor.Search:ASIAI0B
Importing 'GUID: 605eb5c5a280c014fa0952cd022f2579 - Path: Packages/com.unity.shadergraph/Editor/Data/SubGraph - Importer: ScriptedImporter/UnityEditor.QuickSearchModule:UnityEditor.Search:ASIAI0B' with importer (ScriptedImporter : UnityEditor.QuickSearchModule:UnityEditor.Search:ASIAI0B)
Imported 'GUID: 605eb5c5a280c014fa0952cd022f2579' -> (Import Result ID: '8338390c96c45781de0b1a54cb1a2e0d') in 0.007 seconds [static and dynamic dependencies]. Details - ImportResultOutputID=3dcd08ca25d19818d13d74162b5fbd56 DependenciesID=40ce164407c91c5ae42191fb46d308db StaticDependenciesID=6ff4576526257a9a2fd13d5e9dd8acf0 
Number of updated asset objects reloaded before import = 0
Number of asset objects unloaded after import = 1
========================================================================
Received Import Request.
  Time of request: 2026-08-21T17:33:17.4582583Z
  Time since last request: 0.0007807 seconds.
  importAddress: GUID: da0f06d1af1e98c48b8ffbe1e6e4df96 - Path: Packages/com.unity.render-pipelines.universal/Editor/Overrides/Shaders - Importer: ScriptedImporter/UnityEditor.QuickSearchModule:UnityEditor.Search:ASIAI0B
Importing 'GUID: da0f06d1af1e98c48b8ffbe1e6e4df96 - Path: Packages/com.unity.render-pipelines.universal/Editor/Overrides/Shaders - Importer: ScriptedImporter/UnityEditor.QuickSearchModule:UnityEditor.Search:ASIAI0B' with importer (ScriptedImporter : UnityEditor.QuickSearchModule:UnityEditor.Search:ASIAI0B)
Imported 'GUID: da0f06d1af1e98c48b8ffbe1e6e4df96' -> (Import Result ID: '3fe4ca7758a90ee6655eae3db84888f9') in 0.006 seconds [static and dynamic dependencies]. Details - ImportResultOutputID=3994161111721e4baa150d0d5a787cfe DependenciesID=40c729a9fb1ba8ac558b6cd1c383bc80 StaticDependenciesID=d54cecaa114611cc0d6d980ae2b8eb72 
Number of updated asset objects reloaded before import = 0
Number of asset objects unloaded after import = 1
========================================================================
Received Import Request.
  Time of request: 2026-08-21T17:33:17.4808596Z
  Time since last request: 0.0014808 seconds.
  importAddress: GUID: c060426bfd6e82575228df6656368eaa - Path: Packages/com.unity.modules.imgui - Importer: ScriptedImporter/UnityEditor.QuickSearchModule:UnityEditor.Search:ASIAI0B
Importing 'GUID: c060426bfd6e82575228df6656368eaa - Path: Packages/com.unity.modules.imgui - Importer: ScriptedImporter/UnityEditor.QuickSearchModule:UnityEditor.Search:ASIAI0B' with importer (ScriptedImporter : UnityEditor.QuickSearchModule:UnityEditor.Search:ASIAI0B)
Imported 'GUID: c060426bfd6e82575228df6656368eaa' -> (Import Result ID: '4094ceea5836d370c47af761823ecf4e') in 0.007 seconds [static and dynamic dependencies]. Details - ImportResultOutputID=e56d159500cb213c893cdd4f4ee515b7 DependenciesID=a0f15abc677b17e2fd325ec5df45f834 StaticDependenciesID=35919abe11298262c0474461b1888cb2 
Number of updated asset objects reloaded before import = 0
Number of asset objects unloaded after import = 1
========================================================================
Received Import Request.
  Time of request: 2026-08-21T17:33:17.5003152Z
  Time since last request: 0.0005678 seconds.
  importAddress: GUID: 28b2b06f6ff88404c8c0d855b9599203 - Path: Packages/com.unity.shadergraph/Editor/Data/Nodes/Math/Trigonometry - Importer: ScriptedImporter/UnityEditor.QuickSearchModule:UnityEditor.Search:ASIAI0B
Importing 'GUID: 28b2b06f6ff88404c8c0d855b9599203 - Path: Packages/com.unity.shadergraph/Editor/Data/Nodes/Math/Trigonometry - Importer: ScriptedImporter/UnityEditor.QuickSearchModule:UnityEditor.Search:ASIAI0B' with importer (ScriptedImporter : UnityEditor.QuickSearchModule:UnityEditor.Search:ASIAI0B)
Imported 'GUID: 28b2b06f6ff88404c8c0d855b9599203' -> (Import Result ID: '029f480859aad08d1bf1797eb498fb93') in 0.007 seconds [static and dynamic dependencies]. Details - ImportResultOutputID=834796e3ba1eef27af1a89f69655a5a5 DependenciesID=f52708129544390f584f4b896c59147e StaticDependenciesID=2e6a7e853d1d12c16304679f9b03c0f7 
Number of updated asset objects reloaded before import = 0
Number of asset objects unloaded after import = 1
========================================================================
Received Import Request.
  Time of request: 2026-08-21T17:33:17.5211471Z
  Time since last request: 0.0006071 seconds.
  importAddress: GUID: 74f319061d92c11439d4f7e87c991e89 - Path: Packages/com.unity.shadergraph/Editor/Data/Nodes/Procedural/Shape - Importer: ScriptedImporter/UnityEditor.QuickSearchModule:UnityEditor.Search:ASIAI0B
Importing 'GUID: 74f319061d92c11439d4f7e87c991e89 - Path: Packages/com.unity.shadergraph/Editor/Data/Nodes/Procedural/Shape - Importer: ScriptedImporter/UnityEditor.QuickSearchModule:UnityEditor.Search:ASIAI0B' with importer (ScriptedImporter : UnityEditor.QuickSearchModule:UnityEditor.Search:ASIAI0B)
Imported 'GUID: 74f319061d92c11439d4f7e87c991e89' -> (Import Result ID: 'dfd907b0ebe9d5d8a873c94d31f9a55b') in 0.010 seconds [static and dynamic dependencies]. Details - ImportResultOutputID=fcd67faf4e0bb24967fe7951831d2482 DependenciesID=522bd047fc5c50d78509090500994b86 StaticDependenciesID=ab1bfddf2dd090b5a585117f80e9ef58 
Number of updated asset objects reloaded before import = 0
Number of asset objects unloaded after import = 1
========================================================================
Received Import Request.
  Time of request: 2026-08-21T17:33:17.5446416Z
  Time since last request: 0.0011793 seconds.
  importAddress: GUID: 16388ae022a89264b84107f0c1b44680 - Path: Packages/com.unity.timeline/Editor/treeview/Drawers/Layers - Importer: ScriptedImporter/UnityEditor.QuickSearchModule:UnityEditor.Search:ASIAI0B
Importing 'GUID: 16388ae022a89264b84107f0c1b44680 - Path: Packages/com.unity.timeline/Editor/treeview/Drawers/Layers - Importer: ScriptedImporter/UnityEditor.QuickSearchModule:UnityEditor.Search:ASIAI0B' with importer (ScriptedImporter : UnityEditor.QuickSearchModule:UnityEditor.Search:ASIAI0B)
Imported 'GUID: 16388ae022a89264b84107f0c1b44680' -> (Import Result ID: '0cfbf9dac90f1b3e85d7eac1610cfc50') in 0.007 seconds [static and dynamic dependencies]. Details - ImportResultOutputID=f9884d3dc0859a6fa413afc29631186a DependenciesID=84438b5648a7fe05a3fbc6bb40a13f19 StaticDependenciesID=ef4cd3ca60d088e6847a13b8fc950067 
Number of updated asset objects reloaded before import = 0
Number of asset objects unloaded after import = 1
========================================================================
Received Import Request.
  Time of request: 2026-08-21T17:33:17.5675806Z
  Time since last request: 0.0010088 seconds.
  importAddress: GUID: 5818a14fd27827e48951a0d2ee539d75 - Path: Packages/com.unity.render-pipelines.universal/Runtime/Decal/ScreenSpace - Importer: ScriptedImporter/UnityEditor.QuickSearchModule:UnityEditor.Search:ASIAI0B
Importing 'GUID: 5818a14fd27827e48951a0d2ee539d75 - Path: Packages/com.unity.render-pipelines.universal/Runtime/Decal/ScreenSpace - Importer: ScriptedImporter/UnityEditor.QuickSearchModule:UnityEditor.Search:ASIAI0B' with importer (ScriptedImporter : UnityEditor.QuickSearchModule:UnityEditor.Search:ASIAI0B)
Imported 'GUID: 5818a14fd27827e48951a0d2ee539d75' -> (Import Result ID: 'ab92035905b0efbd96f0e3d440440b88') in 0.006 seconds [static and dynamic dependencies]. Details - ImportResultOutputID=f99c522c063599b0603a93c4715c9c2b DependenciesID=a1f93d43e45eae93d6c0d8369cf00589 StaticDependenciesID=e3af8ee37988670a46df967f0eb78f41 
Number of updated asset objects reloaded before import = 0
Number of asset objects unloaded after import = 1
========================================================================
Received Import Request.
  Time of request: 2026-08-21T17:33:17.5890255Z
  Time since last request: 0.000873 seconds.
  importAddress: GUID: bc884dcacf46c4fd28fe9c7e605b46b4 - Path: Packages/com.unity.visualscripting/Editor/VisualScripting.Flow/Events - Importer: ScriptedImporter/UnityEditor.QuickSearchModule:UnityEditor.Search:ASIAI0B
Importing 'GUID: bc884dcacf46c4fd28fe9c7e605b46b4 - Path: Packages/com.unity.visualscripting/Editor/VisualScripting.Flow/Events - Importer: ScriptedImporter/UnityEditor.QuickSearchModule:UnityEditor.Search:ASIAI0B' with importer (ScriptedImporter : UnityEditor.QuickSearchModule:UnityEditor.Search:ASIAI0B)
Imported 'GUID: bc884dcacf46c4fd28fe9c7e605b46b4' -> (Import Result ID: '9f377ace81c373a77d40cb26eb49ecfb') in 0.006 seconds [static and dynamic dependencies]. Details - ImportResultOutputID=97f0eebb5fe59a9571589b59b0c2a8dc DependenciesID=18c849b3421ec889c88d386a4a8a077d StaticDependenciesID=3afc5feeeeb0897f49962a20024bfbb3 
Number of updated asset objects reloaded before import = 0
Number of asset objects unloaded after import = 1
========================================================================
Received Import Request.
  Time of request: 2026-08-21T17:33:17.6107076Z
  Time since last request: 0.0011329 seconds.
  importAddress: GUID: 0b1525bda7254587be55ddfe956a7b96 - Path: Packages/com.unity.visualscripting/Editor/VisualScripting.State/Plugin/Migrations - Importer: ScriptedImporter/UnityEditor.QuickSearchModule:UnityEditor.Search:ASIAI0B
Importing 'GUID: 0b1525bda7254587be55ddfe956a7b96 - Path: Packages/com.unity.visualscripting/Editor/VisualScripting.State/Plugin/Migrations - Importer: ScriptedImporter/UnityEditor.QuickSearchModule:UnityEditor.Search:ASIAI0B' with importer (ScriptedImporter : UnityEditor.QuickSearchModule:UnityEditor.Search:ASIAI0B)
Imported 'GUID: 0b1525bda7254587be55ddfe956a7b96' -> (Import Result ID: '685fd8e736eacfbda3358493844e7f74') in 0.006 seconds [static and dynamic dependencies]. Details - ImportResultOutputID=a4543578b67ff321eb405c47ab2b2ad4 DependenciesID=ac8d1c93312d90d15bfce32987057e31 StaticDependenciesID=57a4cc4f8b26cfb97ca02d5b61f9bbf8 
Number of updated asset objects reloaded before import = 0
Number of asset objects unloaded after import = 1
========================================================================
Received Import Request.
  Time of request: 2026-08-21T17:33:17.6350187Z
  Time since last request: 0.0007837 seconds.
  importAddress: GUID: ba39339000b3414c8fd14964ae548fc6 - Path: Packages/com.unity.collab-proxy/Editor/_Deprecated/UI - Importer: ScriptedImporter/UnityEditor.QuickSearchModule:UnityEditor.Search:ASIAI0B
Importing 'GUID: ba39339000b3414c8fd14964ae548fc6 - Path: Packages/com.unity.collab-proxy/Editor/_Deprecated/UI - Importer: ScriptedImporter/UnityEditor.QuickSearchModule:UnityEditor.Search:ASIAI0B' with importer (ScriptedImporter : UnityEditor.QuickSearchModule:UnityEditor.Search:ASIAI0B)
Imported 'GUID: ba39339000b3414c8fd14964ae548fc6' -> (Import Result ID: '7e07bb81b903449e1dfa042a17ed68eb') in 0.008 seconds [static and dynamic dependencies]. Details - ImportResultOutputID=d626271788cb25bed86e09b9b6ed4cd4 DependenciesID=a0acc70e74a13a55ab9f4c0d6eee3da1 StaticDependenciesID=919cad6bbe2a560b0c83ec5d8a422ccd 
Number of updated asset objects reloaded before import = 0
Number of asset objects unloaded after import = 1
========================================================================
Received Import Request.
  Time of request: 2026-08-21T17:33:17.6615636Z
  Time since last request: 0.0008439 seconds.
  importAddress: GUID: fba05ad04ca734045bd6708fb9c77773 - Path: Packages/com.unity.render-pipelines.core/Tests/Editor/Utilities - Importer: ScriptedImporter/UnityEditor.QuickSearchModule:UnityEditor.Search:ASIAI0B
Importing 'GUID: fba05ad04ca734045bd6708fb9c77773 - Path: Packages/com.unity.render-pipelines.core/Tests/Editor/Utilities - Importer: ScriptedImporter/UnityEditor.QuickSearchModule:UnityEditor.Search:ASIAI0B' with importer (ScriptedImporter : UnityEditor.QuickSearchModule:UnityEditor.Search:ASIAI0B)
Imported 'GUID: fba05ad04ca734045bd6708fb9c77773' -> (Import Result ID: 'f7a6d8bcd1ef4e64c9e734b6a6092d59') in 0.006 seconds [static and dynamic dependencies]. Details - ImportResultOutputID=d7323af76984cb77d18423939c15a118 DependenciesID=a15ab042092a34784e5ba376e10a5c4a StaticDependenciesID=de652f3893893a1332b291a3c638c33e 
Number of updated asset objects reloaded before import = 0
Number of asset objects unloaded after import = 1
========================================================================
Received Import Request.
  Time of request: 2026-08-21T17:33:17.6863486Z
  Time since last request: 0.000626 seconds.
  importAddress: GUID: e9d0cb75db03b44ebae978ba3dbcd6de - Path: Packages/com.unity.visualscripting/Runtime/VisualScripting.Flow/Framework/Events/Input - Importer: ScriptedImporter/UnityEditor.QuickSearchModule:UnityEditor.Search:ASIAI0B
Importing 'GUID: e9d0cb75db03b44ebae978ba3dbcd6de - Path: Packages/com.unity.visualscripting/Runtime/VisualScripting.Flow/Framework/Events/Input - Importer: ScriptedImporter/UnityEditor.QuickSearchModule:UnityEditor.Search:ASIAI0B' with importer (ScriptedImporter : UnityEditor.QuickSearchModule:UnityEditor.Search:ASIAI0B)
Imported 'GUID: e9d0cb75db03b44ebae978ba3dbcd6de' -> (Import Result ID: '985d4c9a705325ce405077265273587a') in 0.007 seconds [static and dynamic dependencies]. Details - ImportResultOutputID=da474c4e3e6ac1a5ac8e1466dbee3018 DependenciesID=fbe6c6b19f74027ffc90c0049a284ee1 StaticDependenciesID=c7f6072d70959c41baf1d43516ec7180 
Number of updated asset objects reloaded before import = 0
Number of asset objects unloaded after import = 1
========================================================================
Received Import Request.
  Time of request: 2026-08-21T17:33:17.7073587Z
  Time since last request: 0.0005941 seconds.
  importAddress: GUID: 8488c4add4764941a2d903bf014329b9 - Path: Packages/com.unity.shadergraph/Editor/Drawing/Inspector/PropertyDrawers - Importer: ScriptedImporter/UnityEditor.QuickSearchModule:UnityEditor.Search:ASIAI0B
Importing 'GUID: 8488c4add4764941a2d903bf014329b9 - Path: Packages/com.unity.shadergraph/Editor/Drawing/Inspector/PropertyDrawers - Importer: ScriptedImporter/UnityEditor.QuickSearchModule:UnityEditor.Search:ASIAI0B' with importer (ScriptedImporter : UnityEditor.QuickSearchModule:UnityEditor.Search:ASIAI0B)
Imported 'GUID: 8488c4add4764941a2d903bf014329b9' -> (Import Result ID: '72500297592106af2ae117e9e04b9bff') in 0.006 seconds [static and dynamic dependencies]. Details - ImportResultOutputID=b2b2b75f301316c22cdb71ea61498345 DependenciesID=ca9af2271637ddb06e6331fa7d5ef0b9 StaticDependenciesID=839023daf7b00ad788eab8a87beb5cd5 
Number of updated asset objects reloaded before import = 0
Number of asset objects unloaded after import = 1
========================================================================
Received Import Request.
  Time of request: 2026-08-21T17:33:17.7290257Z
  Time since last request: 0.0008382 seconds.
  importAddress: GUID: 06048b058d37f4b2ebb35cec1ac211e8 - Path: Packages/com.unity.visualscripting/Editor/VisualScripting.Core/Variables - Importer: ScriptedImporter/UnityEditor.QuickSearchModule:UnityEditor.Search:ASIAI0B
Importing 'GUID: 06048b058d37f4b2ebb35cec1ac211e8 - Path: Packages/com.unity.visualscripting/Editor/VisualScripting.Core/Variables - Importer: ScriptedImporter/UnityEditor.QuickSearchModule:UnityEditor.Search:ASIAI0B' with importer (ScriptedImporter : UnityEditor.QuickSearchModule:UnityEditor.Search:ASIAI0B)
Imported 'GUID: 06048b058d37f4b2ebb35cec1ac211e8' -> (Import Result ID: '9a2bb747793f17f563acf0d687fabab8') in 0.007 seconds [static and dynamic dependencies]. Details - ImportResultOutputID=63d1b1b0b664a8d77f97ce7ab608cc25 DependenciesID=c1ab597b75bf69a027d385aea59c45a5 StaticDependenciesID=826874121790619ce74653c12605aa2e 
Number of updated asset objects reloaded before import = 0
Number of asset objects unloaded after import = 1
========================================================================
Received Import Request.
  Time of request: 2026-08-21T17:33:17.7495299Z
  Time since last request: 0.0006715 seconds.
  importAddress: GUID: 645a313df7299734ea75e87c37e6addb - Path: Packages/com.unity.render-pipelines.core/Editor/STP - Importer: ScriptedImporter/UnityEditor.QuickSearchModule:UnityEditor.Search:ASIAI0B
Importing 'GUID: 645a313df7299734ea75e87c37e6addb - Path: Packages/com.unity.render-pipelines.core/Editor/STP - Importer: ScriptedImporter/UnityEditor.QuickSearchModule:UnityEditor.Search:ASIAI0B' with importer (ScriptedImporter : UnityEditor.QuickSearchModule:UnityEditor.Search:ASIAI0B)
Imported 'GUID: 645a313df7299734ea75e87c37e6addb' -> (Import Result ID: 'd3b368488cda7ec203e17acd38bd2fcb') in 0.010 seconds [static and dynamic dependencies]. Details - ImportResultOutputID=aa01e9f7604caa74b0a1ea7aa1aea167 DependenciesID=5cb76f8d7e5d2e87d1472afeec703593 StaticDependenciesID=d1a1dc131e7edec9894dce8c1e0a9c28 
Number of updated asset objects reloaded before import = 0
Number of asset objects unloaded after import = 1
========================================================================
Received Import Request.
  Time of request: 2026-08-21T17:33:17.7719402Z
  Time since last request: 0.000636 seconds.
  importAddress: GUID: f577e6e8e371d49098ffa149f119d052 - Path: Packages/com.unity.visualscripting - Importer: ScriptedImporter/UnityEditor.QuickSearchModule:UnityEditor.Search:ASIAI0B
Importing 'GUID: f577e6e8e371d49098ffa149f119d052 - Path: Packages/com.unity.visualscripting - Importer: ScriptedImporter/UnityEditor.QuickSearchModule:UnityEditor.Search:ASIAI0B' with importer (ScriptedImporter : UnityEditor.QuickSearchModule:UnityEditor.Search:ASIAI0B)
Imported 'GUID: f577e6e8e371d49098ffa149f119d052' -> (Import Result ID: 'c5c4be066c7f853db607ea31f03e80d6') in 0.008 seconds [static and dynamic dependencies]. Details - ImportResultOutputID=2381f0548dccaa5d61e387075e46ad89 DependenciesID=0bbf8b239ec49d02ebfce503853d56f6 StaticDependenciesID=e5d4ff482d6aac16bdedaffa5144a94d 
Number of updated asset objects reloaded before import = 0
Number of asset objects unloaded after import = 1
========================================================================
Received Import Request.
  Time of request: 2026-08-21T17:33:17.7977483Z
  Time since last request: 0.0006874 seconds.
  importAddress: GUID: de8323a5bcf412c073222f94612bf110 - Path: Packages/com.unity.test-framework - Importer: ScriptedImporter/UnityEditor.QuickSearchModule:UnityEditor.Search:ASIAI0B
Importing 'GUID: de8323a5bcf412c073222f94612bf110 - Path: Packages/com.unity.test-framework - Importer: ScriptedImporter/UnityEditor.QuickSearchModule:UnityEditor.Search:ASIAI0B' with importer (ScriptedImporter : UnityEditor.QuickSearchModule:UnityEditor.Search:ASIAI0B)
Imported 'GUID: de8323a5bcf412c073222f94612bf110' -> (Import Result ID: '5e25320379afd13cde4f8033630f8766') in 0.007 seconds [static and dynamic dependencies]. Details - ImportResultOutputID=8ef6604718f91f075f93e302889b6a93 DependenciesID=98a68b08d4e3f59dc851635597eee411 StaticDependenciesID=478106ab0f908032b508d587379da2cb 
Number of updated asset objects reloaded before import = 0
Number of asset objects unloaded after import = 1
========================================================================
Received Import Request.
  Time of request: 2026-08-21T17:33:17.8200747Z
  Time since last request: 0.0009347 seconds.
  importAddress: GUID: e38cdda355b6f4f8fb66876f964f570e - Path: Packages/com.unity.inputsystem/InputSystem/Editor/Plugins/HID - Importer: ScriptedImporter/UnityEditor.QuickSearchModule:UnityEditor.Search:ASIAI0B
Importing 'GUID: e38cdda355b6f4f8fb66876f964f570e - Path: Packages/com.unity.inputsystem/InputSystem/Editor/Plugins/HID - Importer: ScriptedImporter/UnityEditor.QuickSearchModule:UnityEditor.Search:ASIAI0B' with importer (ScriptedImporter : UnityEditor.QuickSearchModule:UnityEditor.Search:ASIAI0B)
Imported 'GUID: e38cdda355b6f4f8fb66876f964f570e' -> (Import Result ID: '5b48bce8596dcb44b0ff392611f834d6') in 0.008 seconds [static and dynamic dependencies]. Details - ImportResultOutputID=24ba4af37f4cb993cad259070a1549e4 DependenciesID=2088f9600adcdd9d82ed2fc26e890499 StaticDependenciesID=06288e6aa4d2ed4563fba61086e8c058 
Number of updated asset objects reloaded before import = 0
Number of asset objects unloaded after import = 1
========================================================================
Received Import Request.
  Time of request: 2026-08-21T17:33:17.845451Z
  Time since last request: 0.0009663 seconds.
  importAddress: GUID: 4198868b7a6f4b29aee31bc2cd593c1e - Path: Packages/com.unity.collab-proxy/Editor/Views/BranchExplorer/Menu - Importer: ScriptedImporter/UnityEditor.QuickSearchModule:UnityEditor.Search:ASIAI0B
Importing 'GUID: 4198868b7a6f4b29aee31bc2cd593c1e - Path: Packages/com.unity.collab-proxy/Editor/Views/BranchExplorer/Menu - Importer: ScriptedImporter/UnityEditor.QuickSearchModule:UnityEditor.Search:ASIAI0B' with importer (ScriptedImporter : UnityEditor.QuickSearchModule:UnityEditor.Search:ASIAI0B)
Imported 'GUID: 4198868b7a6f4b29aee31bc2cd593c1e' -> (Import Result ID: '4e5716deb5475756554eee19f89d85dd') in 0.007 seconds [static and dynamic dependencies]. Details - ImportResultOutputID=7811b759792814cb183cb18f8da10f0c DependenciesID=7f76a792816837ac75571ad7db9b007d StaticDependenciesID=a05ffc5bb22bfe062599a9079ee05fee 
Number of updated asset objects reloaded before import = 0
Number of asset objects unloaded after import = 1
========================================================================
Received Import Request.
  Time of request: 2026-08-21T17:33:17.8695516Z
  Time since last request: 0.0006813 seconds.
  importAddress: GUID: 07cc6493671f2344089936cf4a0ab49b - Path: Packages/com.unity.shadergraph/Editor/Data/Nodes/Input/Texture - Importer: ScriptedImporter/UnityEditor.QuickSearchModule:UnityEditor.Search:ASIAI0B
Importing 'GUID: 07cc6493671f2344089936cf4a0ab49b - Path: Packages/com.unity.shadergraph/Editor/Data/Nodes/Input/Texture - Importer: ScriptedImporter/UnityEditor.QuickSearchModule:UnityEditor.Search:ASIAI0B' with importer (ScriptedImporter : UnityEditor.QuickSearchModule:UnityEditor.Search:ASIAI0B)
Imported 'GUID: 07cc6493671f2344089936cf4a0ab49b' -> (Import Result ID: '99638559f16acd0be7d47d50e84b61e4') in 0.007 seconds [static and dynamic dependencies]. Details - ImportResultOutputID=c729e1eb4abd1757334cb6c1124b6a91 DependenciesID=4bc780af49ca3debeff248d8c3dde996 StaticDependenciesID=372088cf83dfdde771800e8d9a056c41 
Number of updated asset objects reloaded before import = 0
Number of asset objects unloaded after import = 1
========================================================================
Received Import Request.
  Time of request: 2026-08-21T17:33:17.8942994Z
  Time since last request: 0.000751 seconds.
  importAddress: GUID: a05d5395a414809438a369bcd59aa8d0 - Path: Packages/com.unity.render-pipelines.core/Editor/UXML - Importer: ScriptedImporter/UnityEditor.QuickSearchModule:UnityEditor.Search:ASIAI0B
Importing 'GUID: a05d5395a414809438a369bcd59aa8d0 - Path: Packages/com.unity.render-pipelines.core/Editor/UXML - Importer: ScriptedImporter/UnityEditor.QuickSearchModule:UnityEditor.Search:ASIAI0B' with importer (ScriptedImporter : UnityEditor.QuickSearchModule:UnityEditor.Search:ASIAI0B)
Imported 'GUID: a05d5395a414809438a369bcd59aa8d0' -> (Import Result ID: '3770bd0a5473082cc4ceb4f8b18bf79d') in 0.007 seconds [static and dynamic dependencies]. Details - ImportResultOutputID=1946754827285019128948104ec57a00 DependenciesID=fca462b05c33735f4fe955f7e6692f20 StaticDependenciesID=2e01f056f5a8f0a3af797b037f894ee9 
Number of updated asset objects reloaded before import = 0
Number of asset objects unloaded after import = 1
========================================================================
Received Import Request.
  Time of request: 2026-08-21T17:33:17.9175271Z
  Time since last request: 0.0007207 seconds.
  importAddress: GUID: daf0394f2eba458409f27dd213abede2 - Path: Packages/com.unity.shadergraph/GraphTemplates/BuiltIn - Importer: ScriptedImporter/UnityEditor.QuickSearchModule:UnityEditor.Search:ASIAI0B
Importing 'GUID: daf0394f2eba458409f27dd213abede2 - Path: Packages/com.unity.shadergraph/GraphTemplates/BuiltIn - Importer: ScriptedImporter/UnityEditor.QuickSearchModule:UnityEditor.Search:ASIAI0B' with importer (ScriptedImporter : UnityEditor.QuickSearchModule:UnityEditor.Search:ASIAI0B)
Imported 'GUID: daf0394f2eba458409f27dd213abede2' -> (Import Result ID: 'c5742bd692eb609d97ecbe2c3ab197b7') in 0.006 seconds [static and dynamic dependencies]. Details - ImportResultOutputID=0d64e1480088cbe8178b74c7c40d206d DependenciesID=051032299f1101206a21ee4b5d93d7c1 StaticDependenciesID=fb52f268a3439f4e72162799a529fb82 
Number of updated asset objects reloaded before import = 0
Number of asset objects unloaded after import = 1
========================================================================
Received Import Request.
  Time of request: 2026-08-21T17:33:17.9556905Z
  Time since last request: 0.0176282 seconds.
  importAddress: GUID: 86cacab070a0a46e99aedb596a32c4fe - Path: Packages/com.unity.timeline/Editor/inspectors/CurvesOwner - Importer: ScriptedImporter/UnityEditor.QuickSearchModule:UnityEditor.Search:ASIAI0B
Importing 'GUID: 86cacab070a0a46e99aedb596a32c4fe - Path: Packages/com.unity.timeline/Editor/inspectors/CurvesOwner - Importer: ScriptedImporter/UnityEditor.QuickSearchModule:UnityEditor.Search:ASIAI0B' with importer (ScriptedImporter : UnityEditor.QuickSearchModule:UnityEditor.Search:ASIAI0B)
Imported 'GUID: 86cacab070a0a46e99aedb596a32c4fe' -> (Import Result ID: '371491099b7e25c0ee5cc4b2882b1b61') in 0.009 seconds [static and dynamic dependencies]. Details - ImportResultOutputID=2e7aaef9e407c783d310b937a3743f23 DependenciesID=a94589e65835a439eee980681fb3727f StaticDependenciesID=be90d91213243e919602327921a235f5 
Number of updated asset objects reloaded before import = 0
Number of asset objects unloaded after import = 1
========================================================================
Received Import Request.
  Time of request: 2026-08-21T17:33:17.9814149Z
  Time since last request: 0.0013425 seconds.
  importAddress: GUID: e45006b8ac3b76f4aa0df05ea8514cbe - Path: Packages/com.unity.shadergraph/Editor/Util - Importer: ScriptedImporter/UnityEditor.QuickSearchModule:UnityEditor.Search:ASIAI0B
Importing 'GUID: e45006b8ac3b76f4aa0df05ea8514cbe - Path: Packages/com.unity.shadergraph/Editor/Util - Importer: ScriptedImporter/UnityEditor.QuickSearchModule:UnityEditor.Search:ASIAI0B' with importer (ScriptedImporter : UnityEditor.QuickSearchModule:UnityEditor.Search:ASIAI0B)
Imported 'GUID: e45006b8ac3b76f4aa0df05ea8514cbe' -> (Import Result ID: 'a914bab51cb5ea26cfbb9593ddee72c9') in 0.006 seconds [static and dynamic dependencies]. Details - ImportResultOutputID=417409dea729886aa8c230c12395187a DependenciesID=35981c0f67c8d518722e3a874c63b2b8 StaticDependenciesID=902045fde96e6118b575a0dd2979b0aa 
Number of updated asset objects reloaded before import = 0
Number of asset objects unloaded after import = 1
========================================================================
Received Import Request.
  Time of request: 2026-08-21T17:33:18.0038023Z
  Time since last request: 0.0005981 seconds.
  importAddress: GUID: 590a4d4bb9095e44fa44bee78b9ba17d - Path: Packages/com.unity.collab-proxy/Editor/UVCSToolbar - Importer: ScriptedImporter/UnityEditor.QuickSearchModule:UnityEditor.Search:ASIAI0B
Importing 'GUID: 590a4d4bb9095e44fa44bee78b9ba17d - Path: Packages/com.unity.collab-proxy/Editor/UVCSToolbar - Importer: ScriptedImporter/UnityEditor.QuickSearchModule:UnityEditor.Search:ASIAI0B' with importer (ScriptedImporter : UnityEditor.QuickSearchModule:UnityEditor.Search:ASIAI0B)
Imported 'GUID: 590a4d4bb9095e44fa44bee78b9ba17d' -> (Import Result ID: '379920212e0293da77201d05841cbfff') in 0.006 seconds [static and dynamic dependencies]. Details - ImportResultOutputID=137c3f54ad653f11716d2bf358afc32b DependenciesID=9252194a90a748a3c3c6494610a61f3a StaticDependenciesID=dc79dda6480d241d0fffab69453437e7 
Number of updated asset objects reloaded before import = 0
Number of asset objects unloaded after import = 1
========================================================================
Received Import Request.
  Time of request: 2026-08-21T17:33:18.0248012Z
  Time since last request: 0.0008857 seconds.
  importAddress: GUID: ba062aa6c92b140379dbc06b43dd3b9b - Path: Assets/TutorialInfo - Importer: ScriptedImporter/UnityEditor.QuickSearchModule:UnityEditor.Search:ASIAI0B
Importing 'GUID: ba062aa6c92b140379dbc06b43dd3b9b - Path: Assets/TutorialInfo - Importer: ScriptedImporter/UnityEditor.QuickSearchModule:UnityEditor.Search:ASIAI0B' with importer (ScriptedImporter : UnityEditor.QuickSearchModule:UnityEditor.Search:ASIAI0B)
Imported 'GUID: ba062aa6c92b140379dbc06b43dd3b9b' -> (Import Result ID: 'd82a4f9b73f89c10f263004be0eee686') in 0.007 seconds [static and dynamic dependencies]. Details - ImportResultOutputID=8cb8b247938194c93849723cc1e8a9d3 DependenciesID=fbde7eec92ae9533de7158c4431779ed StaticDependenciesID=f4d44e2e54c5cd2dbe99a20a2dc130f0 
Number of updated asset objects reloaded before import = 0
Number of asset objects unloaded after import = 1
========================================================================
Received Import Request.
  Time of request: 2026-08-21T17:33:18.0474627Z
  Time since last request: 0.0006295 seconds.
  importAddress: GUID: 43b1467da3d29ae4597a733828cdd84a - Path: Packages/com.unity.ugui/Tests/Runtime/UGUI/ScrollBar - Importer: ScriptedImporter/UnityEditor.QuickSearchModule:UnityEditor.Search:ASIAI0B
Importing 'GUID: 43b1467da3d29ae4597a733828cdd84a - Path: Packages/com.unity.ugui/Tests/Runtime/UGUI/ScrollBar - Importer: ScriptedImporter/UnityEditor.QuickSearchModule:UnityEditor.Search:ASIAI0B' with importer (ScriptedImporter : UnityEditor.QuickSearchModule:UnityEditor.Search:ASIAI0B)
Imported 'GUID: 43b1467da3d29ae4597a733828cdd84a' -> (Import Result ID: '10d10079d606b2790294849122c9b9b8') in 0.006 seconds [static and dynamic dependencies]. Details - ImportResultOutputID=4a3c509c533f1ffaea764e16ed2c8f8f DependenciesID=a988340dff62f1ca18a51caaec1fae0e StaticDependenciesID=40ab56c57fb8a4666e3a6ca480565e8d 
Number of updated asset objects reloaded before import = 0
Number of asset objects unloaded after import = 1
========================================================================
Received Import Request.
  Time of request: 2026-08-21T17:33:18.06753Z
  Time since last request: 0.0007907 seconds.
  importAddress: GUID: 5496fd86b17c44691945a8d416eff7fc - Path: Packages/com.unity.collab-proxy/Editor/Diff/History - Importer: ScriptedImporter/UnityEditor.QuickSearchModule:UnityEditor.Search:ASIAI0B
Importing 'GUID: 5496fd86b17c44691945a8d416eff7fc - Path: Packages/com.unity.collab-proxy/Editor/Diff/History - Importer: ScriptedImporter/UnityEditor.QuickSearchModule:UnityEditor.Search:ASIAI0B' with importer (ScriptedImporter : UnityEditor.QuickSearchModule:UnityEditor.Search:ASIAI0B)
Imported 'GUID: 5496fd86b17c44691945a8d416eff7fc' -> (Import Result ID: '13d9a28dc94835562a4ccefa4bff348f') in 0.006 seconds [static and dynamic dependencies]. Details - ImportResultOutputID=f4d9dcdcb62a3bb572abf67aaf91dfe4 DependenciesID=3ec1cfb150dfce051c908fc6f8e4bb03 StaticDependenciesID=1904436b8bc49ab416593c76c7af1946 
Number of updated asset objects reloaded before import = 0
Number of asset objects unloaded after import = 1
========================================================================
Received Import Request.
  Time of request: 2026-08-21T17:33:18.0891935Z
  Time since last request: 0.0008619 seconds.
  importAddress: GUID: 94a6220ee1a442249702c9df66e0fe1b - Path: Packages/com.unity.test-framework/UnityEditor.TestRunner/TestRun/Tasks/Player - Importer: ScriptedImporter/UnityEditor.QuickSearchModule:UnityEditor.Search:ASIAI0B
Importing 'GUID: 94a6220ee1a442249702c9df66e0fe1b - Path: Packages/com.unity.test-framework/UnityEditor.TestRunner/TestRun/Tasks/Player - Importer: ScriptedImporter/UnityEditor.QuickSearchModule:UnityEditor.Search:ASIAI0B' with importer (ScriptedImporter : UnityEditor.QuickSearchModule:UnityEditor.Search:ASIAI0B)
Imported 'GUID: 94a6220ee1a442249702c9df66e0fe1b' -> (Import Result ID: '7159496598ac0f9c53768ed5a236bb66') in 0.006 seconds [static and dynamic dependencies]. Details - ImportResultOutputID=3c4535000308ed02e6d82842954304e2 DependenciesID=7bf26c8e11919fe5f091ccf1a7bb4751 StaticDependenciesID=89cd93521cfd9c19a74a4481f12d456b 
Number of updated asset objects reloaded before import = 0
Number of asset objects unloaded after import = 1
========================================================================
Received Import Request.
  Time of request: 2026-08-21T17:33:18.1125103Z
  Time since last request: 0.0006231 seconds.
  importAddress: GUID: 93a7f042c0fafec41b13ea8cffc632c1 - Path: Packages/com.unity.render-pipelines.universal/Editor/VFXGraph/Shaders/Templates/ParticlePlanarPrimitives - Importer: ScriptedImporter/UnityEditor.QuickSearchModule:UnityEditor.Search:ASIAI0B
Importing 'GUID: 93a7f042c0fafec41b13ea8cffc632c1 - Path: Packages/com.unity.render-pipelines.universal/Editor/VFXGraph/Shaders/Templates/ParticlePlanarPrimitives - Importer: ScriptedImporter/UnityEditor.QuickSearchModule:UnityEditor.Search:ASIAI0B' with importer (ScriptedImporter : UnityEditor.QuickSearchModule:UnityEditor.Search:ASIAI0B)
Imported 'GUID: 93a7f042c0fafec41b13ea8cffc632c1' -> (Import Result ID: '35beffd295957e303c2de493739f8aff') in 0.006 seconds [static and dynamic dependencies]. Details - ImportResultOutputID=5a6c16e2ec62768ea564185632373014 DependenciesID=e1609645b583222f588fd2051d8b5e11 StaticDependenciesID=3718a20ba1d40274fa5c7dc2e9c19d42 
Number of updated asset objects reloaded before import = 0
Number of asset objects unloaded after import = 1
========================================================================
Received Import Request.
  Time of request: 2026-08-21T17:33:18.1342183Z
  Time since last request: 0.0007857 seconds.
  importAddress: GUID: df85683b3cef14f6393316a2df3225eb - Path: Packages/com.unity.render-pipelines.universal/Tests/Editor/Tools/Converters/MaterialUpgrader - Importer: ScriptedImporter/UnityEditor.QuickSearchModule:UnityEditor.Search:ASIAI0B
Importing 'GUID: df85683b3cef14f6393316a2df3225eb - Path: Packages/com.unity.render-pipelines.universal/Tests/Editor/Tools/Converters/MaterialUpgrader - Importer: ScriptedImporter/UnityEditor.QuickSearchModule:UnityEditor.Search:ASIAI0B' with importer (ScriptedImporter : UnityEditor.QuickSearchModule:UnityEditor.Search:ASIAI0B)
Imported 'GUID: df85683b3cef14f6393316a2df3225eb' -> (Import Result ID: 'fa6ca993d2ad972c99090764b9b87a7c') in 0.008 seconds [static and dynamic dependencies]. Details - ImportResultOutputID=c54f5d4951689d3e1eba5a57e7cd9be4 DependenciesID=9870573232f476793a15e92a713ef7b7 StaticDependenciesID=d98aedd3dc2a90a4e9726b5534e34b84 
Number of updated asset objects reloaded before import = 0
Number of asset objects unloaded after import = 1
========================================================================
Received Import Request.
  Time of request: 2026-08-21T17:33:18.1593378Z
  Time since last request: 0.0008051 seconds.
  importAddress: GUID: 81b0bfa724056e24e95404168aca40dd - Path: Packages/com.unity.render-pipelines.core/Runtime/Debugging/Runtime UI Resources - Importer: ScriptedImporter/UnityEditor.QuickSearchModule:UnityEditor.Search:ASIAI0B
Importing 'GUID: 81b0bfa724056e24e95404168aca40dd - Path: Packages/com.unity.render-pipelines.core/Runtime/Debugging/Runtime UI Resources - Importer: ScriptedImporter/UnityEditor.QuickSearchModule:UnityEditor.Search:ASIAI0B' with importer (ScriptedImporter : UnityEditor.QuickSearchModule:UnityEditor.Search:ASIAI0B)
Imported 'GUID: 81b0bfa724056e24e95404168aca40dd' -> (Import Result ID: '23a119c725b64f250e92258e8da2fea1') in 0.010 seconds [static and dynamic dependencies]. Details - ImportResultOutputID=ac6a28eca38d1e993a14e9ad1b5e28ce DependenciesID=5a012c8b1b7a243d739e0285b72def28 StaticDependenciesID=5abea0f9006d96694f2eb9d7e3270cff 
Number of updated asset objects reloaded before import = 0
Number of asset objects unloaded after import = 1
========================================================================
Received Import Request.
  Time of request: 2026-08-21T17:33:18.1852172Z
  Time since last request: 0.0007363 seconds.
  importAddress: GUID: 3ddaad49a7bcb4087b403f2225d54840 - Path: Packages/com.unity.ugui/Tests/Editor/TMP - Importer: ScriptedImporter/UnityEditor.QuickSearchModule:UnityEditor.Search:ASIAI0B
Importing 'GUID: 3ddaad49a7bcb4087b403f2225d54840 - Path: Packages/com.unity.ugui/Tests/Editor/TMP - Importer: ScriptedImporter/UnityEditor.QuickSearchModule:UnityEditor.Search:ASIAI0B' with importer (ScriptedImporter : UnityEditor.QuickSearchModule:UnityEditor.Search:ASIAI0B)
Imported 'GUID: 3ddaad49a7bcb4087b403f2225d54840' -> (Import Result ID: 'be32a3836f648c2f32b2db37a08203de') in 0.008 seconds [static and dynamic dependencies]. Details - ImportResultOutputID=3f6c136dc713fa31eae7fd422c6746af DependenciesID=40955c71f7d2757265e8c7326bf8d98a StaticDependenciesID=44501b73495e974301986c220e6ffdfa 
Number of updated asset objects reloaded before import = 0
Number of asset objects unloaded after import = 1
========================================================================
Received Import Request.
  Time of request: 2026-08-21T17:33:18.2112097Z
  Time since last request: 0.0007982 seconds.
  importAddress: GUID: abc41fae76b14617ae2f7d38d3ebef3a - Path: Packages/com.unity.shadergraph/Editor/Drawing/Manipulators - Importer: ScriptedImporter/UnityEditor.QuickSearchModule:UnityEditor.Search:ASIAI0B
Importing 'GUID: abc41fae76b14617ae2f7d38d3ebef3a - Path: Packages/com.unity.shadergraph/Editor/Drawing/Manipulators - Importer: ScriptedImporter/UnityEditor.QuickSearchModule:UnityEditor.Search:ASIAI0B' with importer (ScriptedImporter : UnityEditor.QuickSearchModule:UnityEditor.Search:ASIAI0B)
Imported 'GUID: abc41fae76b14617ae2f7d38d3ebef3a' -> (Import Result ID: '6cf3304fc9981d81bdb77c3a04b0aae0') in 0.009 seconds [static and dynamic dependencies]. Details - ImportResultOutputID=43217cbca162ecea4a1cff1bb4d2c227 DependenciesID=474f6eee55a22dfa2b14761d94e78355 StaticDependenciesID=3463626c7492d277f3a659625822e4cb 
Number of updated asset objects reloaded before import = 0
Number of asset objects unloaded after import = 1
========================================================================
Received Import Request.
  Time of request: 2026-08-21T17:33:18.23842Z
  Time since last request: 0.0008894 seconds.
  importAddress: GUID: 9264bbaac8fbe403b987d9584bb1ffc5 - Path: Packages/com.unity.inputsystem/InputSystem/Editor/Plugins - Importer: ScriptedImporter/UnityEditor.QuickSearchModule:UnityEditor.Search:ASIAI0B
Importing 'GUID: 9264bbaac8fbe403b987d9584bb1ffc5 - Path: Packages/com.unity.inputsystem/InputSystem/Editor/Plugins - Importer: ScriptedImporter/UnityEditor.QuickSearchModule:UnityEditor.Search:ASIAI0B' with importer (ScriptedImporter : UnityEditor.QuickSearchModule:UnityEditor.Search:ASIAI0B)
Imported 'GUID: 9264bbaac8fbe403b987d9584bb1ffc5' -> (Import Result ID: '3213182911d13dd00220bb6d1e8ef033') in 0.011 seconds [static and dynamic dependencies]. Details - ImportResultOutputID=250e54fa4a20dbfbbcf572bf7de61bcd DependenciesID=cca89d800aabd0bd6341c1981e930968 StaticDependenciesID=ea81f8a8d3063022d8a667dbed03afe4 
Number of updated asset objects reloaded before import = 0
Number of asset objects unloaded after import = 1
========================================================================
Received Import Request.
  Time of request: 2026-08-21T17:33:18.2705572Z
  Time since last request: 0.0011196 seconds.
  importAddress: GUID: 3b3cfcfecab3b47f2b858c4bb5e3ae5e - Path: Packages/com.unity.visualscripting/Editor/VisualScripting.Core/Inspection/Special - Importer: ScriptedImporter/UnityEditor.QuickSearchModule:UnityEditor.Search:ASIAI0B
Importing 'GUID: 3b3cfcfecab3b47f2b858c4bb5e3ae5e - Path: Packages/com.unity.visualscripting/Editor/VisualScripting.Core/Inspection/Special - Importer: ScriptedImporter/UnityEditor.QuickSearchModule:UnityEditor.Search:ASIAI0B' with importer (ScriptedImporter : UnityEditor.QuickSearchModule:UnityEditor.Search:ASIAI0B)
Imported 'GUID: 3b3cfcfecab3b47f2b858c4bb5e3ae5e' -> (Import Result ID: 'f16523fd9945fcfd51247a514c657051') in 0.010 seconds [static and dynamic dependencies]. Details - ImportResultOutputID=5c9b02c6a201797392f736660fcd449a DependenciesID=7349eb5c25b14bbcfc59fd62712aa7f9 StaticDependenciesID=7cc092725de7ca257205af533a78b6a8 
Number of updated asset objects reloaded before import = 0
Number of asset objects unloaded after import = 1
========================================================================
Received Import Request.
  Time of request: 2026-08-21T17:33:18.3001449Z
  Time since last request: 0.000283 seconds.
  importAddress: GUID: 4b117ddec9feb0445a5b1ff958fd1399 - Path: Packages/com.unity.render-pipelines.universal/Tests/Editor/Tools/Converters - Importer: ScriptedImporter/UnityEditor.QuickSearchModule:UnityEditor.Search:ASIAI0B
Importing 'GUID: 4b117ddec9feb0445a5b1ff958fd1399 - Path: Packages/com.unity.render-pipelines.universal/Tests/Editor/Tools/Converters - Importer: ScriptedImporter/UnityEditor.QuickSearchModule:UnityEditor.Search:ASIAI0B' with importer (ScriptedImporter : UnityEditor.QuickSearchModule:UnityEditor.Search:ASIAI0B)
Imported 'GUID: 4b117ddec9feb0445a5b1ff958fd1399' -> (Import Result ID: '756aaa0114ad3af0f4f7f84c6a556ee4') in 0.010 seconds [static and dynamic dependencies]. Details - ImportResultOutputID=b6edfb9a5c691fca575d57a9c5342b9a DependenciesID=eee70675c475eb45158f95ac95e8e2e5 StaticDependenciesID=8a750cc3797eda80f6e158f2f655abf1 
Number of updated asset objects reloaded before import = 0
Number of asset objects unloaded after import = 1
========================================================================
Received Import Request.
  Time of request: 2026-08-21T17:33:18.3287631Z
  Time since last request: 0.001084 seconds.
  importAddress: GUID: 3d8692e58294538438ee83cf7fcd08c1 - Path: Packages/com.unity.render-pipelines.core/Runtime/Stripping - Importer: ScriptedImporter/UnityEditor.QuickSearchModule:UnityEditor.Search:ASIAI0B
Importing 'GUID: 3d8692e58294538438ee83cf7fcd08c1 - Path: Packages/com.unity.render-pipelines.core/Runtime/Stripping - Importer: ScriptedImporter/UnityEditor.QuickSearchModule:UnityEditor.Search:ASIAI0B' with importer (ScriptedImporter : UnityEditor.QuickSearchModule:UnityEditor.Search:ASIAI0B)
Imported 'GUID: 3d8692e58294538438ee83cf7fcd08c1' -> (Import Result ID: 'fec666e85ca39514321831fc30009f47') in 0.006 seconds [static and dynamic dependencies]. Details - ImportResultOutputID=c85868bad2ed077044a0cf8770f8ac01 DependenciesID=49595716df1ed5bb7509178333aa0566 StaticDependenciesID=d41b590fad5fb74441e2aa8c08ecee9e 
Number of updated asset objects reloaded before import = 0
Number of asset objects unloaded after import = 1
========================================================================
Received Import Request.
  Time of request: 2026-08-21T17:33:18.3531143Z
  Time since last request: 0.0020202 seconds.
  importAddress: GUID: 456d458547ae36d44a13d4a4682f0441 - Path: Packages/com.unity.timeline/Editor/StyleSheets/Images/Shared - Importer: ScriptedImporter/UnityEditor.QuickSearchModule:UnityEditor.Search:ASIAI0B
Importing 'GUID: 456d458547ae36d44a13d4a4682f0441 - Path: Packages/com.unity.timeline/Editor/StyleSheets/Images/Shared - Importer: ScriptedImporter/UnityEditor.QuickSearchModule:UnityEditor.Search:ASIAI0B' with importer (ScriptedImporter : UnityEditor.QuickSearchModule:UnityEditor.Search:ASIAI0B)
Imported 'GUID: 456d458547ae36d44a13d4a4682f0441' -> (Import Result ID: 'bbb58c08eb6083c555f2a858d2db1833') in 0.007 seconds [static and dynamic dependencies]. Details - ImportResultOutputID=d7585360762336718383527297f4eb26 DependenciesID=9f13b49567ac96e89154172ef3d7f642 StaticDependenciesID=89cba7e422d10bf9e3fff5f54528c503 
Number of updated asset objects reloaded before import = 0
Number of asset objects unloaded after import = 1
========================================================================
Received Import Request.
  Time of request: 2026-08-21T17:33:18.3798203Z
  Time since last request: 0.0010506 seconds.
  importAddress: GUID: dcc8c6e92b172a65719af5ddf47dd968 - Path: Packages/com.unity.modules.unitywebrequestwww - Importer: ScriptedImporter/UnityEditor.QuickSearchModule:UnityEditor.Search:ASIAI0B
Importing 'GUID: dcc8c6e92b172a65719af5ddf47dd968 - Path: Packages/com.unity.modules.unitywebrequestwww - Importer: ScriptedImporter/UnityEditor.QuickSearchModule:UnityEditor.Search:ASIAI0B' with importer (ScriptedImporter : UnityEditor.QuickSearchModule:UnityEditor.Search:ASIAI0B)
Imported 'GUID: dcc8c6e92b172a65719af5ddf47dd968' -> (Import Result ID: '52ecdc8f8a576e0ac6d8cfc1a8e1fa25') in 0.006 seconds [static and dynamic dependencies]. Details - ImportResultOutputID=631c4bb4af1e018a858cec40cb255aa5 DependenciesID=4042cf3d029ed5bbe5c505a308e126b6 StaticDependenciesID=2d6da2ecf28b7d01b3d09961dbfe0eda 
Number of updated asset objects reloaded before import = 0
Number of asset objects unloaded after import = 1
========================================================================
Received Import Request.
  Time of request: 2026-08-21T17:33:18.4022126Z
  Time since last request: 0.0007793 seconds.
  importAddress: GUID: 5acd3137a2b37451dad7253dd8c60d0d - Path: Packages/com.unity.visualscripting/Runtime/VisualScripting.Flow/Framework/Variables/Obsolete - Importer: ScriptedImporter/UnityEditor.QuickSearchModule:UnityEditor.Search:ASIAI0B
Importing 'GUID: 5acd3137a2b37451dad7253dd8c60d0d - Path: Packages/com.unity.visualscripting/Runtime/VisualScripting.Flow/Framework/Variables/Obsolete - Importer: ScriptedImporter/UnityEditor.QuickSearchModule:UnityEditor.Search:ASIAI0B' with importer (ScriptedImporter : UnityEditor.QuickSearchModule:UnityEditor.Search:ASIAI0B)
Imported 'GUID: 5acd3137a2b37451dad7253dd8c60d0d' -> (Import Result ID: '386af7c9f602e965afbdaaee1c53773f') in 0.006 seconds [static and dynamic dependencies]. Details - ImportResultOutputID=a2175d1efc1236e2becc3754366c1db8 DependenciesID=cc2a84658267575ed9eb3f1a226a9329 StaticDependenciesID=146eb9df7f5ed1960de00cce471720f4 
Number of updated asset objects reloaded before import = 0
Number of asset objects unloaded after import = 1
========================================================================
Received Import Request.
  Time of request: 2026-08-21T17:33:18.4271207Z
  Time since last request: 0.0009151 seconds.
  importAddress: GUID: d8bcf5ae67f54a15944eef9b06d8d20d - Path: Packages/com.unity.render-pipelines.core/Tests/Editor/RenderPipeline - Importer: ScriptedImporter/UnityEditor.QuickSearchModule:UnityEditor.Search:ASIAI0B
Importing 'GUID: d8bcf5ae67f54a15944eef9b06d8d20d - Path: Packages/com.unity.render-pipelines.core/Tests/Editor/RenderPipeline - Importer: ScriptedImporter/UnityEditor.QuickSearchModule:UnityEditor.Search:ASIAI0B' with importer (ScriptedImporter : UnityEditor.QuickSearchModule:UnityEditor.Search:ASIAI0B)
Imported 'GUID: d8bcf5ae67f54a15944eef9b06d8d20d' -> (Import Result ID: '2928620d249c53b6c46e95bd9d9f6791') in 0.007 seconds [static and dynamic dependencies]. Details - ImportResultOutputID=4ebc452fe9fd0710c47c4e30712f3844 DependenciesID=15bbc4a0ecbde8decfd8a51ae0707f8f StaticDependenciesID=4fa833997ebc45b1c2bf725dfbe8d51e 
Number of updated asset objects reloaded before import = 0
Number of asset objects unloaded after import = 1
========================================================================
Received Import Request.
  Time of request: 2026-08-21T17:33:18.4498439Z
  Time since last request: 0.0007407 seconds.
  importAddress: GUID: f8e6a2d47aba4c6c9b3c5a72d9f48da5 - Path: Packages/com.unity.ugui/Editor Resources/Textures - Importer: ScriptedImporter/UnityEditor.QuickSearchModule:UnityEditor.Search:ASIAI0B
Importing 'GUID: f8e6a2d47aba4c6c9b3c5a72d9f48da5 - Path: Packages/com.unity.ugui/Editor Resources/Textures - Importer: ScriptedImporter/UnityEditor.QuickSearchModule:UnityEditor.Search:ASIAI0B' with importer (ScriptedImporter : UnityEditor.QuickSearchModule:UnityEditor.Search:ASIAI0B)
Imported 'GUID: f8e6a2d47aba4c6c9b3c5a72d9f48da5' -> (Import Result ID: '7c5c1e627edeb84a18c9872af2af8fa1') in 0.008 seconds [static and dynamic dependencies]. Details - ImportResultOutputID=30004492eb24dbb8ffea2df0807c6835 DependenciesID=4fb86bf0fbecad69c6101bac7ab396e2 StaticDependenciesID=2347133fb9ed6b27f82375df598476dc 
Number of updated asset objects reloaded before import = 0
Number of asset objects unloaded after import = 1
========================================================================
Received Import Request.
  Time of request: 2026-08-21T17:33:18.4765774Z
  Time since last request: 0.0005219 seconds.
  importAddress: GUID: 24333a116497b144f9782b1160984b57 - Path: Packages/com.unity.ugui/Tests/Editor/UGUI/UI/PropertyDrawers - Importer: ScriptedImporter/UnityEditor.QuickSearchModule:UnityEditor.Search:ASIAI0B
Importing 'GUID: 24333a116497b144f9782b1160984b57 - Path: Packages/com.unity.ugui/Tests/Editor/UGUI/UI/PropertyDrawers - Importer: ScriptedImporter/UnityEditor.QuickSearchModule:UnityEditor.Search:ASIAI0B' with importer (ScriptedImporter : UnityEditor.QuickSearchModule:UnityEditor.Search:ASIAI0B)
Imported 'GUID: 24333a116497b144f9782b1160984b57' -> (Import Result ID: 'fb187c46e0df5bed3273c27b14378e7c') in 0.158 seconds [static and dynamic dependencies]. Details - ImportResultOutputID=18f9682ad8dfebed86d40f6fd52d4854 DependenciesID=ca752c9a6e14ced25bc5f875da4e63e4 StaticDependenciesID=68b2fe4234c94c2c2a7de0cf52649736 
Number of updated asset objects reloaded before import = 0
Number of asset objects unloaded after import = 1
========================================================================
Received Import Request.
  Time of request: 2026-08-21T17:33:18.653505Z
  Time since last request: 0.0010045 seconds.
  importAddress: GUID: fcf236256e326ca478a79ea0558da45d - Path: Packages/com.unity.render-pipelines.core/Editor/StyleSheets - Importer: ScriptedImporter/UnityEditor.QuickSearchModule:UnityEditor.Search:ASIAI0B
Importing 'GUID: fcf236256e326ca478a79ea0558da45d - Path: Packages/com.unity.render-pipelines.core/Editor/StyleSheets - Importer: ScriptedImporter/UnityEditor.QuickSearchModule:UnityEditor.Search:ASIAI0B' with importer (ScriptedImporter : UnityEditor.QuickSearchModule:UnityEditor.Search:ASIAI0B)
Imported 'GUID: fcf236256e326ca478a79ea0558da45d' -> (Import Result ID: 'dd79f1a70577482caa5f5de159d91d8d') in 0.005 seconds [static and dynamic dependencies]. Details - ImportResultOutputID=64f991d0cb0b33e205181b4fbb34f7a5 DependenciesID=ee374b366f4fcf3617bcca9d6724b818 StaticDependenciesID=75f4d43af6d2e59fa60ed9f6cf8232e4 
Number of updated asset objects reloaded before import = 0
Number of asset objects unloaded after import = 1
========================================================================
Received Import Request.
  Time of request: 2026-08-21T17:33:18.6747131Z
  Time since last request: 0.0006343 seconds.
  importAddress: GUID: 686bcd471035ed641a36aa69aacb76a9 - Path: Packages/com.unity.render-pipelines.core/Runtime/Lighting/ProbeVolume - Importer: ScriptedImporter/UnityEditor.QuickSearchModule:UnityEditor.Search:ASIAI0B
Importing 'GUID: 686bcd471035ed641a36aa69aacb76a9 - Path: Packages/com.unity.render-pipelines.core/Runtime/Lighting/ProbeVolume - Importer: ScriptedImporter/UnityEditor.QuickSearchModule:UnityEditor.Search:ASIAI0B' with importer (ScriptedImporter : UnityEditor.QuickSearchModule:UnityEditor.Search:ASIAI0B)
Imported 'GUID: 686bcd471035ed641a36aa69aacb76a9' -> (Import Result ID: '090aa5bd6fbce78af338467f26a70516') in 0.006 seconds [static and dynamic dependencies]. Details - ImportResultOutputID=740ef88392d823521c6f1d9c506d3134 DependenciesID=a0fadff7443f9b38a019a02f62aa331b StaticDependenciesID=1fc58ed140d9c937f546a0e9b5527253 
Number of updated asset objects reloaded before import = 0
Number of asset objects unloaded after import = 1
========================================================================
Received Import Request.
  Time of request: 2026-08-21T17:33:18.6968545Z
  Time since last request: 0.0009105 seconds.
  importAddress: GUID: e17173ebecc44441bb9cd7fdbd472504 - Path: Packages/com.unity.visualscripting/Editor/VisualScripting.State/Transitions - Importer: ScriptedImporter/UnityEditor.QuickSearchModule:UnityEditor.Search:ASIAI0B
Importing 'GUID: e17173ebecc44441bb9cd7fdbd472504 - Path: Packages/com.unity.visualscripting/Editor/VisualScripting.State/Transitions - Importer: ScriptedImporter/UnityEditor.QuickSearchModule:UnityEditor.Search:ASIAI0B' with importer (ScriptedImporter : UnityEditor.QuickSearchModule:UnityEditor.Search:ASIAI0B)
Imported 'GUID: e17173ebecc44441bb9cd7fdbd472504' -> (Import Result ID: 'f402b0686ac6c0db7c9cc786a9b7742a') in 0.007 seconds [static and dynamic dependencies]. Details - ImportResultOutputID=dcba95abf6113c4a307c3112ca02d45c DependenciesID=b2cb7e5329d3dfd46d8070ed387d16bf StaticDependenciesID=56fb6d8a6a64cb6752fab7163792f8bc 
Number of updated asset objects reloaded before import = 0
Number of asset objects unloaded after import = 1
========================================================================
Received Import Request.
  Time of request: 2026-08-21T17:33:18.7212765Z
  Time since last request: 0.0006305 seconds.
  importAddress: GUID: b1e0c8a42c5ad194389231f7780e158d - Path: Packages/com.unity.render-pipelines.universal/Shaders/2D/Include - Importer: ScriptedImporter/UnityEditor.QuickSearchModule:UnityEditor.Search:ASIAI0B
Importing 'GUID: b1e0c8a42c5ad194389231f7780e158d - Path: Packages/com.unity.render-pipelines.universal/Shaders/2D/Include - Importer: ScriptedImporter/UnityEditor.QuickSearchModule:UnityEditor.Search:ASIAI0B' with importer (ScriptedImporter : UnityEditor.QuickSearchModule:UnityEditor.Search:ASIAI0B)
Imported 'GUID: b1e0c8a42c5ad194389231f7780e158d' -> (Import Result ID: '6c950154816cffeb13616019a3e13791') in 0.007 seconds [static and dynamic dependencies]. Details - ImportResultOutputID=e0176e5d9c824d07a9fd0e19015725d6 DependenciesID=4000c015bfe865a3046e2b5dabf7d5b2 StaticDependenciesID=51992ce8056ae6a4abd600d0ddff2797 
Number of updated asset objects reloaded before import = 0
Number of asset objects unloaded after import = 1
========================================================================
Received Import Request.
  Time of request: 2026-08-21T17:33:18.7439474Z
  Time since last request: 0.0007633 seconds.
  importAddress: GUID: 0381a8a02199c28428a0ebfd1433282d - Path: Packages/com.unity.collab-proxy/Editor/CloudDrive/Welcome - Importer: ScriptedImporter/UnityEditor.QuickSearchModule:UnityEditor.Search:ASIAI0B
Importing 'GUID: 0381a8a02199c28428a0ebfd1433282d - Path: Packages/com.unity.collab-proxy/Editor/CloudDrive/Welcome - Importer: ScriptedImporter/UnityEditor.QuickSearchModule:UnityEditor.Search:ASIAI0B' with importer (ScriptedImporter : UnityEditor.QuickSearchModule:UnityEditor.Search:ASIAI0B)
Imported 'GUID: 0381a8a02199c28428a0ebfd1433282d' -> (Import Result ID: 'be00ce4555d68dce52d81152ac18fa78') in 0.008 seconds [static and dynamic dependencies]. Details - ImportResultOutputID=f0800c2e3a29f91c4dabbc06b7dd664a DependenciesID=507dad6c10814b5601c74d7d8fbdc36e StaticDependenciesID=7c6ab3315756562825074ca855c8b123 
Number of updated asset objects reloaded before import = 0
Number of asset objects unloaded after import = 1
========================================================================
Received Import Request.
  Time of request: 2026-08-21T17:33:18.7654066Z
  Time since last request: 0.0009914 seconds.
  importAddress: GUID: 21e141260b3a4d67acebf527db3ddd56 - Path: Packages/com.unity.collab-proxy/Editor/Views/Properties - Importer: ScriptedImporter/UnityEditor.QuickSearchModule:UnityEditor.Search:ASIAI0B
Importing 'GUID: 21e141260b3a4d67acebf527db3ddd56 - Path: Packages/com.unity.collab-proxy/Editor/Views/Properties - Importer: ScriptedImporter/UnityEditor.QuickSearchModule:UnityEditor.Search:ASIAI0B' with importer (ScriptedImporter : UnityEditor.QuickSearchModule:UnityEditor.Search:ASIAI0B)
Imported 'GUID: 21e141260b3a4d67acebf527db3ddd56' -> (Import Result ID: '2ce654a3af65d7cf1a2602c75d8d7efa') in 0.007 seconds [static and dynamic dependencies]. Details - ImportResultOutputID=a417de694248ca415c93775ba802e3e6 DependenciesID=f51bc43f8b53c0a06b26a4d3782f84af StaticDependenciesID=502c3f5d7adbedbda91dc9e95a112af8 
Number of updated asset objects reloaded before import = 0
Number of asset objects unloaded after import = 1
========================================================================
Received Import Request.
  Time of request: 2026-08-21T17:33:18.7895563Z
  Time since last request: 0.0010279 seconds.
  importAddress: GUID: b102955bf08484d24b9122abab95b9fc - Path: Packages/com.unity.inputsystem/InputSystem/Runtime/Plugins/Users - Importer: ScriptedImporter/UnityEditor.QuickSearchModule:UnityEditor.Search:ASIAI0B
Importing 'GUID: b102955bf08484d24b9122abab95b9fc - Path: Packages/com.unity.inputsystem/InputSystem/Runtime/Plugins/Users - Importer: ScriptedImporter/UnityEditor.QuickSearchModule:UnityEditor.Search:ASIAI0B' with importer (ScriptedImporter : UnityEditor.QuickSearchModule:UnityEditor.Search:ASIAI0B)
Imported 'GUID: b102955bf08484d24b9122abab95b9fc' -> (Import Result ID: 'a92fab23cd82c711d325dfaf379cf27f') in 0.007 seconds [static and dynamic dependencies]. Details - ImportResultOutputID=f838e885d4f21e4e59419205d9a33e4a DependenciesID=db10cec6ee28c5cfb11392d837704288 StaticDependenciesID=3c23a93387302ea102e9de2e1f420f44 
Number of updated asset objects reloaded before import = 0
Number of asset objects unloaded after import = 1
========================================================================
Received Import Request.
  Time of request: 2026-08-21T17:33:18.8141529Z
  Time since last request: 0.0008527 seconds.
  importAddress: GUID: 7cd58b9bfbae54e3ca6f21748b8474fb - Path: Packages/com.unity.visualscripting/Editor/VisualScripting.Core/Dependencies/DotNetZip - Importer: ScriptedImporter/UnityEditor.QuickSearchModule:UnityEditor.Search:ASIAI0B
Importing 'GUID: 7cd58b9bfbae54e3ca6f21748b8474fb - Path: Packages/com.unity.visualscripting/Editor/VisualScripting.Core/Dependencies/DotNetZip - Importer: ScriptedImporter/UnityEditor.QuickSearchModule:UnityEditor.Search:ASIAI0B' with importer (ScriptedImporter : UnityEditor.QuickSearchModule:UnityEditor.Search:ASIAI0B)
Imported 'GUID: 7cd58b9bfbae54e3ca6f21748b8474fb' -> (Import Result ID: '15b5430eab94fba2606c4121f1cc1a54') in 0.007 seconds [static and dynamic dependencies]. Details - ImportResultOutputID=3074e96ab2dadd584134abb4fc07c80c DependenciesID=bebb3be2d0d39e085492622d937d275d StaticDependenciesID=089c53dc4f706943d491dc544ada2cb9 
Number of updated asset objects reloaded before import = 0
Number of asset objects unloaded after import = 1
========================================================================
Received Import Request.
  Time of request: 2026-08-21T17:33:18.8366738Z
  Time since last request: 0.0008954 seconds.
  importAddress: GUID: 752758c2ce0fa4f74b80a07dc04cf745 - Path: Packages/com.unity.visualscripting/Runtime/VisualScripting.Core/Reflection/Operators - Importer: ScriptedImporter/UnityEditor.QuickSearchModule:UnityEditor.Search:ASIAI0B
Importing 'GUID: 752758c2ce0fa4f74b80a07dc04cf745 - Path: Packages/com.unity.visualscripting/Runtime/VisualScripting.Core/Reflection/Operators - Importer: ScriptedImporter/UnityEditor.QuickSearchModule:UnityEditor.Search:ASIAI0B' with importer (ScriptedImporter : UnityEditor.QuickSearchModule:UnityEditor.Search:ASIAI0B)
Imported 'GUID: 752758c2ce0fa4f74b80a07dc04cf745' -> (Import Result ID: 'e4073982319c0e4c1beab64a78445b8f') in 0.009 seconds [static and dynamic dependencies]. Details - ImportResultOutputID=3870764ecb20a31a3be468c3ca31b772 DependenciesID=e16d3dc983a30ddd503065329683cc02 StaticDependenciesID=38ca4d8a6fea8eed5dac00b149ed3c0e 
Number of updated asset objects reloaded before import = 0
Number of asset objects unloaded after import = 1
========================================================================
Received Import Request.
  Time of request: 2026-08-21T17:33:18.8606131Z
  Time since last request: 0.0006765 seconds.
  importAddress: GUID: 95b719082a664ea45bb56759eed1f271 - Path: Packages/com.unity.test-framework/UnityEditor.TestRunner/TestSettings - Importer: ScriptedImporter/UnityEditor.QuickSearchModule:UnityEditor.Search:ASIAI0B
Importing 'GUID: 95b719082a664ea45bb56759eed1f271 - Path: Packages/com.unity.test-framework/UnityEditor.TestRunner/TestSettings - Importer: ScriptedImporter/UnityEditor.QuickSearchModule:UnityEditor.Search:ASIAI0B' with importer (ScriptedImporter : UnityEditor.QuickSearchModule:UnityEditor.Search:ASIAI0B)
Imported 'GUID: 95b719082a664ea45bb56759eed1f271' -> (Import Result ID: 'b66b767cf8b05ae74b891d01982feaf1') in 0.008 seconds [static and dynamic dependencies]. Details - ImportResultOutputID=8378be6f8bb873f37b8ccb260521876f DependenciesID=b23dd0851d9d32f4a69f527f59400700 StaticDependenciesID=c8da5b4ca840e92e773073d96de32b54 
Number of updated asset objects reloaded before import = 0
Number of asset objects unloaded after import = 1
========================================================================
Received Import Request.
  Time of request: 2026-08-21T17:33:18.8898927Z
  Time since last request: 0.0009144 seconds.
  importAddress: GUID: 5469ef0820152a4ae45d400fdc4626e4 - Path: Packages/com.unity.modules.screencapture - Importer: ScriptedImporter/UnityEditor.QuickSearchModule:UnityEditor.Search:ASIAI0B
Importing 'GUID: 5469ef0820152a4ae45d400fdc4626e4 - Path: Packages/com.unity.modules.screencapture - Importer: ScriptedImporter/UnityEditor.QuickSearchModule:UnityEditor.Search:ASIAI0B' with importer (ScriptedImporter : UnityEditor.QuickSearchModule:UnityEditor.Search:ASIAI0B)
Imported 'GUID: 5469ef0820152a4ae45d400fdc4626e4' -> (Import Result ID: 'a141a58679ba455400145c9a737fe029') in 0.006 seconds [static and dynamic dependencies]. Details - ImportResultOutputID=626952a5f14513547176f46935e9d2c7 DependenciesID=977171112aba057b93ce2f76ca32ac21 StaticDependenciesID=ffeeded07496f2962c36ecd53b69ec01 
Number of updated asset objects reloaded before import = 0
Number of asset objects unloaded after import = 1
========================================================================
Received Import Request.
  Time of request: 2026-08-21T17:33:18.915214Z
  Time since last request: 0.0008668 seconds.
  importAddress: GUID: 3e8d6af343b383544ba5743d119f4062 - Path: Packages/com.unity.test-framework/UnityEngine.TestRunner/NUnitExtensions - Importer: ScriptedImporter/UnityEditor.QuickSearchModule:UnityEditor.Search:ASIAI0B
Importing 'GUID: 3e8d6af343b383544ba5743d119f4062 - Path: Packages/com.unity.test-framework/UnityEngine.TestRunner/NUnitExtensions - Importer: ScriptedImporter/UnityEditor.QuickSearchModule:UnityEditor.Search:ASIAI0B' with importer (ScriptedImporter : UnityEditor.QuickSearchModule:UnityEditor.Search:ASIAI0B)
Imported 'GUID: 3e8d6af343b383544ba5743d119f4062' -> (Import Result ID: 'a99f3b52a5d1ebbfaf7b1485bb804131') in 0.006 seconds [static and dynamic dependencies]. Details - ImportResultOutputID=01453937470585820f6d82f05bb8b192 DependenciesID=c8ff3259e1914980bf33f85661331add StaticDependenciesID=adfb140635a17752db13104b10a36365 
Number of updated asset objects reloaded before import = 0
Number of asset objects unloaded after import = 1
========================================================================
Received Import Request.
  Time of request: 2026-08-21T17:33:18.9384657Z
  Time since last request: 0.0007376 seconds.
  importAddress: GUID: 78d00aaedcb2549ada767435eb89c80f - Path: Packages/com.unity.visualscripting/Editor/VisualScripting.Core/Documentation - Importer: ScriptedImporter/UnityEditor.QuickSearchModule:UnityEditor.Search:ASIAI0B
Importing 'GUID: 78d00aaedcb2549ada767435eb89c80f - Path: Packages/com.unity.visualscripting/Editor/VisualScripting.Core/Documentation - Importer: ScriptedImporter/UnityEditor.QuickSearchModule:UnityEditor.Search:ASIAI0B' with importer (ScriptedImporter : UnityEditor.QuickSearchModule:UnityEditor.Search:ASIAI0B)
Imported 'GUID: 78d00aaedcb2549ada767435eb89c80f' -> (Import Result ID: '3facaf12ab4018bbe7f0fc522b43746b') in 0.007 seconds [static and dynamic dependencies]. Details - ImportResultOutputID=ee6da8a7d96b1d5992a1a95a36c5dc9f DependenciesID=5821f0186b8438c132e0052d0dc21a10 StaticDependenciesID=cfac5bd99bd90c6d0f4e9bcbb5c3c218 
Number of updated asset objects reloaded before import = 0
Number of asset objects unloaded after import = 1
========================================================================
Received Import Request.
  Time of request: 2026-08-21T17:33:18.969208Z
  Time since last request: 0.0067074 seconds.
  importAddress: GUID: 18966f2a7fc5d4073a425a1a3d564494 - Path: Packages/com.unity.test-framework.performance/Runtime/Statistics - Importer: ScriptedImporter/UnityEditor.QuickSearchModule:UnityEditor.Search:ASIAI0B
Importing 'GUID: 18966f2a7fc5d4073a425a1a3d564494 - Path: Packages/com.unity.test-framework.performance/Runtime/Statistics - Importer: ScriptedImporter/UnityEditor.QuickSearchModule:UnityEditor.Search:ASIAI0B' with importer (ScriptedImporter : UnityEditor.QuickSearchModule:UnityEditor.Search:ASIAI0B)
Imported 'GUID: 18966f2a7fc5d4073a425a1a3d564494' -> (Import Result ID: '28bfdae1832573a9fe394ccb53bbe0f0') in 0.005 seconds [static and dynamic dependencies]. Details - ImportResultOutputID=a9ed06b4d3378fea678fcf310ffd2523 DependenciesID=6700d3bfc073d50b584050fa498a41df StaticDependenciesID=58d8374131c7cbdfe7d593a6be4f0a03 
Number of updated asset objects reloaded before import = 0
Number of asset objects unloaded after import = 1
========================================================================
Received Import Request.
  Time of request: 2026-08-21T17:33:18.9889186Z
  Time since last request: 0.0010766 seconds.
  importAddress: GUID: 128bcf006b84f4f1b864cf579a4f8b97 - Path: Packages/com.unity.collab-proxy/Lib/Editor/TextMateSharp/Onigwrap/libonigwrap/osx-arm64 - Importer: ScriptedImporter/UnityEditor.QuickSearchModule:UnityEditor.Search:ASIAI0B
Importing 'GUID: 128bcf006b84f4f1b864cf579a4f8b97 - Path: Packages/com.unity.collab-proxy/Lib/Editor/TextMateSharp/Onigwrap/libonigwrap/osx-arm64 - Importer: ScriptedImporter/UnityEditor.QuickSearchModule:UnityEditor.Search:ASIAI0B' with importer (ScriptedImporter : UnityEditor.QuickSearchModule:UnityEditor.Search:ASIAI0B)
Imported 'GUID: 128bcf006b84f4f1b864cf579a4f8b97' -> (Import Result ID: '5fecbef7b4590b1cdde834eb60a8c36e') in 0.005 seconds [static and dynamic dependencies]. Details - ImportResultOutputID=dfccfe4c42fd558ec82a628a9884df4b DependenciesID=a5027cb3dab07b1505ebb524de942dd5 StaticDependenciesID=74776a73ae26ca02b7c29e5372bcf1f8 
Number of updated asset objects reloaded before import = 0
Number of asset objects unloaded after import = 1
========================================================================
Received Import Request.
  Time of request: 2026-08-21T17:33:19.0092482Z
  Time since last request: 0.0008893 seconds.
  importAddress: GUID: 9e6a387d0884c4a498f92e10b75a4868 - Path: Packages/com.unity.visualscripting/Editor/VisualScripting.Core/Windows/UpdateWizard - Importer: ScriptedImporter/UnityEditor.QuickSearchModule:UnityEditor.Search:ASIAI0B
Importing 'GUID: 9e6a387d0884c4a498f92e10b75a4868 - Path: Packages/com.unity.visualscripting/Editor/VisualScripting.Core/Windows/UpdateWizard - Importer: ScriptedImporter/UnityEditor.QuickSearchModule:UnityEditor.Search:ASIAI0B' with importer (ScriptedImporter : UnityEditor.QuickSearchModule:UnityEditor.Search:ASIAI0B)
Imported 'GUID: 9e6a387d0884c4a498f92e10b75a4868' -> (Import Result ID: '98a1d4961e982ce59af091ca6b34f95c') in 0.005 seconds [static and dynamic dependencies]. Details - ImportResultOutputID=5c813c065d4b9a873adaadcdbbad86e2 DependenciesID=4207ea3b29766fdc214bce3192fbb59e StaticDependenciesID=c711beb479d946a23401397864488f80 
Number of updated asset objects reloaded before import = 0
Number of asset objects unloaded after import = 1
========================================================================
Received Import Request.
  Time of request: 2026-08-21T17:33:19.0296027Z
  Time since last request: 0.0006683 seconds.
  importAddress: GUID: d9cbf5a87cf7248719001a42c12f5c92 - Path: Packages/com.unity.visualscripting/Runtime/VisualScripting.Core/Properties - Importer: ScriptedImporter/UnityEditor.QuickSearchModule:UnityEditor.Search:ASIAI0B
Importing 'GUID: d9cbf5a87cf7248719001a42c12f5c92 - Path: Packages/com.unity.visualscripting/Runtime/VisualScripting.Core/Properties - Importer: ScriptedImporter/UnityEditor.QuickSearchModule:UnityEditor.Search:ASIAI0B' with importer (ScriptedImporter : UnityEditor.QuickSearchModule:UnityEditor.Search:ASIAI0B)
Imported 'GUID: d9cbf5a87cf7248719001a42c12f5c92' -> (Import Result ID: '9af1c147557fe3f97d8efc283825b73e') in 0.006 seconds [static and dynamic dependencies]. Details - ImportResultOutputID=d4e85b839abf1e08faf9f0d8d6954fe7 DependenciesID=b7a2119bf9477a4d3daba053cea9fdba StaticDependenciesID=c67f77fa5b84b999b1a6a2bb9bf8a90d 
Number of updated asset objects reloaded before import = 0
Number of asset objects unloaded after import = 1
========================================================================
Received Import Request.
  Time of request: 2026-08-21T17:33:19.0518835Z
  Time since last request: 0.0007986 seconds.
  importAddress: GUID: b28b41cdfaae53042830c0db923255d7 - Path: Packages/com.unity.render-pipelines.core/Runtime/CommandBuffers - Importer: ScriptedImporter/UnityEditor.QuickSearchModule:UnityEditor.Search:ASIAI0B
Importing 'GUID: b28b41cdfaae53042830c0db923255d7 - Path: Packages/com.unity.render-pipelines.core/Runtime/CommandBuffers - Importer: ScriptedImporter/UnityEditor.QuickSearchModule:UnityEditor.Search:ASIAI0B' with importer (ScriptedImporter : UnityEditor.QuickSearchModule:UnityEditor.Search:ASIAI0B)
Imported 'GUID: b28b41cdfaae53042830c0db923255d7' -> (Import Result ID: 'd000a7e1f68b938bb28ce5e3b9303c99') in 0.006 seconds [static and dynamic dependencies]. Details - ImportResultOutputID=5ea6bc420dfd8f073071eef67926a0a8 DependenciesID=2847c55f46b84bb76743cffc89a41131 StaticDependenciesID=eeec05282a647691324a817941436e5c 
Number of updated asset objects reloaded before import = 0
Number of asset objects unloaded after import = 1
========================================================================
Received Import Request.
  Time of request: 2026-08-21T17:33:19.0731749Z
  Time since last request: 0.0004928 seconds.
  importAddress: GUID: 30bb01dc09cb89b4faf344490fee76a7 - Path: Packages/com.unity.test-framework.performance/Editor/TestReportGraph - Importer: ScriptedImporter/UnityEditor.QuickSearchModule:UnityEditor.Search:ASIAI0B
Importing 'GUID: 30bb01dc09cb89b4faf344490fee76a7 - Path: Packages/com.unity.test-framework.performance/Editor/TestReportGraph - Importer: ScriptedImporter/UnityEditor.QuickSearchModule:UnityEditor.Search:ASIAI0B' with importer (ScriptedImporter : UnityEditor.QuickSearchModule:UnityEditor.Search:ASIAI0B)
Imported 'GUID: 30bb01dc09cb89b4faf344490fee76a7' -> (Import Result ID: 'dfeb7192996cebe68b836f1b6e68a4c3') in 0.007 seconds [static and dynamic dependencies]. Details - ImportResultOutputID=f767a06ce6985d2db7cad58dae44eadd DependenciesID=7cc914769e006cedcf74aefb239a798b StaticDependenciesID=28f6f8ea5181d6dbcc8387eb47c257c1 
Number of updated asset objects reloaded before import = 0
Number of asset objects unloaded after import = 1
========================================================================
Received Import Request.
  Time of request: 2026-08-21T17:33:19.0948404Z
  Time since last request: 0.0007117 seconds.
  importAddress: GUID: 96c503bf059df984c86eecf572370347 - Path: Packages/com.unity.test-framework/UnityEditor.TestRunner/NUnitExtension/Attributes - Importer: ScriptedImporter/UnityEditor.QuickSearchModule:UnityEditor.Search:ASIAI0B
Importing 'GUID: 96c503bf059df984c86eecf572370347 - Path: Packages/com.unity.test-framework/UnityEditor.TestRunner/NUnitExtension/Attributes - Importer: ScriptedImporter/UnityEditor.QuickSearchModule:UnityEditor.Search:ASIAI0B' with importer (ScriptedImporter : UnityEditor.QuickSearchModule:UnityEditor.Search:ASIAI0B)
Imported 'GUID: 96c503bf059df984c86eecf572370347' -> (Import Result ID: '307e123a68812f6aecbb2cd94e58d003') in 0.008 seconds [static and dynamic dependencies]. Details - ImportResultOutputID=5e898b244d55e5b1cedf41a45b0488bb DependenciesID=6517595a410986177c235c5eb4136d30 StaticDependenciesID=0948caef13d9e289d2c3dfd90dae0f6d 
Number of updated asset objects reloaded before import = 0
Number of asset objects unloaded after import = 1
========================================================================
Received Import Request.
  Time of request: 2026-08-21T17:33:19.1203092Z
  Time since last request: 0.0006497 seconds.
  importAddress: GUID: fb53178749687244eaaabbe3e2e40653 - Path: Packages/com.unity.render-pipelines.core/Editor/Resources/Gizmos - Importer: ScriptedImporter/UnityEditor.QuickSearchModule:UnityEditor.Search:ASIAI0B
Importing 'GUID: fb53178749687244eaaabbe3e2e40653 - Path: Packages/com.unity.render-pipelines.core/Editor/Resources/Gizmos - Importer: ScriptedImporter/UnityEditor.QuickSearchModule:UnityEditor.Search:ASIAI0B' with importer (ScriptedImporter : UnityEditor.QuickSearchModule:UnityEditor.Search:ASIAI0B)
Imported 'GUID: fb53178749687244eaaabbe3e2e40653' -> (Import Result ID: 'a59be167ab730fcd6a8a2cefbe664df6') in 0.006 seconds [static and dynamic dependencies]. Details - ImportResultOutputID=d31a5eff901ab732236bd9b495f53d43 DependenciesID=309a5c4f6c530e92bd9af8080f618a9d StaticDependenciesID=23efb19644f271930b3b7049ce9dbebb 
Number of updated asset objects reloaded before import = 0
Number of asset objects unloaded after import = 1
========================================================================
Received Import Request.
  Time of request: 2026-08-21T17:33:19.1424902Z
  Time since last request: 0.0005157 seconds.
  importAddress: GUID: 6316762f06a0f4f66aed09829f59eb8c - Path: Packages/com.unity.visualscripting/Runtime/VisualScripting.Flow/Framework - Importer: ScriptedImporter/UnityEditor.QuickSearchModule:UnityEditor.Search:ASIAI0B
Importing 'GUID: 6316762f06a0f4f66aed09829f59eb8c - Path: Packages/com.unity.visualscripting/Runtime/VisualScripting.Flow/Framework - Importer: ScriptedImporter/UnityEditor.QuickSearchModule:UnityEditor.Search:ASIAI0B' with importer (ScriptedImporter : UnityEditor.QuickSearchModule:UnityEditor.Search:ASIAI0B)
Imported 'GUID: 6316762f06a0f4f66aed09829f59eb8c' -> (Import Result ID: 'bde9a18253c923acb2762ded5ce4831b') in 0.007 seconds [static and dynamic dependencies]. Details - ImportResultOutputID=5b20688cbb397857f53f60b5ab8ecd3d DependenciesID=f9bc4c470e3a4ef74690a7ea572cfc0b StaticDependenciesID=43f339fe7f9eeee0ff8a39d5d5396f1a 
Number of updated asset objects reloaded before import = 0
Number of asset objects unloaded after import = 1
========================================================================
Received Import Request.
  Time of request: 2026-08-21T17:33:19.1640598Z
  Time since last request: 0.0008703 seconds.
  importAddress: GUID: 9a6069768ff3d8043a79348813f86cba - Path: Packages/com.unity.timeline/Editor/Playables - Importer: ScriptedImporter/UnityEditor.QuickSearchModule:UnityEditor.Search:ASIAI0B
Importing 'GUID: 9a6069768ff3d8043a79348813f86cba - Path: Packages/com.unity.timeline/Editor/Playables - Importer: ScriptedImporter/UnityEditor.QuickSearchModule:UnityEditor.Search:ASIAI0B' with importer (ScriptedImporter : UnityEditor.QuickSearchModule:UnityEditor.Search:ASIAI0B)
Imported 'GUID: 9a6069768ff3d8043a79348813f86cba' -> (Import Result ID: 'a25a8e495c918bd0d74d9e15c83b9a81') in 0.007 seconds [static and dynamic dependencies]. Details - ImportResultOutputID=76b91b354b5ee13972cbdca47627c077 DependenciesID=b0a176a8d9d326bd481d8648ae044381 StaticDependenciesID=9df01afa0e0656d3324713355add02c5 
Number of updated asset objects reloaded before import = 0
Number of asset objects unloaded after import = 1
========================================================================
Received Import Request.
  Time of request: 2026-08-21T17:33:19.1874621Z
  Time since last request: 0.0006682 seconds.
  importAddress: GUID: 3242e6d647d3448178b0b1397aa8e4a9 - Path: Packages/com.unity.visualscripting/Runtime/VisualScripting.Flow/Framework/Math/Vector4 - Importer: ScriptedImporter/UnityEditor.QuickSearchModule:UnityEditor.Search:ASIAI0B
Importing 'GUID: 3242e6d647d3448178b0b1397aa8e4a9 - Path: Packages/com.unity.visualscripting/Runtime/VisualScripting.Flow/Framework/Math/Vector4 - Importer: ScriptedImporter/UnityEditor.QuickSearchModule:UnityEditor.Search:ASIAI0B' with importer (ScriptedImporter : UnityEditor.QuickSearchModule:UnityEditor.Search:ASIAI0B)
Imported 'GUID: 3242e6d647d3448178b0b1397aa8e4a9' -> (Import Result ID: '782fd9ee6c3a521dae3f5ca155ab84e7') in 0.008 seconds [static and dynamic dependencies]. Details - ImportResultOutputID=0e7c6729420107a3a3ddf764e5615825 DependenciesID=1e099248975b9b2b44bd869251f64b31 StaticDependenciesID=a25afd9feace98ccebc8a2ebcb17b408 
Number of updated asset objects reloaded before import = 0
Number of asset objects unloaded after import = 1
========================================================================
Received Import Request.
  Time of request: 2026-08-21T17:33:19.2098094Z
  Time since last request: 0.0009881 seconds.
  importAddress: GUID: 0da884cc73355482f99f2f3bf86511e5 - Path: Packages/com.unity.render-pipelines.universal/Textures/BlueNoise256 - Importer: ScriptedImporter/UnityEditor.QuickSearchModule:UnityEditor.Search:ASIAI0B
Importing 'GUID: 0da884cc73355482f99f2f3bf86511e5 - Path: Packages/com.unity.render-pipelines.universal/Textures/BlueNoise256 - Importer: ScriptedImporter/UnityEditor.QuickSearchModule:UnityEditor.Search:ASIAI0B' with importer (ScriptedImporter : UnityEditor.QuickSearchModule:UnityEditor.Search:ASIAI0B)
Imported 'GUID: 0da884cc73355482f99f2f3bf86511e5' -> (Import Result ID: 'c6c48a95b2b400d3cad01becffea731e') in 0.007 seconds [static and dynamic dependencies]. Details - ImportResultOutputID=d67d02cee5ebf5b4a531c7d71b0fb46d DependenciesID=0b2fff9f346417031b8959ec26f48ba3 StaticDependenciesID=4de2238bcabb4c3d352b13fe3d964653 
Number of updated asset objects reloaded before import = 0
Number of asset objects unloaded after import = 1
========================================================================
Received Import Request.
  Time of request: 2026-08-21T17:33:19.2315163Z
  Time since last request: 0.0001873 seconds.
  importAddress: GUID: 5d7f0d6acfced954682a89e7002c04d9 - Path: Packages/com.unity.test-framework/UnityEditor.TestRunner/TestRunner/Callbacks - Importer: ScriptedImporter/UnityEditor.QuickSearchModule:UnityEditor.Search:ASIAI0B
Importing 'GUID: 5d7f0d6acfced954682a89e7002c04d9 - Path: Packages/com.unity.test-framework/UnityEditor.TestRunner/TestRunner/Callbacks - Importer: ScriptedImporter/UnityEditor.QuickSearchModule:UnityEditor.Search:ASIAI0B' with importer (ScriptedImporter : UnityEditor.QuickSearchModule:UnityEditor.Search:ASIAI0B)
Imported 'GUID: 5d7f0d6acfced954682a89e7002c04d9' -> (Import Result ID: '1d61069186e1ee6f6b59810341627eea') in 0.006 seconds [static and dynamic dependencies]. Details - ImportResultOutputID=7bb015e2f1f3eabbe9686e20aa6ed7ee DependenciesID=d19ad14bbfbf3d5070eca7d0400c2584 StaticDependenciesID=97a12eb47ab178c3637567e0d49a34c8 
Number of updated asset objects reloaded before import = 0
Number of asset objects unloaded after import = 1
========================================================================
Received Import Request.
  Time of request: 2026-08-21T17:33:19.2509771Z
  Time since last request: 0.0008704 seconds.
  importAddress: GUID: efa7753b2a14da748b0e7802b6ac3c5f - Path: Packages/com.unity.searcher/Editor/Resources - Importer: ScriptedImporter/UnityEditor.QuickSearchModule:UnityEditor.Search:ASIAI0B
Importing 'GUID: efa7753b2a14da748b0e7802b6ac3c5f - Path: Packages/com.unity.searcher/Editor/Resources - Importer: ScriptedImporter/UnityEditor.QuickSearchModule:UnityEditor.Search:ASIAI0B' with importer (ScriptedImporter : UnityEditor.QuickSearchModule:UnityEditor.Search:ASIAI0B)
Imported 'GUID: efa7753b2a14da748b0e7802b6ac3c5f' -> (Import Result ID: '8ffc635fcfd64a773b784341dc899e15') in 0.007 seconds [static and dynamic dependencies]. Details - ImportResultOutputID=c9633bfbaee950490d762dca34a7265a DependenciesID=6ae108707624fb15c51ea5ef34e3c79c StaticDependenciesID=dc0de981edceaaf6ac7fa89c7e59f288 
Number of updated asset objects reloaded before import = 0
Number of asset objects unloaded after import = 1
========================================================================
Received Import Request.
  Time of request: 2026-08-21T17:33:19.274006Z
  Time since last request: 0.0006261 seconds.
  importAddress: GUID: cfdd0e61e391c49e0a7ae3616510e7e8 - Path: Packages/com.unity.visualscripting/Runtime/VisualScripting.Flow/Framework/Events - Importer: ScriptedImporter/UnityEditor.QuickSearchModule:UnityEditor.Search:ASIAI0B
Importing 'GUID: cfdd0e61e391c49e0a7ae3616510e7e8 - Path: Packages/com.unity.visualscripting/Runtime/VisualScripting.Flow/Framework/Events - Importer: ScriptedImporter/UnityEditor.QuickSearchModule:UnityEditor.Search:ASIAI0B' with importer (ScriptedImporter : UnityEditor.QuickSearchModule:UnityEditor.Search:ASIAI0B)
Imported 'GUID: cfdd0e61e391c49e0a7ae3616510e7e8' -> (Import Result ID: '0ce314cbdd84d7a8d5bfa9283763c38d') in 0.007 seconds [static and dynamic dependencies]. Details - ImportResultOutputID=24946aa1a0c289d8a133a2481f5d5502 DependenciesID=9b171bc72886205e2386fe29ba842895 StaticDependenciesID=2b5207c67e129ec9df8ccc02e97d7f44 
Number of updated asset objects reloaded before import = 0
Number of asset objects unloaded after import = 1
========================================================================
Received Import Request.
  Time of request: 2026-08-21T17:33:19.2965955Z
  Time since last request: 0.0008798 seconds.
  importAddress: GUID: b77b1ad9c05af0412725856c6c53b037 - Path: Packages/com.unity.modules.wind - Importer: ScriptedImporter/UnityEditor.QuickSearchModule:UnityEditor.Search:ASIAI0B
Importing 'GUID: b77b1ad9c05af0412725856c6c53b037 - Path: Packages/com.unity.modules.wind - Importer: ScriptedImporter/UnityEditor.QuickSearchModule:UnityEditor.Search:ASIAI0B' with importer (ScriptedImporter : UnityEditor.QuickSearchModule:UnityEditor.Search:ASIAI0B)
Imported 'GUID: b77b1ad9c05af0412725856c6c53b037' -> (Import Result ID: 'eb8c2ce7fdb34a3ff5449682fdc048cd') in 0.005 seconds [static and dynamic dependencies]. Details - ImportResultOutputID=a59eff44cf0f25cdab8ba79acef3a97f DependenciesID=218e2017d52ba99071fecbac02ea888e StaticDependenciesID=9e205c00b1447c2464ad916c7fe150de 
Number of updated asset objects reloaded before import = 0
Number of asset objects unloaded after import = 1
========================================================================
Received Import Request.
  Time of request: 2026-08-21T17:33:19.3184522Z
  Time since last request: 0.0007022 seconds.
  importAddress: GUID: b83b0271b4a104a5b8fd124115e1b15f - Path: Packages/com.unity.visualscripting/Runtime/VisualScripting.Flow/Framework/Events/Time - Importer: ScriptedImporter/UnityEditor.QuickSearchModule:UnityEditor.Search:ASIAI0B
Importing 'GUID: b83b0271b4a104a5b8fd124115e1b15f - Path: Packages/com.unity.visualscripting/Runtime/VisualScripting.Flow/Framework/Events/Time - Importer: ScriptedImporter/UnityEditor.QuickSearchModule:UnityEditor.Search:ASIAI0B' with importer (ScriptedImporter : UnityEditor.QuickSearchModule:UnityEditor.Search:ASIAI0B)
Imported 'GUID: b83b0271b4a104a5b8fd124115e1b15f' -> (Import Result ID: 'a896e7852090822ef0578ea27cbf09e2') in 0.006 seconds [static and dynamic dependencies]. Details - ImportResultOutputID=0d44b410c77e66ba621f370f836457c3 DependenciesID=d882ab15813a478a9e6d86984bee4c8f StaticDependenciesID=6adfab372d3b96fdd6e28202792e719f 
Number of updated asset objects reloaded before import = 0
Number of asset objects unloaded after import = 1
========================================================================
Received Import Request.
  Time of request: 2026-08-21T17:33:19.3391341Z
  Time since last request: 0.00111 seconds.
  importAddress: GUID: fd871a8be47119612f7c254e96a822b7 - Path: Packages/com.unity.modules.ai - Importer: ScriptedImporter/UnityEditor.QuickSearchModule:UnityEditor.Search:ASIAI0B
Importing 'GUID: fd871a8be47119612f7c254e96a822b7 - Path: Packages/com.unity.modules.ai - Importer: ScriptedImporter/UnityEditor.QuickSearchModule:UnityEditor.Search:ASIAI0B' with importer (ScriptedImporter : UnityEditor.QuickSearchModule:UnityEditor.Search:ASIAI0B)
Imported 'GUID: fd871a8be47119612f7c254e96a822b7' -> (Import Result ID: '0215ae532b03cf153798af3c1c88c961') in 0.006 seconds [static and dynamic dependencies]. Details - ImportResultOutputID=5d09d504cb4894bd6e837f6b11d37053 DependenciesID=f3d792066a07dcd32c07e6a2b172b178 StaticDependenciesID=23bbad8c60c50076e2bbb43b273e6699 
Number of updated asset objects reloaded before import = 0
Number of asset objects unloaded after import = 1
========================================================================
Received Import Request.
  Time of request: 2026-08-21T17:33:19.359325Z
  Time since last request: 0.0008869 seconds.
  importAddress: GUID: 6353acf8df7d746d98d65f640d39ea47 - Path: Packages/com.unity.collections/Unity.Collections.LowLevel.ILSupport - Importer: ScriptedImporter/UnityEditor.QuickSearchModule:UnityEditor.Search:ASIAI0B
Importing 'GUID: 6353acf8df7d746d98d65f640d39ea47 - Path: Packages/com.unity.collections/Unity.Collections.LowLevel.ILSupport - Importer: ScriptedImporter/UnityEditor.QuickSearchModule:UnityEditor.Search:ASIAI0B' with importer (ScriptedImporter : UnityEditor.QuickSearchModule:UnityEditor.Search:ASIAI0B)
Imported 'GUID: 6353acf8df7d746d98d65f640d39ea47' -> (Import Result ID: 'c9a02852bf402fd43bb712dca3668f92') in 0.008 seconds [static and dynamic dependencies]. Details - ImportResultOutputID=2456bfaa03e2eb181c1fc6f8b8972f07 DependenciesID=f29489b6b6e52af49a5375727e67f755 StaticDependenciesID=9d6fd5c7ed799368673ae7ecd658c064 
Number of updated asset objects reloaded before import = 0
Number of asset objects unloaded after import = 1
========================================================================
Received Import Request.
  Time of request: 2026-08-21T17:33:19.3816346Z
  Time since last request: 0.0008564 seconds.
  importAddress: GUID: 5486badfefef3eb47b45d071d232469d - Path: Packages/com.unity.timeline/DocCodeExamples - Importer: ScriptedImporter/UnityEditor.QuickSearchModule:UnityEditor.Search:ASIAI0B
Importing 'GUID: 5486badfefef3eb47b45d071d232469d - Path: Packages/com.unity.timeline/DocCodeExamples - Importer: ScriptedImporter/UnityEditor.QuickSearchModule:UnityEditor.Search:ASIAI0B' with importer (ScriptedImporter : UnityEditor.QuickSearchModule:UnityEditor.Search:ASIAI0B)
Imported 'GUID: 5486badfefef3eb47b45d071d232469d' -> (Import Result ID: '53c7a37ea9d1d9ba6b8d9f068f409bf0') in 0.008 seconds [static and dynamic dependencies]. Details - ImportResultOutputID=1bcc38ea6b1f1b5fc14963ec95c433e3 DependenciesID=e889ac924a5f1e17ee9b3e2066a49dff StaticDependenciesID=285ee2583caa4437f9bf5f095d7ccb63 
Number of updated asset objects reloaded before import = 0
Number of asset objects unloaded after import = 1
========================================================================
Received Import Request.
  Time of request: 2026-08-21T17:33:19.4044303Z
  Time since last request: 0.0011956 seconds.
  importAddress: GUID: d19b75372f4e44d4fa4b2cffbb54124b - Path: Packages/com.unity.timeline/Runtime/Audio - Importer: ScriptedImporter/UnityEditor.QuickSearchModule:UnityEditor.Search:ASIAI0B
Importing 'GUID: d19b75372f4e44d4fa4b2cffbb54124b - Path: Packages/com.unity.timeline/Runtime/Audio - Importer: ScriptedImporter/UnityEditor.QuickSearchModule:UnityEditor.Search:ASIAI0B' with importer (ScriptedImporter : UnityEditor.QuickSearchModule:UnityEditor.Search:ASIAI0B)
Imported 'GUID: d19b75372f4e44d4fa4b2cffbb54124b' -> (Import Result ID: '85f7140c1922bacf465712231c697916') in 0.007 seconds [static and dynamic dependencies]. Details - ImportResultOutputID=0cfc627a667fbcb3a131179183ce3a20 DependenciesID=68f4e784379abea98b8e333c8902c510 StaticDependenciesID=f355fd7aba69d7f98641001b06caa58d 
Number of updated asset objects reloaded before import = 0
Number of asset objects unloaded after import = 1
========================================================================
Received Import Request.
  Time of request: 2026-08-21T17:33:19.4269051Z
  Time since last request: 0.0011837 seconds.
  importAddress: GUID: 4cfe5ade9a1375e40aed87618b92bd12 - Path: Packages/com.unity.ugui/Tests/Editor/UGUI/Slider - Importer: ScriptedImporter/UnityEditor.QuickSearchModule:UnityEditor.Search:ASIAI0B
Importing 'GUID: 4cfe5ade9a1375e40aed87618b92bd12 - Path: Packages/com.unity.ugui/Tests/Editor/UGUI/Slider - Importer: ScriptedImporter/UnityEditor.QuickSearchModule:UnityEditor.Search:ASIAI0B' with importer (ScriptedImporter : UnityEditor.QuickSearchModule:UnityEditor.Search:ASIAI0B)
Imported 'GUID: 4cfe5ade9a1375e40aed87618b92bd12' -> (Import Result ID: 'b729e06673cb000e39a2a3f3d497e7df') in 0.008 seconds [static and dynamic dependencies]. Details - ImportResultOutputID=77569c15b5dc8a76de7f9d3e19d457cb DependenciesID=e69e2a965a904605498048f4ca2c900a StaticDependenciesID=e90e3e511354804a6b93041fa38a6130 
Number of updated asset objects reloaded before import = 0
Number of asset objects unloaded after import = 1
========================================================================
Received Import Request.
  Time of request: 2026-08-21T17:33:19.4498234Z
  Time since last request: 0.001051 seconds.
  importAddress: GUID: b08719eeefb3f464f9c08fa512667b40 - Path: Packages/com.unity.shadergraph/Editor/Generation/Targets/Fullscreen - Importer: ScriptedImporter/UnityEditor.QuickSearchModule:UnityEditor.Search:ASIAI0B
Importing 'GUID: b08719eeefb3f464f9c08fa512667b40 - Path: Packages/com.unity.shadergraph/Editor/Generation/Targets/Fullscreen - Importer: ScriptedImporter/UnityEditor.QuickSearchModule:UnityEditor.Search:ASIAI0B' with importer (ScriptedImporter : UnityEditor.QuickSearchModule:UnityEditor.Search:ASIAI0B)
Imported 'GUID: b08719eeefb3f464f9c08fa512667b40' -> (Import Result ID: '01d61d24e5341bafdb1c6f48d3339182') in 0.007 seconds [static and dynamic dependencies]. Details - ImportResultOutputID=5ab5d5607439c8da2e1b338e8cc0da3e DependenciesID=e0992a2448ce5f93ffc728f0e7cc0607 StaticDependenciesID=8d4220596f3e16a0fd925961bd069e33 
Number of updated asset objects reloaded before import = 0
Number of asset objects unloaded after import = 1
========================================================================
Received Import Request.
  Time of request: 2026-08-21T17:33:19.4754508Z
  Time since last request: 0.0012022 seconds.
  importAddress: GUID: b0efad93b2507274daeaf8cc7306a312 - Path: Packages/com.unity.render-pipelines.core/Editor/BuildProcessors/ShaderStrippers - Importer: ScriptedImporter/UnityEditor.QuickSearchModule:UnityEditor.Search:ASIAI0B
Importing 'GUID: b0efad93b2507274daeaf8cc7306a312 - Path: Packages/com.unity.render-pipelines.core/Editor/BuildProcessors/ShaderStrippers - Importer: ScriptedImporter/UnityEditor.QuickSearchModule:UnityEditor.Search:ASIAI0B' with importer (ScriptedImporter : UnityEditor.QuickSearchModule:UnityEditor.Search:ASIAI0B)
Imported 'GUID: b0efad93b2507274daeaf8cc7306a312' -> (Import Result ID: '25b7b49b317a57ddb930b4048112e83e') in 0.006 seconds [static and dynamic dependencies]. Details - ImportResultOutputID=aed3413ae4644818337915e76eeccd21 DependenciesID=387288e549a0df9de472ea00a5c4bc76 StaticDependenciesID=6f425be503789ade97fd9c29a361ca87 
Number of updated asset objects reloaded before import = 0
Number of asset objects unloaded after import = 1
========================================================================
Received Import Request.
  Time of request: 2026-08-21T17:33:19.4952483Z
  Time since last request: 0.0009135 seconds.
  importAddress: GUID: b6ee28fd674c77340a2b3b8f7a32e0da - Path: Packages/com.unity.render-pipelines.core/Runtime/Sampling - Importer: ScriptedImporter/UnityEditor.QuickSearchModule:UnityEditor.Search:ASIAI0B
Importing 'GUID: b6ee28fd674c77340a2b3b8f7a32e0da - Path: Packages/com.unity.render-pipelines.core/Runtime/Sampling - Importer: ScriptedImporter/UnityEditor.QuickSearchModule:UnityEditor.Search:ASIAI0B' with importer (ScriptedImporter : UnityEditor.QuickSearchModule:UnityEditor.Search:ASIAI0B)
Imported 'GUID: b6ee28fd674c77340a2b3b8f7a32e0da' -> (Import Result ID: '537d8f7c84533693fe0d2e85017b5a9b') in 0.006 seconds [static and dynamic dependencies]. Details - ImportResultOutputID=fc44b03de7b2d5a5e3946529f6799356 DependenciesID=84f790122d610a73df349c21da48e051 StaticDependenciesID=9383cf1b175f88a3184229ffbeab90e2 
Number of updated asset objects reloaded before import = 0
Number of asset objects unloaded after import = 1
========================================================================
Received Import Request.
  Time of request: 2026-08-21T17:33:19.5159752Z
  Time since last request: 0.0006773 seconds.
  importAddress: GUID: f027141a193544959a71baea4a57d3f7 - Path: Packages/com.unity.inputsystem/InputSystem/Editor/Plugins/OnScreen - Importer: ScriptedImporter/UnityEditor.QuickSearchModule:UnityEditor.Search:ASIAI0B
Importing 'GUID: f027141a193544959a71baea4a57d3f7 - Path: Packages/com.unity.inputsystem/InputSystem/Editor/Plugins/OnScreen - Importer: ScriptedImporter/UnityEditor.QuickSearchModule:UnityEditor.Search:ASIAI0B' with importer (ScriptedImporter : UnityEditor.QuickSearchModule:UnityEditor.Search:ASIAI0B)
Imported 'GUID: f027141a193544959a71baea4a57d3f7' -> (Import Result ID: 'df9e9a001634ee38d6a0eb1e57210714') in 0.006 seconds [static and dynamic dependencies]. Details - ImportResultOutputID=295a0b1214c0ac5590f637eaaf5a15f0 DependenciesID=9618d9fc099d47ed757f31302a84b4ef StaticDependenciesID=08a51849f45faa7442395ee95ff15da3 
Number of updated asset objects reloaded before import = 0
Number of asset objects unloaded after import = 1
========================================================================
Received Import Request.
  Time of request: 2026-08-21T17:33:19.5349804Z
  Time since last request: 0.0005801 seconds.
  importAddress: GUID: bae197be297529d4fa735fbe7c91828d - Path: Packages/com.unity.ugui/Tests/Runtime/UGUI/Dropdown - Importer: ScriptedImporter/UnityEditor.QuickSearchModule:UnityEditor.Search:ASIAI0B
Importing 'GUID: bae197be297529d4fa735fbe7c91828d - Path: Packages/com.unity.ugui/Tests/Runtime/UGUI/Dropdown - Importer: ScriptedImporter/UnityEditor.QuickSearchModule:UnityEditor.Search:ASIAI0B' with importer (ScriptedImporter : UnityEditor.QuickSearchModule:UnityEditor.Search:ASIAI0B)
Imported 'GUID: bae197be297529d4fa735fbe7c91828d' -> (Import Result ID: '230abe855ea2898ed3daff0648b80d1e') in 0.007 seconds [static and dynamic dependencies]. Details - ImportResultOutputID=c05f7cd1bc5b0ceb9fb4a491fe89e04c DependenciesID=555f3e6f3a7348f368ce716908781bc5 StaticDependenciesID=ea8c3174fa2e1132564942834a225f0e 
Number of updated asset objects reloaded before import = 0
Number of asset objects unloaded after import = 1
========================================================================
Received Import Request.
  Time of request: 2026-08-21T17:33:19.555583Z
  Time since last request: 0.0008059 seconds.
  importAddress: GUID: f48aeec177c14cf185016d8add57e69f - Path: Packages/com.unity.collab-proxy/Editor/Inspector/Properties - Importer: ScriptedImporter/UnityEditor.QuickSearchModule:UnityEditor.Search:ASIAI0B
Importing 'GUID: f48aeec177c14cf185016d8add57e69f - Path: Packages/com.unity.collab-proxy/Editor/Inspector/Properties - Importer: ScriptedImporter/UnityEditor.QuickSearchModule:UnityEditor.Search:ASIAI0B' with importer (ScriptedImporter : UnityEditor.QuickSearchModule:UnityEditor.Search:ASIAI0B)
Imported 'GUID: f48aeec177c14cf185016d8add57e69f' -> (Import Result ID: '4b986e64b6453a4e639ece2528c17126') in 0.007 seconds [static and dynamic dependencies]. Details - ImportResultOutputID=50c12dcf1aade02bda78f57fc19b726f DependenciesID=fc1e1520ab277ebae82b3a154ddf62e9 StaticDependenciesID=598c84961f3b4565f011b00929bdb395 
Number of updated asset objects reloaded before import = 0
Number of asset objects unloaded after import = 1
========================================================================
Received Import Request.
  Time of request: 2026-08-21T17:33:19.5757808Z
  Time since last request: 0.0008103 seconds.
  importAddress: GUID: 5a9bcd70e6a4b4b05badaa72e827d8e0 - Path: Assets/TutorialInfo/Scripts - Importer: ScriptedImporter/UnityEditor.QuickSearchModule:UnityEditor.Search:ASIAI0B
Importing 'GUID: 5a9bcd70e6a4b4b05badaa72e827d8e0 - Path: Assets/TutorialInfo/Scripts - Importer: ScriptedImporter/UnityEditor.QuickSearchModule:UnityEditor.Search:ASIAI0B' with importer (ScriptedImporter : UnityEditor.QuickSearchModule:UnityEditor.Search:ASIAI0B)
Imported 'GUID: 5a9bcd70e6a4b4b05badaa72e827d8e0' -> (Import Result ID: '2ccddacf353643beeb8308517945be74') in 0.007 seconds [static and dynamic dependencies]. Details - ImportResultOutputID=3b678eaefde92d40d3dfcb65f536d56c DependenciesID=27f9597919bc2b20f86c1f0e7caaaf26 StaticDependenciesID=f359f62b9c47015936c568980035b792 
Number of updated asset objects reloaded before import = 0
Number of asset objects unloaded after import = 1
========================================================================
Received Import Request.
  Time of request: 2026-08-21T17:33:19.5955133Z
  Time since last request: 0.0007974 seconds.
  importAddress: GUID: 2db9b03aaf3d8754fea6aa2648512f8c - Path: Packages/com.unity.burst - Importer: ScriptedImporter/UnityEditor.QuickSearchModule:UnityEditor.Search:ASIAI0B
Importing 'GUID: 2db9b03aaf3d8754fea6aa2648512f8c - Path: Packages/com.unity.burst - Importer: ScriptedImporter/UnityEditor.QuickSearchModule:UnityEditor.Search:ASIAI0B' with importer (ScriptedImporter : UnityEditor.QuickSearchModule:UnityEditor.Search:ASIAI0B)
Imported 'GUID: 2db9b03aaf3d8754fea6aa2648512f8c' -> (Import Result ID: '06999eb795aeda0c9cc0d6ec1ca39d24') in 0.006 seconds [static and dynamic dependencies]. Details - ImportResultOutputID=39cefb6d461b63d25ddafb7683152d29 DependenciesID=90b014a8db271d7af7309c12a5892bd5 StaticDependenciesID=89a725e0464d52bebe1bbf6928317c4c 
Number of updated asset objects reloaded before import = 0
Number of asset objects unloaded after import = 1
========================================================================
Received Import Request.
  Time of request: 2026-08-21T17:33:19.6167288Z
  Time since last request: 0.0008458 seconds.
  importAddress: GUID: 9637be18b7c929f40911e6e4371a8218 - Path: Packages/com.unity.render-pipelines.universal/Editor/Decal - Importer: ScriptedImporter/UnityEditor.QuickSearchModule:UnityEditor.Search:ASIAI0B
Importing 'GUID: 9637be18b7c929f40911e6e4371a8218 - Path: Packages/com.unity.render-pipelines.universal/Editor/Decal - Importer: ScriptedImporter/UnityEditor.QuickSearchModule:UnityEditor.Search:ASIAI0B' with importer (ScriptedImporter : UnityEditor.QuickSearchModule:UnityEditor.Search:ASIAI0B)
Imported 'GUID: 9637be18b7c929f40911e6e4371a8218' -> (Import Result ID: '073fb00a2ee868da32d2096d827c3bce') in 0.007 seconds [static and dynamic dependencies]. Details - ImportResultOutputID=85e114e03d76a9c20d8df8f9c4264774 DependenciesID=a7bde1ce05c21fbe66853b824945048b StaticDependenciesID=1331f29f641b004414ed9e955c0eef46 
Number of updated asset objects reloaded before import = 0
Number of asset objects unloaded after import = 1
========================================================================
Received Import Request.
  Time of request: 2026-08-21T17:33:19.6378441Z
  Time since last request: 0.0007336 seconds.
  importAddress: GUID: 2fb8d6a4d744c6343a2307687e61e916 - Path: Packages/com.unity.render-pipelines.core/Runtime/PathTracing/Core - Importer: ScriptedImporter/UnityEditor.QuickSearchModule:UnityEditor.Search:ASIAI0B
Importing 'GUID: 2fb8d6a4d744c6343a2307687e61e916 - Path: Packages/com.unity.render-pipelines.core/Runtime/PathTracing/Core - Importer: ScriptedImporter/UnityEditor.QuickSearchModule:UnityEditor.Search:ASIAI0B' with importer (ScriptedImporter : UnityEditor.QuickSearchModule:UnityEditor.Search:ASIAI0B)
Imported 'GUID: 2fb8d6a4d744c6343a2307687e61e916' -> (Import Result ID: '80d32e0640e73ab6e46077f31fe5c132') in 0.006 seconds [static and dynamic dependencies]. Details - ImportResultOutputID=06ca91ab61eee0faf1d6203c7340c828 DependenciesID=58d08aa5c6ed4cf3e1ef3aa7ff96fc0d StaticDependenciesID=27ba53eb9059f4559d3818afa88d3326 
Number of updated asset objects reloaded before import = 0
Number of asset objects unloaded after import = 1
========================================================================
Received Import Request.
  Time of request: 2026-08-21T17:33:19.6597702Z
  Time since last request: 0.0016531 seconds.
  importAddress: GUID: 1ddb9e1c877ea80479d1eab4ddaa5d0d - Path: Packages/com.unity.test-framework/UnityEngine.TestRunner/TestRunner - Importer: ScriptedImporter/UnityEditor.QuickSearchModule:UnityEditor.Search:ASIAI0B
Importing 'GUID: 1ddb9e1c877ea80479d1eab4ddaa5d0d - Path: Packages/com.unity.test-framework/UnityEngine.TestRunner/TestRunner - Importer: ScriptedImporter/UnityEditor.QuickSearchModule:UnityEditor.Search:ASIAI0B' with importer (ScriptedImporter : UnityEditor.QuickSearchModule:UnityEditor.Search:ASIAI0B)
Imported 'GUID: 1ddb9e1c877ea80479d1eab4ddaa5d0d' -> (Import Result ID: '3e2e5c6fa28ed30c7601f453f91a6655') in 0.007 seconds [static and dynamic dependencies]. Details - ImportResultOutputID=6b9868b3904d64159c03a53837d829aa DependenciesID=89780556fb4bc4c15b389fe0adf16da0 StaticDependenciesID=e550a7a1173b2fdaa05a4ce75b00eb78 
Number of updated asset objects reloaded before import = 0
Number of asset objects unloaded after import = 1
========================================================================
Received Import Request.
  Time of request: 2026-08-21T17:33:19.6889818Z
  Time since last request: 0.000809 seconds.
  importAddress: GUID: 0f417b240b9ac4d80a5526339bbe758a - Path: Packages/com.unity.visualscripting/Runtime/VisualScripting.Flow/EditorBinding - Importer: ScriptedImporter/UnityEditor.QuickSearchModule:UnityEditor.Search:ASIAI0B
Importing 'GUID: 0f417b240b9ac4d80a5526339bbe758a - Path: Packages/com.unity.visualscripting/Runtime/VisualScripting.Flow/EditorBinding - Importer: ScriptedImporter/UnityEditor.QuickSearchModule:UnityEditor.Search:ASIAI0B' with importer (ScriptedImporter : UnityEditor.QuickSearchModule:UnityEditor.Search:ASIAI0B)
Imported 'GUID: 0f417b240b9ac4d80a5526339bbe758a' -> (Import Result ID: 'c692d44d713ad03c75ce41c43d40a69d') in 0.006 seconds [static and dynamic dependencies]. Details - ImportResultOutputID=396a35a3b1cf57c2fc237107de572abe DependenciesID=5f3eba140a3dd5d48b81481c81182c61 StaticDependenciesID=c01229f3d2b29faa7876b6f6be92e2ba 
Number of updated asset objects reloaded before import = 0
Number of asset objects unloaded after import = 1
========================================================================
Received Import Request.
  Time of request: 2026-08-21T17:33:19.7138891Z
  Time since last request: 0.0042757 seconds.
  importAddress: GUID: 62ae484479ba41e3b49e0feca66e6166 - Path: Packages/com.unity.collab-proxy/Editor/UI/UnityInternals - Importer: ScriptedImporter/UnityEditor.QuickSearchModule:UnityEditor.Search:ASIAI0B
Importing 'GUID: 62ae484479ba41e3b49e0feca66e6166 - Path: Packages/com.unity.collab-proxy/Editor/UI/UnityInternals - Importer: ScriptedImporter/UnityEditor.QuickSearchModule:UnityEditor.Search:ASIAI0B' with importer (ScriptedImporter : UnityEditor.QuickSearchModule:UnityEditor.Search:ASIAI0B)
Imported 'GUID: 62ae484479ba41e3b49e0feca66e6166' -> (Import Result ID: '675c7e8d970a187bb09d0ee8076d8e60') in 0.005 seconds [static and dynamic dependencies]. Details - ImportResultOutputID=727da181959181c4e35d74541c3a4055 DependenciesID=0fbd502648b258f4e5843bba915ef908 StaticDependenciesID=616cb9e76a1e33283952305314dd4625 
Number of updated asset objects reloaded before import = 0
Number of asset objects unloaded after import = 1
========================================================================
Received Import Request.
  Time of request: 2026-08-21T17:33:19.7327458Z
  Time since last request: 0.0012758 seconds.
  importAddress: GUID: ce9b394fa99e54d76a3ab4162fa76d54 - Path: Packages/com.unity.visualscripting/Editor/VisualScripting.Core/Windows/GeneratePropertyProvidersWindow - Importer: ScriptedImporter/UnityEditor.QuickSearchModule:UnityEditor.Search:ASIAI0B
Importing 'GUID: ce9b394fa99e54d76a3ab4162fa76d54 - Path: Packages/com.unity.visualscripting/Editor/VisualScripting.Core/Windows/GeneratePropertyProvidersWindow - Importer: ScriptedImporter/UnityEditor.QuickSearchModule:UnityEditor.Search:ASIAI0B' with importer (ScriptedImporter : UnityEditor.QuickSearchModule:UnityEditor.Search:ASIAI0B)
Imported 'GUID: ce9b394fa99e54d76a3ab4162fa76d54' -> (Import Result ID: '30016319226437de704218e13e0a84a6') in 0.006 seconds [static and dynamic dependencies]. Details - ImportResultOutputID=4e57366520744820d94060670a305435 DependenciesID=475e51a1ed51a1c25eca8f2a2f6b811e StaticDependenciesID=540202d25e5b610c44f2b2d2cea701c0 
Number of updated asset objects reloaded before import = 0
Number of asset objects unloaded after import = 1
========================================================================
Received Import Request.
  Time of request: 2026-08-21T17:33:19.7549093Z
  Time since last request: 0.000762 seconds.
  importAddress: GUID: fa68ac03b8845a142974ec6497cb4acc - Path: Packages/com.unity.timeline/Editor/StyleSheets/Extensions - Importer: ScriptedImporter/UnityEditor.QuickSearchModule:UnityEditor.Search:ASIAI0B
Importing 'GUID: fa68ac03b8845a142974ec6497cb4acc - Path: Packages/com.unity.timeline/Editor/StyleSheets/Extensions - Importer: ScriptedImporter/UnityEditor.QuickSearchModule:UnityEditor.Search:ASIAI0B' with importer (ScriptedImporter : UnityEditor.QuickSearchModule:UnityEditor.Search:ASIAI0B)
Imported 'GUID: fa68ac03b8845a142974ec6497cb4acc' -> (Import Result ID: '49683e2834037870420876810b8ece64') in 0.005 seconds [static and dynamic dependencies]. Details - ImportResultOutputID=b0baf4f4aa91c46ca7656677e4921d12 DependenciesID=c7759d9513eb1839867402c9bd878f6b StaticDependenciesID=f3c3df840cf94d4bba72b7ac7bc5aeda 
Number of updated asset objects reloaded before import = 0
Number of asset objects unloaded after import = 1
========================================================================
Received Import Request.
  Time of request: 2026-08-21T17:33:19.7775644Z
  Time since last request: 0.0007094 seconds.
  importAddress: GUID: 9abfb8ae46ac648828db54fc974422c4 - Path: Packages/com.unity.visualscripting/Runtime/VisualScripting.Core/Graphs - Importer: ScriptedImporter/UnityEditor.QuickSearchModule:UnityEditor.Search:ASIAI0B
Importing 'GUID: 9abfb8ae46ac648828db54fc974422c4 - Path: Packages/com.unity.visualscripting/Runtime/VisualScripting.Core/Graphs - Importer: ScriptedImporter/UnityEditor.QuickSearchModule:UnityEditor.Search:ASIAI0B' with importer (ScriptedImporter : UnityEditor.QuickSearchModule:UnityEditor.Search:ASIAI0B)
Imported 'GUID: 9abfb8ae46ac648828db54fc974422c4' -> (Import Result ID: '308f453382dfaf91b02d502a1127d47b') in 0.006 seconds [static and dynamic dependencies]. Details - ImportResultOutputID=76817ec0eb25662e8e2d8acdbfb97c46 DependenciesID=295c221d104b4cf26ed18119688a7018 StaticDependenciesID=967e1c6c77964182b2d9113b6a9197c5 
Number of updated asset objects reloaded before import = 0
Number of asset objects unloaded after import = 1
========================================================================
Received Import Request.
  Time of request: 2026-08-21T17:33:19.7994051Z
  Time since last request: 0.0007145 seconds.
  importAddress: GUID: 86304ecf756376e4b8ecb6f9d6111b89 - Path: Packages/com.unity.render-pipelines.core/Runtime/PostProcessing/Shaders - Importer: ScriptedImporter/UnityEditor.QuickSearchModule:UnityEditor.Search:ASIAI0B
Importing 'GUID: 86304ecf756376e4b8ecb6f9d6111b89 - Path: Packages/com.unity.render-pipelines.core/Runtime/PostProcessing/Shaders - Importer: ScriptedImporter/UnityEditor.QuickSearchModule:UnityEditor.Search:ASIAI0B' with importer (ScriptedImporter : UnityEditor.QuickSearchModule:UnityEditor.Search:ASIAI0B)
Imported 'GUID: 86304ecf756376e4b8ecb6f9d6111b89' -> (Import Result ID: '5b911684ead41813e80b301b6edff9b2') in 0.008 seconds [static and dynamic dependencies]. Details - ImportResultOutputID=4c13a377e659ced71f261cc24818a783 DependenciesID=71e60f207a2595fc2d8e36095a628a14 StaticDependenciesID=e8c5ba4e9228ca82c84d06ec192dd238 
Number of updated asset objects reloaded before import = 0
Number of asset objects unloaded after import = 1
========================================================================
Received Import Request.
  Time of request: 2026-08-21T17:33:19.8246726Z
  Time since last request: 0.0007003 seconds.
  importAddress: GUID: 715d10cee9082354a92701de6d5f6527 - Path: Packages/com.unity.render-pipelines.universal/Editor/Tools - Importer: ScriptedImporter/UnityEditor.QuickSearchModule:UnityEditor.Search:ASIAI0B
Importing 'GUID: 715d10cee9082354a92701de6d5f6527 - Path: Packages/com.unity.render-pipelines.universal/Editor/Tools - Importer: ScriptedImporter/UnityEditor.QuickSearchModule:UnityEditor.Search:ASIAI0B' with importer (ScriptedImporter : UnityEditor.QuickSearchModule:UnityEditor.Search:ASIAI0B)
Imported 'GUID: 715d10cee9082354a92701de6d5f6527' -> (Import Result ID: '768c76b26f55b17554caae132c8942e8') in 0.006 seconds [static and dynamic dependencies]. Details - ImportResultOutputID=c9fdf8b18e772b94871acec5c52a63bf DependenciesID=0980bd3caa8047ebef19862fabac6ef0 StaticDependenciesID=d3768bff9a7df6d0f3d43e2b0b219285 
Number of updated asset objects reloaded before import = 0
Number of asset objects unloaded after import = 1
========================================================================
Received Import Request.
  Time of request: 2026-08-21T17:33:19.8541411Z
  Time since last request: 0.0006258 seconds.
  importAddress: GUID: 10b199c2bead9fb42b482877b182e8c2 - Path: Packages/com.unity.render-pipelines.universal/Editor/SceneTemplates/Indoors - Importer: ScriptedImporter/UnityEditor.QuickSearchModule:UnityEditor.Search:ASIAI0B
Importing 'GUID: 10b199c2bead9fb42b482877b182e8c2 - Path: Packages/com.unity.render-pipelines.universal/Editor/SceneTemplates/Indoors - Importer: ScriptedImporter/UnityEditor.QuickSearchModule:UnityEditor.Search:ASIAI0B' with importer (ScriptedImporter : UnityEditor.QuickSearchModule:UnityEditor.Search:ASIAI0B)
Imported 'GUID: 10b199c2bead9fb42b482877b182e8c2' -> (Import Result ID: '67ffa329acc0e43275df3a24312d2271') in 0.006 seconds [static and dynamic dependencies]. Details - ImportResultOutputID=5022cd615d0fdb0581e06be434da3e78 DependenciesID=b0379aacc5e2e99dce5a95f1726c21d9 StaticDependenciesID=0dffa1b15d9555bca44beba3244784f7 
Number of updated asset objects reloaded before import = 0
Number of asset objects unloaded after import = 1
========================================================================
Received Import Request.
  Time of request: 2026-08-21T17:33:19.8771325Z
  Time since last request: 0.0011359 seconds.
  importAddress: GUID: 936bea4b2545c4a4fad2e623b0f6371f - Path: Packages/com.unity.ugui/Tests/Editor - Importer: ScriptedImporter/UnityEditor.QuickSearchModule:UnityEditor.Search:ASIAI0B
Importing 'GUID: 936bea4b2545c4a4fad2e623b0f6371f - Path: Packages/com.unity.ugui/Tests/Editor - Importer: ScriptedImporter/UnityEditor.QuickSearchModule:UnityEditor.Search:ASIAI0B' with importer (ScriptedImporter : UnityEditor.QuickSearchModule:UnityEditor.Search:ASIAI0B)
Imported 'GUID: 936bea4b2545c4a4fad2e623b0f6371f' -> (Import Result ID: '1c6dff84431607e297bbba8a337049be') in 0.007 seconds [static and dynamic dependencies]. Details - ImportResultOutputID=7e4fae7ca29b98af5ae83ed2351d1e21 DependenciesID=00214f23d513d25c5d6e79a66140bac2 StaticDependenciesID=89345ef13ef15f5813415669454f5a2f 
Number of updated asset objects reloaded before import = 0
Number of asset objects unloaded after import = 1
========================================================================
Received Import Request.
  Time of request: 2026-08-21T17:33:19.8997202Z
  Time since last request: 0.0009436 seconds.
  importAddress: GUID: 891bb6b9f5094c36b59c3788e21c8213 - Path: Packages/com.unity.test-framework/UnityEditor.TestRunner/Api/Analytics - Importer: ScriptedImporter/UnityEditor.QuickSearchModule:UnityEditor.Search:ASIAI0B
Importing 'GUID: 891bb6b9f5094c36b59c3788e21c8213 - Path: Packages/com.unity.test-framework/UnityEditor.TestRunner/Api/Analytics - Importer: ScriptedImporter/UnityEditor.QuickSearchModule:UnityEditor.Search:ASIAI0B' with importer (ScriptedImporter : UnityEditor.QuickSearchModule:UnityEditor.Search:ASIAI0B)
Imported 'GUID: 891bb6b9f5094c36b59c3788e21c8213' -> (Import Result ID: 'efd2781cc2be5aef62be8d07905a213f') in 0.007 seconds [static and dynamic dependencies]. Details - ImportResultOutputID=70018edb290ad03e69922c22f2b92325 DependenciesID=a43d25263c0e58d985e93498550a603a StaticDependenciesID=d191f22edec1b319243f283de13e504b 
Number of updated asset objects reloaded before import = 0
Number of asset objects unloaded after import = 1
========================================================================
Received Import Request.
  Time of request: 2026-08-21T17:33:19.9227359Z
  Time since last request: 0.0011736 seconds.
  importAddress: GUID: d5fa30f043d2e274f9024230be655650 - Path: Packages/com.unity.render-pipelines.universal/Editor/Tools/MaterialUpgrader - Importer: ScriptedImporter/UnityEditor.QuickSearchModule:UnityEditor.Search:ASIAI0B
Importing 'GUID: d5fa30f043d2e274f9024230be655650 - Path: Packages/com.unity.render-pipelines.universal/Editor/Tools/MaterialUpgrader - Importer: ScriptedImporter/UnityEditor.QuickSearchModule:UnityEditor.Search:ASIAI0B' with importer (ScriptedImporter : UnityEditor.QuickSearchModule:UnityEditor.Search:ASIAI0B)
Imported 'GUID: d5fa30f043d2e274f9024230be655650' -> (Import Result ID: 'e6e9f55d168c12ad1ee590dbaec0febe') in 0.082 seconds [static and dynamic dependencies]. Details - ImportResultOutputID=c9defc3a509f509e2efafe1a0868d1c8 DependenciesID=adc435236b0d7d5c612bf5fffabb444c StaticDependenciesID=78c072f3ab31cefc1e0819f3c82de690 
Number of updated asset objects reloaded before import = 0
Number of asset objects unloaded after import = 1
========================================================================
Received Import Request.
  Time of request: 2026-08-21T17:33:20.019044Z
  Time since last request: 0.001044 seconds.
  importAddress: GUID: 00a9bcd29d03e5043aad0c9a7e6185f3 - Path: Packages/com.unity.collections/Unity.Collections.BurstCompatibilityGen - Importer: ScriptedImporter/UnityEditor.QuickSearchModule:UnityEditor.Search:ASIAI0B
Importing 'GUID: 00a9bcd29d03e5043aad0c9a7e6185f3 - Path: Packages/com.unity.collections/Unity.Collections.BurstCompatibilityGen - Importer: ScriptedImporter/UnityEditor.QuickSearchModule:UnityEditor.Search:ASIAI0B' with importer (ScriptedImporter : UnityEditor.QuickSearchModule:UnityEditor.Search:ASIAI0B)
Imported 'GUID: 00a9bcd29d03e5043aad0c9a7e6185f3' -> (Import Result ID: 'a771d573c1f0b0d0e6ef9ef5aa1d2c9c') in 0.008 seconds [static and dynamic dependencies]. Details - ImportResultOutputID=560aaa5ab395b0925ab93d063ec23756 DependenciesID=dcc33db0e19ad329b96b898559ad1191 StaticDependenciesID=4aad871e18d6899a9e10ff87c1db36b4 
Number of updated asset objects reloaded before import = 0
Number of asset objects unloaded after import = 1
========================================================================
Received Import Request.
  Time of request: 2026-08-21T17:33:20.0560047Z
  Time since last request: 0.0010686 seconds.
  importAddress: GUID: c26b211e65e2e45efa3c037960d9c802 - Path: Packages/com.unity.visualscripting/Editor/VisualScripting.Core/Windows/ConfigurationPanel - Importer: ScriptedImporter/UnityEditor.QuickSearchModule:UnityEditor.Search:ASIAI0B
Importing 'GUID: c26b211e65e2e45efa3c037960d9c802 - Path: Packages/com.unity.visualscripting/Editor/VisualScripting.Core/Windows/ConfigurationPanel - Importer: ScriptedImporter/UnityEditor.QuickSearchModule:UnityEditor.Search:ASIAI0B' with importer (ScriptedImporter : UnityEditor.QuickSearchModule:UnityEditor.Search:ASIAI0B)
Imported 'GUID: c26b211e65e2e45efa3c037960d9c802' -> (Import Result ID: '2a2f1245c132d45b50cd7abcfd664db8') in 0.007 seconds [static and dynamic dependencies]. Details - ImportResultOutputID=f6f15346721a534cbe1a4322d513f887 DependenciesID=1a480de3a443f302abef5e1071fb2635 StaticDependenciesID=c194b4367daf8edc847f22e5f22dd463 
Number of updated asset objects reloaded before import = 0
Number of asset objects unloaded after import = 1
========================================================================
Received Import Request.
  Time of request: 2026-08-21T17:33:20.0783676Z
  Time since last request: 0.0010507 seconds.
  importAddress: GUID: 49d4c2ab7ff0f4442af256bad7c9d57c - Path: Packages/com.unity.test-framework/UnityEditor.TestRunner/TestRunner - Importer: ScriptedImporter/UnityEditor.QuickSearchModule:UnityEditor.Search:ASIAI0B
Importing 'GUID: 49d4c2ab7ff0f4442af256bad7c9d57c - Path: Packages/com.unity.test-framework/UnityEditor.TestRunner/TestRunner - Importer: ScriptedImporter/UnityEditor.QuickSearchModule:UnityEditor.Search:ASIAI0B' with importer (ScriptedImporter : UnityEditor.QuickSearchModule:UnityEditor.Search:ASIAI0B)
Imported 'GUID: 49d4c2ab7ff0f4442af256bad7c9d57c' -> (Import Result ID: '364cb3d43508899d03bd5cca0ff59ea4') in 0.006 seconds [static and dynamic dependencies]. Details - ImportResultOutputID=5a9b9a6719966e20d7100e4418957113 DependenciesID=3ae83cd7e6b443b849b5b743211182ba StaticDependenciesID=42ca8c31538fa3c37c61f7714c11aeff 
Number of updated asset objects reloaded before import = 0
Number of asset objects unloaded after import = 1
========================================================================
Received Import Request.
  Time of request: 2026-08-21T17:33:20.0979955Z
  Time since last request: 0.0006122 seconds.
  importAddress: GUID: faa5d782c77ec7b41a65542649dbcc98 - Path: Packages/com.unity.shadergraph/Editor/Resources/UXML/Blackboard - Importer: ScriptedImporter/UnityEditor.QuickSearchModule:UnityEditor.Search:ASIAI0B
Importing 'GUID: faa5d782c77ec7b41a65542649dbcc98 - Path: Packages/com.unity.shadergraph/Editor/Resources/UXML/Blackboard - Importer: ScriptedImporter/UnityEditor.QuickSearchModule:UnityEditor.Search:ASIAI0B' with importer (ScriptedImporter : UnityEditor.QuickSearchModule:UnityEditor.Search:ASIAI0B)
Imported 'GUID: faa5d782c77ec7b41a65542649dbcc98' -> (Import Result ID: '1089908e4d23aeaacbc1d114030b447f') in 0.005 seconds [static and dynamic dependencies]. Details - ImportResultOutputID=a9420c7c3d94a42e69916fac99e9b54d DependenciesID=bfc8e531f1b4e2e169723cf2fb28cdc6 StaticDependenciesID=ba5b3d0c024c9a190cd4a58e79fe6bcb 
Number of updated asset objects reloaded before import = 0
Number of asset objects unloaded after import = 1
========================================================================
Received Import Request.
  Time of request: 2026-08-21T17:33:20.1179323Z
  Time since last request: 0.0006944 seconds.
  importAddress: GUID: 6008daaf28fd58349b70105e46e2a92b - Path: Packages/com.unity.render-pipelines.universal/Runtime/Materials/PhysicalMaterial3DsMax - Importer: ScriptedImporter/UnityEditor.QuickSearchModule:UnityEditor.Search:ASIAI0B
Importing 'GUID: 6008daaf28fd58349b70105e46e2a92b - Path: Packages/com.unity.render-pipelines.universal/Runtime/Materials/PhysicalMaterial3DsMax - Importer: ScriptedImporter/UnityEditor.QuickSearchModule:UnityEditor.Search:ASIAI0B' with importer (ScriptedImporter : UnityEditor.QuickSearchModule:UnityEditor.Search:ASIAI0B)
Imported 'GUID: 6008daaf28fd58349b70105e46e2a92b' -> (Import Result ID: '1d17337bb38f1f92af93025d9c96fc11') in 0.005 seconds [static and dynamic dependencies]. Details - ImportResultOutputID=cb49cc746b5f9d5e7b983cd79bb502bc DependenciesID=e62757393797f965fddf5f4c6e3ee74d StaticDependenciesID=a205cad8d20eedf1a0b4f35c06cbff0e 
Number of updated asset objects reloaded before import = 0
Number of asset objects unloaded after import = 1
========================================================================
Received Import Request.
  Time of request: 2026-08-21T17:33:20.1383093Z
  Time since last request: 0.0006829 seconds.
  importAddress: GUID: bcff3f2833bb241549d7b4be7dddc1de - Path: Packages/com.unity.inputsystem/InputSystem/Editor/Actions - Importer: ScriptedImporter/UnityEditor.QuickSearchModule:UnityEditor.Search:ASIAI0B
Importing 'GUID: bcff3f2833bb241549d7b4be7dddc1de - Path: Packages/com.unity.inputsystem/InputSystem/Editor/Actions - Importer: ScriptedImporter/UnityEditor.QuickSearchModule:UnityEditor.Search:ASIAI0B' with importer (ScriptedImporter : UnityEditor.QuickSearchModule:UnityEditor.Search:ASIAI0B)
Imported 'GUID: bcff3f2833bb241549d7b4be7dddc1de' -> (Import Result ID: '69534080a8c1b678262257ac6b0b9e3c') in 0.007 seconds [static and dynamic dependencies]. Details - ImportResultOutputID=8636095b24121c3f12af078deb06775b DependenciesID=01729c6e4566bf168f28c374853c9955 StaticDependenciesID=bf02a0f33cba1ee30c82ae397fa14974 
Number of updated asset objects reloaded before import = 0
Number of asset objects unloaded after import = 1
========================================================================
Received Import Request.
  Time of request: 2026-08-21T17:33:20.1614627Z
  Time since last request: 0.0006139 seconds.
  importAddress: GUID: 6f93aced576b346d98d755c70033115f - Path: Packages/com.unity.visualscripting/Editor/VisualScripting.Core/Plugin/Changelogs/LegacyLudiqGraphs - Importer: ScriptedImporter/UnityEditor.QuickSearchModule:UnityEditor.Search:ASIAI0B
Importing 'GUID: 6f93aced576b346d98d755c70033115f - Path: Packages/com.unity.visualscripting/Editor/VisualScripting.Core/Plugin/Changelogs/LegacyLudiqGraphs - Importer: ScriptedImporter/UnityEditor.QuickSearchModule:UnityEditor.Search:ASIAI0B' with importer (ScriptedImporter : UnityEditor.QuickSearchModule:UnityEditor.Search:ASIAI0B)
Imported 'GUID: 6f93aced576b346d98d755c70033115f' -> (Import Result ID: '7589f8fcd626488416a4876cd2738b4d') in 0.007 seconds [static and dynamic dependencies]. Details - ImportResultOutputID=2ede30e90a40e81c2320261633806a73 DependenciesID=76c13f46b3c0fee6dff31a873ec2db6c StaticDependenciesID=6da27c094677c2ace060c589715c01e4 
Number of updated asset objects reloaded before import = 0
Number of asset objects unloaded after import = 1
========================================================================
Received Import Request.
  Time of request: 2026-08-21T17:33:20.1830804Z
  Time since last request: 0.0007208 seconds.
  importAddress: GUID: 03672f9d7e73f4134820c35a3cd46a86 - Path: Packages/com.unity.inputsystem/InputSystem/Editor/Plugins/UI - Importer: ScriptedImporter/UnityEditor.QuickSearchModule:UnityEditor.Search:ASIAI0B
Importing 'GUID: 03672f9d7e73f4134820c35a3cd46a86 - Path: Packages/com.unity.inputsystem/InputSystem/Editor/Plugins/UI - Importer: ScriptedImporter/UnityEditor.QuickSearchModule:UnityEditor.Search:ASIAI0B' with importer (ScriptedImporter : UnityEditor.QuickSearchModule:UnityEditor.Search:ASIAI0B)
Imported 'GUID: 03672f9d7e73f4134820c35a3cd46a86' -> (Import Result ID: 'e4bf17f1ff7c702229c6b4fd3943fba0') in 0.006 seconds [static and dynamic dependencies]. Details - ImportResultOutputID=19b069ecd23763a51180020bdf04a96e DependenciesID=0203e3639391dffed0888cc2ed36b133 StaticDependenciesID=2acc5e874ff39146617e7e094cccbee1 
Number of updated asset objects reloaded before import = 0
Number of asset objects unloaded after import = 1
========================================================================
Received Import Request.
  Time of request: 2026-08-21T17:33:20.2064175Z
  Time since last request: 0.0004462 seconds.
  importAddress: GUID: e13f2d6c38d76c24fb156d9537c72359 - Path: Packages/com.unity.render-pipelines.core/Editor/RenderGraph - Importer: ScriptedImporter/UnityEditor.QuickSearchModule:UnityEditor.Search:ASIAI0B
Importing 'GUID: e13f2d6c38d76c24fb156d9537c72359 - Path: Packages/com.unity.render-pipelines.core/Editor/RenderGraph - Importer: ScriptedImporter/UnityEditor.QuickSearchModule:UnityEditor.Search:ASIAI0B' with importer (ScriptedImporter : UnityEditor.QuickSearchModule:UnityEditor.Search:ASIAI0B)
Imported 'GUID: e13f2d6c38d76c24fb156d9537c72359' -> (Import Result ID: '4213022b68b2fdbafd79d88d917773ec') in 0.007 seconds [static and dynamic dependencies]. Details - ImportResultOutputID=1be915086cfda8593098bc07eb889563 DependenciesID=f221c1590d4d9c0ae75825c807a0436b StaticDependenciesID=c420042166f2da031ddbe7ac4e53945a 
Number of updated asset objects reloaded before import = 0
Number of asset objects unloaded after import = 1
========================================================================
Received Import Request.
  Time of request: 2026-08-21T17:33:20.2296017Z
  Time since last request: 0.0006652 seconds.
  importAddress: GUID: 8529451a1ee99484a891bdea2f5219f3 - Path: Packages/com.unity.inputsystem/InputSystem/Runtime/Plugins/XR/Haptics - Importer: ScriptedImporter/UnityEditor.QuickSearchModule:UnityEditor.Search:ASIAI0B
Importing 'GUID: 8529451a1ee99484a891bdea2f5219f3 - Path: Packages/com.unity.inputsystem/InputSystem/Runtime/Plugins/XR/Haptics - Importer: ScriptedImporter/UnityEditor.QuickSearchModule:UnityEditor.Search:ASIAI0B' with importer (ScriptedImporter : UnityEditor.QuickSearchModule:UnityEditor.Search:ASIAI0B)
Imported 'GUID: 8529451a1ee99484a891bdea2f5219f3' -> (Import Result ID: 'b626ca6fe5491ac15b5a33af2bc9b8c0') in 0.007 seconds [static and dynamic dependencies]. Details - ImportResultOutputID=48fc225fabbca30a133cc656f068681d DependenciesID=0b11ddca94b2e9e6e6b8f76e038f2644 StaticDependenciesID=f7303d347e72e46148effc4fd086fc79 
Number of updated asset objects reloaded before import = 0
Number of asset objects unloaded after import = 1
========================================================================
Received Import Request.
  Time of request: 2026-08-21T17:33:20.2499672Z
  Time since last request: 0.0010593 seconds.
  importAddress: GUID: db16a3790436426e8ea186e7918ea4cc - Path: Packages/com.unity.render-pipelines.universal/Runtime/Memory - Importer: ScriptedImporter/UnityEditor.QuickSearchModule:UnityEditor.Search:ASIAI0B
Importing 'GUID: db16a3790436426e8ea186e7918ea4cc - Path: Packages/com.unity.render-pipelines.universal/Runtime/Memory - Importer: ScriptedImporter/UnityEditor.QuickSearchModule:UnityEditor.Search:ASIAI0B' with importer (ScriptedImporter : UnityEditor.QuickSearchModule:UnityEditor.Search:ASIAI0B)
Imported 'GUID: db16a3790436426e8ea186e7918ea4cc' -> (Import Result ID: 'db7bc78f9983d3e3adfef8c2042c3b3c') in 0.006 seconds [static and dynamic dependencies]. Details - ImportResultOutputID=2efe9f2cef611fa6280198e701333aa3 DependenciesID=98fb853290ad4dbc4267e93542eb2daa StaticDependenciesID=4fabcb083db7a8e36419e8777923f4a9 
Number of updated asset objects reloaded before import = 0
Number of asset objects unloaded after import = 1
========================================================================
Received Import Request.
  Time of request: 2026-08-21T17:33:20.2698376Z
  Time since last request: 0.0008677 seconds.
  importAddress: GUID: fa1a96c0a3f154fbba933b74f7414a76 - Path: Packages/com.unity.visualscripting/Runtime/VisualScripting.Flow/Connections - Importer: ScriptedImporter/UnityEditor.QuickSearchModule:UnityEditor.Search:ASIAI0B
Importing 'GUID: fa1a96c0a3f154fbba933b74f7414a76 - Path: Packages/com.unity.visualscripting/Runtime/VisualScripting.Flow/Connections - Importer: ScriptedImporter/UnityEditor.QuickSearchModule:UnityEditor.Search:ASIAI0B' with importer (ScriptedImporter : UnityEditor.QuickSearchModule:UnityEditor.Search:ASIAI0B)
Imported 'GUID: fa1a96c0a3f154fbba933b74f7414a76' -> (Import Result ID: '1ce1b2ceeb586406b63f56202d998296') in 0.008 seconds [static and dynamic dependencies]. Details - ImportResultOutputID=54d104fe91d0bb93d43d4cd01def4057 DependenciesID=2e05f2d9a30c3c9f8d8f78f32d7c8ac5 StaticDependenciesID=a1121c22a84682d96c42ee2dbf66f803 
Number of updated asset objects reloaded before import = 0
Number of asset objects unloaded after import = 1
========================================================================
Received Import Request.
  Time of request: 2026-08-21T17:33:20.2917158Z
  Time since last request: 0.0010339 seconds.
  importAddress: GUID: 0f240cc177d08124a9694021c19c0dc4 - Path: Packages/com.unity.render-pipelines.core/Runtime/Debugging/FrameTiming - Importer: ScriptedImporter/UnityEditor.QuickSearchModule:UnityEditor.Search:ASIAI0B
Importing 'GUID: 0f240cc177d08124a9694021c19c0dc4 - Path: Packages/com.unity.render-pipelines.core/Runtime/Debugging/FrameTiming - Importer: ScriptedImporter/UnityEditor.QuickSearchModule:UnityEditor.Search:ASIAI0B' with importer (ScriptedImporter : UnityEditor.QuickSearchModule:UnityEditor.Search:ASIAI0B)
Imported 'GUID: 0f240cc177d08124a9694021c19c0dc4' -> (Import Result ID: '94ab537a3ad9dbc4c26ec7e37f69a471') in 0.006 seconds [static and dynamic dependencies]. Details - ImportResultOutputID=6661c5a425f87ead45b1b46a41955922 DependenciesID=7578d24da5dc37c183673f8b3df59b15 StaticDependenciesID=6440698b9c1de5a52eb655697da160d0 
Number of updated asset objects reloaded before import = 0
Number of asset objects unloaded after import = 1
========================================================================
Received Import Request.
  Time of request: 2026-08-21T17:33:20.3113998Z
  Time since last request: 0.0008376 seconds.
  importAddress: GUID: 4584db2acba045742a16942983e7fb96 - Path: Packages/com.unity.timeline/Editor/Recording - Importer: ScriptedImporter/UnityEditor.QuickSearchModule:UnityEditor.Search:ASIAI0B
Importing 'GUID: 4584db2acba045742a16942983e7fb96 - Path: Packages/com.unity.timeline/Editor/Recording - Importer: ScriptedImporter/UnityEditor.QuickSearchModule:UnityEditor.Search:ASIAI0B' with importer (ScriptedImporter : UnityEditor.QuickSearchModule:UnityEditor.Search:ASIAI0B)
Imported 'GUID: 4584db2acba045742a16942983e7fb96' -> (Import Result ID: '3a1b94184fe1df527b1fc2d88d02c2f7') in 0.006 seconds [static and dynamic dependencies]. Details - ImportResultOutputID=ce2f9cdf75e4244449f41036e4e7e69b DependenciesID=a0908c1ea363142bf5f78350dbcad85d StaticDependenciesID=8d4950fa6f129c9c8e5abd4d5b74cff6 
Number of updated asset objects reloaded before import = 0
Number of asset objects unloaded after import = 1
========================================================================
Received Import Request.
  Time of request: 2026-08-21T17:33:20.3326512Z
  Time since last request: 0.000663 seconds.
  importAddress: GUID: 37888acc09d9ee848bf9559f06645c45 - Path: Packages/com.unity.test-framework/UnityEngine.TestRunner/NUnitExtensions/Runner - Importer: ScriptedImporter/UnityEditor.QuickSearchModule:UnityEditor.Search:ASIAI0B
Importing 'GUID: 37888acc09d9ee848bf9559f06645c45 - Path: Packages/com.unity.test-framework/UnityEngine.TestRunner/NUnitExtensions/Runner - Importer: ScriptedImporter/UnityEditor.QuickSearchModule:UnityEditor.Search:ASIAI0B' with importer (ScriptedImporter : UnityEditor.QuickSearchModule:UnityEditor.Search:ASIAI0B)
Imported 'GUID: 37888acc09d9ee848bf9559f06645c45' -> (Import Result ID: '3cdf145750c0c5bdd90d9889ab09b094') in 0.005 seconds [static and dynamic dependencies]. Details - ImportResultOutputID=fda14172a815556f2c909fe432353390 DependenciesID=aae15bcaebb04549d1e128f35b8bb39a StaticDependenciesID=77e6f904095ba51ff762622df3d00c5c 
Number of updated asset objects reloaded before import = 0
Number of asset objects unloaded after import = 1
========================================================================
Received Import Request.
  Time of request: 2026-08-21T17:33:20.3535524Z
  Time since last request: 0.0008833 seconds.
  importAddress: GUID: 00a116691603d1943905c38f0640a134 - Path: Packages/com.unity.render-pipelines.core/Runtime/Settings - Importer: ScriptedImporter/UnityEditor.QuickSearchModule:UnityEditor.Search:ASIAI0B
Importing 'GUID: 00a116691603d1943905c38f0640a134 - Path: Packages/com.unity.render-pipelines.core/Runtime/Settings - Importer: ScriptedImporter/UnityEditor.QuickSearchModule:UnityEditor.Search:ASIAI0B' with importer (ScriptedImporter : UnityEditor.QuickSearchModule:UnityEditor.Search:ASIAI0B)
Imported 'GUID: 00a116691603d1943905c38f0640a134' -> (Import Result ID: '61575f27a7140ebe65c94e7bdc99ff89') in 0.006 seconds [static and dynamic dependencies]. Details - ImportResultOutputID=3511242d0ae428689610ca0b71cadb9f DependenciesID=db8c22dfe6b79d1a7cde56e148e51289 StaticDependenciesID=115f88f3b6dcc2af3a64d0654ea502b6 
Number of updated asset objects reloaded before import = 0
Number of asset objects unloaded after import = 1
========================================================================
Received Import Request.
  Time of request: 2026-08-21T17:33:20.3746453Z
  Time since last request: 0.0008703 seconds.
  importAddress: GUID: e88eef57957d4440c8a7ff2ef9dd3d97 - Path: Packages/com.unity.test-framework/UnityEditor.TestRunner/GUI/Controls - Importer: ScriptedImporter/UnityEditor.QuickSearchModule:UnityEditor.Search:ASIAI0B
Importing 'GUID: e88eef57957d4440c8a7ff2ef9dd3d97 - Path: Packages/com.unity.test-framework/UnityEditor.TestRunner/GUI/Controls - Importer: ScriptedImporter/UnityEditor.QuickSearchModule:UnityEditor.Search:ASIAI0B' with importer (ScriptedImporter : UnityEditor.QuickSearchModule:UnityEditor.Search:ASIAI0B)
Imported 'GUID: e88eef57957d4440c8a7ff2ef9dd3d97' -> (Import Result ID: 'f9bded2576b0fca60de17a0a429f7bfd') in 0.006 seconds [static and dynamic dependencies]. Details - ImportResultOutputID=2a3426919ab8ac650ad50a9c25ea701f DependenciesID=c0c96871cad3a756d609d7c86f16eeb9 StaticDependenciesID=de6bbdba08fa32f3de088ff88dad4c9a 
Number of updated asset objects reloaded before import = 0
Number of asset objects unloaded after import = 1
========================================================================
Received Import Request.
  Time of request: 2026-08-21T17:33:20.3975668Z
  Time since last request: 0.000794 seconds.
  importAddress: GUID: 278b6073a5bdd4362acd72ca43ff9e0d - Path: Packages/com.unity.ugui/Editor/UGUI - Importer: ScriptedImporter/UnityEditor.QuickSearchModule:UnityEditor.Search:ASIAI0B
Importing 'GUID: 278b6073a5bdd4362acd72ca43ff9e0d - Path: Packages/com.unity.ugui/Editor/UGUI - Importer: ScriptedImporter/UnityEditor.QuickSearchModule:UnityEditor.Search:ASIAI0B' with importer (ScriptedImporter : UnityEditor.QuickSearchModule:UnityEditor.Search:ASIAI0B)
Imported 'GUID: 278b6073a5bdd4362acd72ca43ff9e0d' -> (Import Result ID: '30d0507e4f28fbb51d981077d844e838') in 0.006 seconds [static and dynamic dependencies]. Details - ImportResultOutputID=41880a467b17dd6bb6cfec4d3188fcc3 DependenciesID=81d46c7f806b91868d4ec7f960dbaee7 StaticDependenciesID=07dc0469a07729a16b457ce596c5d3ce 
Number of updated asset objects reloaded before import = 0
Number of asset objects unloaded after import = 1
========================================================================
Received Import Request.
  Time of request: 2026-08-21T17:33:20.4171538Z
  Time since last request: 0.0006988 seconds.
  importAddress: GUID: 1ab59760d62245498d588afe58117b66 - Path: Packages/com.unity.collab-proxy/Editor/Diff - Importer: ScriptedImporter/UnityEditor.QuickSearchModule:UnityEditor.Search:ASIAI0B
Importing 'GUID: 1ab59760d62245498d588afe58117b66 - Path: Packages/com.unity.collab-proxy/Editor/Diff - Importer: ScriptedImporter/UnityEditor.QuickSearchModule:UnityEditor.Search:ASIAI0B' with importer (ScriptedImporter : UnityEditor.QuickSearchModule:UnityEditor.Search:ASIAI0B)
Imported 'GUID: 1ab59760d62245498d588afe58117b66' -> (Import Result ID: 'f4dcfc44c97f33702c74d29cb95263d8') in 0.007 seconds [static and dynamic dependencies]. Details - ImportResultOutputID=f7891b5a083307071e1c74ef8f246455 DependenciesID=1259950a776fe3e3bf12f05e38f02aa9 StaticDependenciesID=90fa638a6ae9e8ade0984766badaaeb7 
Number of updated asset objects reloaded before import = 0
Number of asset objects unloaded after import = 1
========================================================================
Received Import Request.
  Time of request: 2026-08-21T17:33:20.4386707Z
  Time since last request: 0.0006562 seconds.
  importAddress: GUID: 1a7b8e58e4e8f4db380c43b8f05eb2f9 - Path: Packages/com.unity.visualscripting/Runtime/VisualScripting.Core/EditorBinding - Importer: ScriptedImporter/UnityEditor.QuickSearchModule:UnityEditor.Search:ASIAI0B
Importing 'GUID: 1a7b8e58e4e8f4db380c43b8f05eb2f9 - Path: Packages/com.unity.visualscripting/Runtime/VisualScripting.Core/EditorBinding - Importer: ScriptedImporter/UnityEditor.QuickSearchModule:UnityEditor.Search:ASIAI0B' with importer (ScriptedImporter : UnityEditor.QuickSearchModule:UnityEditor.Search:ASIAI0B)
Imported 'GUID: 1a7b8e58e4e8f4db380c43b8f05eb2f9' -> (Import Result ID: '5a552366bb08e1ba0e405f49d8c4b911') in 0.006 seconds [static and dynamic dependencies]. Details - ImportResultOutputID=dd6f9e0b32a2128663f2278db7b27c1a DependenciesID=1ac5d12ae8d0cba10c5b79a0713722f1 StaticDependenciesID=431339b16e1a41c705cdba882f11a714 
Number of updated asset objects reloaded before import = 0
Number of asset objects unloaded after import = 1
========================================================================
Received Import Request.
  Time of request: 2026-08-21T17:33:20.4591306Z
  Time since last request: 0.0009091 seconds.
  importAddress: GUID: 5b00473355622524394628f7ec51808d - Path: Packages/com.unity.timeline/Runtime/Events/Signals - Importer: ScriptedImporter/UnityEditor.QuickSearchModule:UnityEditor.Search:ASIAI0B
Importing 'GUID: 5b00473355622524394628f7ec51808d - Path: Packages/com.unity.timeline/Runtime/Events/Signals - Importer: ScriptedImporter/UnityEditor.QuickSearchModule:UnityEditor.Search:ASIAI0B' with importer (ScriptedImporter : UnityEditor.QuickSearchModule:UnityEditor.Search:ASIAI0B)
Imported 'GUID: 5b00473355622524394628f7ec51808d' -> (Import Result ID: '5d49828361ed9a195558cdeb512a5462') in 0.006 seconds [static and dynamic dependencies]. Details - ImportResultOutputID=780619931e70f15ae006e485caa998d7 DependenciesID=5c6b6c32bbd60f2d6d9f52ec1d976964 StaticDependenciesID=27b97b0a78e6866c36270655798ca71f 
Number of updated asset objects reloaded before import = 0
Number of asset objects unloaded after import = 1
========================================================================
Received Import Request.
  Time of request: 2026-08-21T17:33:20.4780843Z
  Time since last request: 0.0008098 seconds.
  importAddress: GUID: ba49d6ca56964cc28bd1278524ad02a1 - Path: Packages/com.unity.shadergraph/GraphTemplates - Importer: ScriptedImporter/UnityEditor.QuickSearchModule:UnityEditor.Search:ASIAI0B
Importing 'GUID: ba49d6ca56964cc28bd1278524ad02a1 - Path: Packages/com.unity.shadergraph/GraphTemplates - Importer: ScriptedImporter/UnityEditor.QuickSearchModule:UnityEditor.Search:ASIAI0B' with importer (ScriptedImporter : UnityEditor.QuickSearchModule:UnityEditor.Search:ASIAI0B)
Imported 'GUID: ba49d6ca56964cc28bd1278524ad02a1' -> (Import Result ID: '7f591414f21eb4c1147f5e5966ef99f0') in 0.006 seconds [static and dynamic dependencies]. Details - ImportResultOutputID=1a27b658916dd36e2597ebbbc97b73af DependenciesID=0d380c1fd4ede6203816fa3279b40bd3 StaticDependenciesID=d7c05371f38b14d4e54f789e0f3cd0d5 
Number of updated asset objects reloaded before import = 0
Number of asset objects unloaded after import = 1
========================================================================
Received Import Request.
  Time of request: 2026-08-21T17:33:20.4985914Z
  Time since last request: 0.0005798 seconds.
  importAddress: GUID: 0855336f89ed65c45a15c56d2269fffd - Path: Packages/com.unity.test-framework.performance/Editor - Importer: ScriptedImporter/UnityEditor.QuickSearchModule:UnityEditor.Search:ASIAI0B
Importing 'GUID: 0855336f89ed65c45a15c56d2269fffd - Path: Packages/com.unity.test-framework.performance/Editor - Importer: ScriptedImporter/UnityEditor.QuickSearchModule:UnityEditor.Search:ASIAI0B' with importer (ScriptedImporter : UnityEditor.QuickSearchModule:UnityEditor.Search:ASIAI0B)
Imported 'GUID: 0855336f89ed65c45a15c56d2269fffd' -> (Import Result ID: 'fee7095866fa646c3c2a7ee37234c878') in 0.008 seconds [static and dynamic dependencies]. Details - ImportResultOutputID=e8da0902592825b614b8668879e16db6 DependenciesID=f5bd3cc72444f5974f44155ee20eedd1 StaticDependenciesID=640e07e0734ffa99a171fe37f8ff072d 
Number of updated asset objects reloaded before import = 0
Number of asset objects unloaded after import = 1
========================================================================
Received Import Request.
  Time of request: 2026-08-21T17:33:20.5215225Z
  Time since last request: 0.0006289 seconds.
  importAddress: GUID: 95fd48b26b354bd396b3ba43717db5d4 - Path: Packages/com.unity.collab-proxy/Editor/CodeEditor/Utils - Importer: ScriptedImporter/UnityEditor.QuickSearchModule:UnityEditor.Search:ASIAI0B
Importing 'GUID: 95fd48b26b354bd396b3ba43717db5d4 - Path: Packages/com.unity.collab-proxy/Editor/CodeEditor/Utils - Importer: ScriptedImporter/UnityEditor.QuickSearchModule:UnityEditor.Search:ASIAI0B' with importer (ScriptedImporter : UnityEditor.QuickSearchModule:UnityEditor.Search:ASIAI0B)
Imported 'GUID: 95fd48b26b354bd396b3ba43717db5d4' -> (Import Result ID: 'c66c0ec957fdc4a3c75a30edaed704a8') in 0.006 seconds [static and dynamic dependencies]. Details - ImportResultOutputID=be9b2b311edd246a64707d650d6452d9 DependenciesID=98d2d66f8f982635018daa3358d083d8 StaticDependenciesID=c9d72656446d97ce95cd21a2154a4032 
Number of updated asset objects reloaded before import = 0
Number of asset objects unloaded after import = 1
========================================================================
Received Import Request.
  Time of request: 2026-08-21T17:33:20.556053Z
  Time since last request: 0.0104924 seconds.
  importAddress: GUID: 22d3dbf8d488d49d2b1130d698010dee - Path: Packages/com.unity.multiplayer.center/Editor/Features - Importer: ScriptedImporter/UnityEditor.QuickSearchModule:UnityEditor.Search:ASIAI0B
Importing 'GUID: 22d3dbf8d488d49d2b1130d698010dee - Path: Packages/com.unity.multiplayer.center/Editor/Features - Importer: ScriptedImporter/UnityEditor.QuickSearchModule:UnityEditor.Search:ASIAI0B' with importer (ScriptedImporter : UnityEditor.QuickSearchModule:UnityEditor.Search:ASIAI0B)
Imported 'GUID: 22d3dbf8d488d49d2b1130d698010dee' -> (Import Result ID: '7c3970f5cb92fd792847b9afe62dd556') in 0.009 seconds [static and dynamic dependencies]. Details - ImportResultOutputID=e690e84743970803374d1f929d58ae44 DependenciesID=024e175120ce38723b2aabd478d8ce60 StaticDependenciesID=5c7e840edec75b77c8525635975b500f 
Number of updated asset objects reloaded before import = 0
Number of asset objects unloaded after import = 1
========================================================================
Received Import Request.
  Time of request: 2026-08-21T17:33:20.5808727Z
  Time since last request: 0.0011767 seconds.
  importAddress: GUID: 1c5abd9001f2cd9af77d9ddad8aa161e - Path: Packages/com.unity.timeline - Importer: ScriptedImporter/UnityEditor.QuickSearchModule:UnityEditor.Search:ASIAI0B
Importing 'GUID: 1c5abd9001f2cd9af77d9ddad8aa161e - Path: Packages/com.unity.timeline - Importer: ScriptedImporter/UnityEditor.QuickSearchModule:UnityEditor.Search:ASIAI0B' with importer (ScriptedImporter : UnityEditor.QuickSearchModule:UnityEditor.Search:ASIAI0B)
Imported 'GUID: 1c5abd9001f2cd9af77d9ddad8aa161e' -> (Import Result ID: 'a5132003f403702a25cf599182f7c28b') in 0.010 seconds [static and dynamic dependencies]. Details - ImportResultOutputID=8937f4ddf2af147935d66e30e145dff0 DependenciesID=e53157a690bc0a96614f0ee508765547 StaticDependenciesID=6a60ce946d99e8ee291e158dbd830db3 
Number of updated asset objects reloaded before import = 0
Number of asset objects unloaded after import = 1
========================================================================
Received Import Request.
  Time of request: 2026-08-21T17:33:20.6115368Z
  Time since last request: 0.0009925 seconds.
  importAddress: GUID: b6a3ada20a8c4030907eb96c0cb331bc - Path: Packages/com.unity.test-framework.performance/Editor/UIElements - Importer: ScriptedImporter/UnityEditor.QuickSearchModule:UnityEditor.Search:ASIAI0B
Importing 'GUID: b6a3ada20a8c4030907eb96c0cb331bc - Path: Packages/com.unity.test-framework.performance/Editor/UIElements - Importer: ScriptedImporter/UnityEditor.QuickSearchModule:UnityEditor.Search:ASIAI0B' with importer (ScriptedImporter : UnityEditor.QuickSearchModule:UnityEditor.Search:ASIAI0B)
Imported 'GUID: b6a3ada20a8c4030907eb96c0cb331bc' -> (Import Result ID: 'b648524c0cc296012e88b2ec650970d1') in 0.006 seconds [static and dynamic dependencies]. Details - ImportResultOutputID=8b1a3b4aba6c8644841740b0c8450b63 DependenciesID=956d9ae8acc253bb071c3a00f69f32ed StaticDependenciesID=934f0c5a88fbe8da5cae196d93b4d89c 
Number of updated asset objects reloaded before import = 0
Number of asset objects unloaded after import = 1
========================================================================
Received Import Request.
  Time of request: 2026-08-21T17:33:20.633072Z
  Time since last request: 0.0006651 seconds.
  importAddress: GUID: abbbcd5cf6184b818eaa56c5778a4110 - Path: Packages/com.unity.inputsystem/InputSystem/Runtime/Devices - Importer: ScriptedImporter/UnityEditor.QuickSearchModule:UnityEditor.Search:ASIAI0B
Importing 'GUID: abbbcd5cf6184b818eaa56c5778a4110 - Path: Packages/com.unity.inputsystem/InputSystem/Runtime/Devices - Importer: ScriptedImporter/UnityEditor.QuickSearchModule:UnityEditor.Search:ASIAI0B' with importer (ScriptedImporter : UnityEditor.QuickSearchModule:UnityEditor.Search:ASIAI0B)
Imported 'GUID: abbbcd5cf6184b818eaa56c5778a4110' -> (Import Result ID: '9905a92f3224ee41c501e681205477e7') in 0.006 seconds [static and dynamic dependencies]. Details - ImportResultOutputID=f16d0e51d9234d6dd5f6c16057cbe838 DependenciesID=0c118914759bf4c6fcf94dcae44d11a4 StaticDependenciesID=eea89d5e7f10868fc84703856684a1b7 
Number of updated asset objects reloaded before import = 0
Number of asset objects unloaded after import = 1
========================================================================
Received Import Request.
  Time of request: 2026-08-21T17:33:20.6540495Z
  Time since last request: 0.0009375 seconds.
  importAddress: GUID: 55d5918a213bb4ff4938d7043a1f8612 - Path: Packages/com.unity.visualscripting/Runtime/VisualScripting.Core/Pooling - Importer: ScriptedImporter/UnityEditor.QuickSearchModule:UnityEditor.Search:ASIAI0B
Importing 'GUID: 55d5918a213bb4ff4938d7043a1f8612 - Path: Packages/com.unity.visualscripting/Runtime/VisualScripting.Core/Pooling - Importer: ScriptedImporter/UnityEditor.QuickSearchModule:UnityEditor.Search:ASIAI0B' with importer (ScriptedImporter : UnityEditor.QuickSearchModule:UnityEditor.Search:ASIAI0B)
Imported 'GUID: 55d5918a213bb4ff4938d7043a1f8612' -> (Import Result ID: '03cfc96992de5db8c562727e4f009abd') in 0.006 seconds [static and dynamic dependencies]. Details - ImportResultOutputID=6ca133a42defede1eec979fce473640b DependenciesID=75e34910a8a44496589552ee660735b7 StaticDependenciesID=1222ab844c24cff4bb0faa6e103224f0 
Number of updated asset objects reloaded before import = 0
Number of asset objects unloaded after import = 1
========================================================================
Received Import Request.
  Time of request: 2026-08-21T17:33:20.6747203Z
  Time since last request: 0.0007764 seconds.
  importAddress: GUID: f6775e7645049b4478095242eda447ce - Path: Packages/com.unity.collab-proxy/Editor/Views/Changesets/Dialogs - Importer: ScriptedImporter/UnityEditor.QuickSearchModule:UnityEditor.Search:ASIAI0B
Importing 'GUID: f6775e7645049b4478095242eda447ce - Path: Packages/com.unity.collab-proxy/Editor/Views/Changesets/Dialogs - Importer: ScriptedImporter/UnityEditor.QuickSearchModule:UnityEditor.Search:ASIAI0B' with importer (ScriptedImporter : UnityEditor.QuickSearchModule:UnityEditor.Search:ASIAI0B)
Imported 'GUID: f6775e7645049b4478095242eda447ce' -> (Import Result ID: '827e78b8ceea3c6565b6ea8d86c69cc5') in 0.006 seconds [static and dynamic dependencies]. Details - ImportResultOutputID=9f1fa54ff088eba874456686ff031c7e DependenciesID=e95fd1b5fd61d2e1e67081966195696c StaticDependenciesID=dcc9e9adba34969bbe6efb6102c0fd31 
Number of updated asset objects reloaded before import = 0
Number of asset objects unloaded after import = 1
========================================================================
Received Import Request.
  Time of request: 2026-08-21T17:33:20.6939796Z
  Time since last request: 0.0007522 seconds.
  importAddress: GUID: 5f6f204246726d84a87fac671dba9b53 - Path: Packages/com.unity.render-pipelines.core/Editor/PropertyDrawers - Importer: ScriptedImporter/UnityEditor.QuickSearchModule:UnityEditor.Search:ASIAI0B
Importing 'GUID: 5f6f204246726d84a87fac671dba9b53 - Path: Packages/com.unity.render-pipelines.core/Editor/PropertyDrawers - Importer: ScriptedImporter/UnityEditor.QuickSearchModule:UnityEditor.Search:ASIAI0B' with importer (ScriptedImporter : UnityEditor.QuickSearchModule:UnityEditor.Search:ASIAI0B)
Imported 'GUID: 5f6f204246726d84a87fac671dba9b53' -> (Import Result ID: '52b287389f33de80cc6524b695f70cec') in 0.007 seconds [static and dynamic dependencies]. Details - ImportResultOutputID=e663ee60d37b69bf9668befd956b0dd0 DependenciesID=1bdb50c48423e79c0131437ca1ff1efa StaticDependenciesID=1ba3734bc2975807cf31e52ca49f1c4c 
Number of updated asset objects reloaded before import = 0
Number of asset objects unloaded after import = 1
========================================================================
Received Import Request.
  Time of request: 2026-08-21T17:33:20.7153429Z
  Time since last request: 0.0011951 seconds.
  importAddress: GUID: bdb4f6935641b574b984da8dc27cab45 - Path: Packages/com.unity.timeline/Runtime/Scripting - Importer: ScriptedImporter/UnityEditor.QuickSearchModule:UnityEditor.Search:ASIAI0B
Importing 'GUID: bdb4f6935641b574b984da8dc27cab45 - Path: Packages/com.unity.timeline/Runtime/Scripting - Importer: ScriptedImporter/UnityEditor.QuickSearchModule:UnityEditor.Search:ASIAI0B' with importer (ScriptedImporter : UnityEditor.QuickSearchModule:UnityEditor.Search:ASIAI0B)
Imported 'GUID: bdb4f6935641b574b984da8dc27cab45' -> (Import Result ID: '23a0bcf467cd444bc318c767b5b71a55') in 0.007 seconds [static and dynamic dependencies]. Details - ImportResultOutputID=27679f304e645c69204b4c9303d7015b DependenciesID=269df7c5d02340bd12e908d78ff1b4aa StaticDependenciesID=4335757095f3693662d47501c3844cf4 
Number of updated asset objects reloaded before import = 0
Number of asset objects unloaded after import = 1
========================================================================
Received Import Request.
  Time of request: 2026-08-21T17:33:20.7361836Z
  Time since last request: 0.0008628 seconds.
  importAddress: GUID: cd5a03b8be51145d4b86df3d086aff76 - Path: Packages/com.unity.visualscripting/Editor/VisualScripting.Core/Interface/Licenses - Importer: ScriptedImporter/UnityEditor.QuickSearchModule:UnityEditor.Search:ASIAI0B
Importing 'GUID: cd5a03b8be51145d4b86df3d086aff76 - Path: Packages/com.unity.visualscripting/Editor/VisualScripting.Core/Interface/Licenses - Importer: ScriptedImporter/UnityEditor.QuickSearchModule:UnityEditor.Search:ASIAI0B' with importer (ScriptedImporter : UnityEditor.QuickSearchModule:UnityEditor.Search:ASIAI0B)
Imported 'GUID: cd5a03b8be51145d4b86df3d086aff76' -> (Import Result ID: '844201d953e09e966939a607491624f6') in 0.007 seconds [static and dynamic dependencies]. Details - ImportResultOutputID=a1e309580c6a11f39c7d3023095a2aa5 DependenciesID=b7c15d87e52d3e91ef76c41e829acf96 StaticDependenciesID=583845738046bfdf588f825286120e9b 
Number of updated asset objects reloaded before import = 0
Number of asset objects unloaded after import = 1
========================================================================
Received Import Request.
  Time of request: 2026-08-21T17:33:20.7579821Z
  Time since last request: 0.0007829 seconds.
  importAddress: GUID: 094f15b4a6654154bb5755294694cb46 - Path: Packages/com.unity.shadergraph/Editor/Generation/Targets/Canvas/AssetCallbacks - Importer: ScriptedImporter/UnityEditor.QuickSearchModule:UnityEditor.Search:ASIAI0B
Importing 'GUID: 094f15b4a6654154bb5755294694cb46 - Path: Packages/com.unity.shadergraph/Editor/Generation/Targets/Canvas/AssetCallbacks - Importer: ScriptedImporter/UnityEditor.QuickSearchModule:UnityEditor.Search:ASIAI0B' with importer (ScriptedImporter : UnityEditor.QuickSearchModule:UnityEditor.Search:ASIAI0B)
Imported 'GUID: 094f15b4a6654154bb5755294694cb46' -> (Import Result ID: 'c28a5de0f8dbc44cc46a320827e80a41') in 0.007 seconds [static and dynamic dependencies]. Details - ImportResultOutputID=bb7af6654ef826a19efae8984a00e9b6 DependenciesID=71c80248e49897013ea74c293bc17838 StaticDependenciesID=df885a7b79693842168fc94880308b88 
Number of updated asset objects reloaded before import = 0
Number of asset objects unloaded after import = 1
========================================================================
Received Import Request.
  Time of request: 2026-08-21T17:33:20.7809852Z
  Time since last request: 0.0006564 seconds.
  importAddress: GUID: ec817e5e5781e0a4983a1dc8875d1974 - Path: Packages/com.unity.timeline/Runtime/Attributes - Importer: ScriptedImporter/UnityEditor.QuickSearchModule:UnityEditor.Search:ASIAI0B
Importing 'GUID: ec817e5e5781e0a4983a1dc8875d1974 - Path: Packages/com.unity.timeline/Runtime/Attributes - Importer: ScriptedImporter/UnityEditor.QuickSearchModule:UnityEditor.Search:ASIAI0B' with importer (ScriptedImporter : UnityEditor.QuickSearchModule:UnityEditor.Search:ASIAI0B)
Imported 'GUID: ec817e5e5781e0a4983a1dc8875d1974' -> (Import Result ID: '8180c07d8a7d5c2ca5df5e3963419378') in 0.006 seconds [static and dynamic dependencies]. Details - ImportResultOutputID=86f6984c44caf13fcf474c3e66966eb7 DependenciesID=5547489067e486c800e55b79ec50b131 StaticDependenciesID=07ab1649c55f8eff1b54cb9db9c204d6 
Number of updated asset objects reloaded before import = 0
Number of asset objects unloaded after import = 1
========================================================================
Received Import Request.
  Time of request: 2026-08-21T17:33:20.802024Z
  Time since last request: 0.0009762 seconds.
  importAddress: GUID: 9f2ad7cb0b669c04d80de0ebde5db836 - Path: Packages/com.unity.timeline/Editor/Samples - Importer: ScriptedImporter/UnityEditor.QuickSearchModule:UnityEditor.Search:ASIAI0B
Importing 'GUID: 9f2ad7cb0b669c04d80de0ebde5db836 - Path: Packages/com.unity.timeline/Editor/Samples - Importer: ScriptedImporter/UnityEditor.QuickSearchModule:UnityEditor.Search:ASIAI0B' with importer (ScriptedImporter : UnityEditor.QuickSearchModule:UnityEditor.Search:ASIAI0B)
Imported 'GUID: 9f2ad7cb0b669c04d80de0ebde5db836' -> (Import Result ID: '9ec7ee2da6d5ab550c2bd090f914f4e4') in 0.007 seconds [static and dynamic dependencies]. Details - ImportResultOutputID=cba3d9482f46a3c8d57dee7d08917206 DependenciesID=c91d153f722b402b73e4fe7039e8a165 StaticDependenciesID=cd5ab27416c741f95666e34bc81a2cf4 
Number of updated asset objects reloaded before import = 0
Number of asset objects unloaded after import = 1
========================================================================
Received Import Request.
  Time of request: 2026-08-21T17:33:20.8252799Z
  Time since last request: 0.0015722 seconds.
  importAddress: GUID: 2a28c2fab6b1bb745a844ef6b908e7ee - Path: Packages/com.unity.ugui/Tests/Runtime/UGUI/InputField - Importer: ScriptedImporter/UnityEditor.QuickSearchModule:UnityEditor.Search:ASIAI0B
Importing 'GUID: 2a28c2fab6b1bb745a844ef6b908e7ee - Path: Packages/com.unity.ugui/Tests/Runtime/UGUI/InputField - Importer: ScriptedImporter/UnityEditor.QuickSearchModule:UnityEditor.Search:ASIAI0B' with importer (ScriptedImporter : UnityEditor.QuickSearchModule:UnityEditor.Search:ASIAI0B)
Imported 'GUID: 2a28c2fab6b1bb745a844ef6b908e7ee' -> (Import Result ID: 'b2b5ca1e34fed333ca396ca88e5baeb1') in 0.007 seconds [static and dynamic dependencies]. Details - ImportResultOutputID=dfe5372b72742eed11b79f258b24654d DependenciesID=65cadab1a25d30b108436cd3b6a68779 StaticDependenciesID=d788b001507722daa82f6c3d1a9f043e 
Number of updated asset objects reloaded before import = 0
Number of asset objects unloaded after import = 1
========================================================================
Received Import Request.
  Time of request: 2026-08-21T17:33:20.8489697Z
  Time since last request: 0.0008306 seconds.
  importAddress: GUID: aaf37a5e30fbb9e4096ba67f72a4b8f1 - Path: Packages/com.unity.collab-proxy/Editor/Views/Labels/Dialogs - Importer: ScriptedImporter/UnityEditor.QuickSearchModule:UnityEditor.Search:ASIAI0B
Importing 'GUID: aaf37a5e30fbb9e4096ba67f72a4b8f1 - Path: Packages/com.unity.collab-proxy/Editor/Views/Labels/Dialogs - Importer: ScriptedImporter/UnityEditor.QuickSearchModule:UnityEditor.Search:ASIAI0B' with importer (ScriptedImporter : UnityEditor.QuickSearchModule:UnityEditor.Search:ASIAI0B)
Imported 'GUID: aaf37a5e30fbb9e4096ba67f72a4b8f1' -> (Import Result ID: '5ce552e517383dbfdedac21d66daa36c') in 0.007 seconds [static and dynamic dependencies]. Details - ImportResultOutputID=91358d48ae678f3865631af3d06a7d67 DependenciesID=a24174b5fb1d4adffcb8f7a3d2ab7821 StaticDependenciesID=f6db55092d2c33d587470e8b906ab9dc 
Number of updated asset objects reloaded before import = 0
Number of asset objects unloaded after import = 1
========================================================================
Received Import Request.
  Time of request: 2026-08-21T17:33:20.8706009Z
  Time since last request: 0.0007804 seconds.
  importAddress: GUID: f6079802724cc154ea5667c3a1e31d43 - Path: Packages/com.unity.collab-proxy/Editor/Developer - Importer: ScriptedImporter/UnityEditor.QuickSearchModule:UnityEditor.Search:ASIAI0B
Importing 'GUID: f6079802724cc154ea5667c3a1e31d43 - Path: Packages/com.unity.collab-proxy/Editor/Developer - Importer: ScriptedImporter/UnityEditor.QuickSearchModule:UnityEditor.Search:ASIAI0B' with importer (ScriptedImporter : UnityEditor.QuickSearchModule:UnityEditor.Search:ASIAI0B)
Imported 'GUID: f6079802724cc154ea5667c3a1e31d43' -> (Import Result ID: '57952314b39b1b6c13e3402c2e08ce52') in 0.006 seconds [static and dynamic dependencies]. Details - ImportResultOutputID=da95472807b3c23aedce2a1abe153e38 DependenciesID=03354efd32c24e537385aff737b1cce2 StaticDependenciesID=f1626c3967f895a1dd041149cc1b545c 
Number of updated asset objects reloaded before import = 0
Number of asset objects unloaded after import = 1
========================================================================
Received Import Request.
  Time of request: 2026-08-21T17:33:20.8935001Z
  Time since last request: 0.0007307 seconds.
  importAddress: GUID: a44aaf75826454371ac01e694753b469 - Path: Packages/com.unity.visualscripting/Runtime/VisualScripting.Flow/Framework/Time - Importer: ScriptedImporter/UnityEditor.QuickSearchModule:UnityEditor.Search:ASIAI0B
Importing 'GUID: a44aaf75826454371ac01e694753b469 - Path: Packages/com.unity.visualscripting/Runtime/VisualScripting.Flow/Framework/Time - Importer: ScriptedImporter/UnityEditor.QuickSearchModule:UnityEditor.Search:ASIAI0B' with importer (ScriptedImporter : UnityEditor.QuickSearchModule:UnityEditor.Search:ASIAI0B)
Imported 'GUID: a44aaf75826454371ac01e694753b469' -> (Import Result ID: 'd46c22cc69e82f74aa05a48051445110') in 0.007 seconds [static and dynamic dependencies]. Details - ImportResultOutputID=97f94bcdd926e3f55c00369a9bc5a525 DependenciesID=2baefbe95b58a1731d52279f2ef8eb91 StaticDependenciesID=002828108f5a95d33a1d469767616d52 
Number of updated asset objects reloaded before import = 0
Number of asset objects unloaded after import = 1
========================================================================
Received Import Request.
  Time of request: 2026-08-21T17:33:20.9153038Z
  Time since last request: 0.0008156 seconds.
  importAddress: GUID: c10838deaed74574a94a340e53c2b229 - Path: Packages/com.unity.shadergraph/Editor/Data/Nodes/Math/Derivative - Importer: ScriptedImporter/UnityEditor.QuickSearchModule:UnityEditor.Search:ASIAI0B
Importing 'GUID: c10838deaed74574a94a340e53c2b229 - Path: Packages/com.unity.shadergraph/Editor/Data/Nodes/Math/Derivative - Importer: ScriptedImporter/UnityEditor.QuickSearchModule:UnityEditor.Search:ASIAI0B' with importer (ScriptedImporter : UnityEditor.QuickSearchModule:UnityEditor.Search:ASIAI0B)
Imported 'GUID: c10838deaed74574a94a340e53c2b229' -> (Import Result ID: 'a7b0811fdbc10b7cd0dfc5b83236d6ce') in 0.007 seconds [static and dynamic dependencies]. Details - ImportResultOutputID=0d7e7cf91e02fc26948abfeca31ba6cd DependenciesID=0f2b65817a383fbe6e907afdf53b1430 StaticDependenciesID=b461294c2f29985e8fa19a1658bf9e88 
Number of updated asset objects reloaded before import = 0
Number of asset objects unloaded after import = 1
========================================================================
Received Import Request.
  Time of request: 2026-08-21T17:33:20.93817Z
  Time since last request: 0.0006293 seconds.
  importAddress: GUID: 24f978237d7204d78b8266e4b1fd1248 - Path: Packages/com.unity.shadergraph/Editor/Generation/Targets/BuiltIn - Importer: ScriptedImporter/UnityEditor.QuickSearchModule:UnityEditor.Search:ASIAI0B
Importing 'GUID: 24f978237d7204d78b8266e4b1fd1248 - Path: Packages/com.unity.shadergraph/Editor/Generation/Targets/BuiltIn - Importer: ScriptedImporter/UnityEditor.QuickSearchModule:UnityEditor.Search:ASIAI0B' with importer (ScriptedImporter : UnityEditor.QuickSearchModule:UnityEditor.Search:ASIAI0B)
Imported 'GUID: 24f978237d7204d78b8266e4b1fd1248' -> (Import Result ID: '5cedfd94a4118b1d3551f2ac6a85b892') in 0.007 seconds [static and dynamic dependencies]. Details - ImportResultOutputID=7bba1c012c09948f46f44ceddfa4b728 DependenciesID=6f5e90a91bb625dd5e84f900ca7de387 StaticDependenciesID=3cf5d931a6948661520539b192ab78b3 
Number of updated asset objects reloaded before import = 0
Number of asset objects unloaded after import = 1
========================================================================
Received Import Request.
  Time of request: 2026-08-21T17:33:20.9598552Z
  Time since last request: 0.0007326 seconds.
  importAddress: GUID: bbde6b5e0eaaff14c98c49626833992e - Path: Packages/com.unity.render-pipelines.universal/Textures/BlueNoise16 - Importer: ScriptedImporter/UnityEditor.QuickSearchModule:UnityEditor.Search:ASIAI0B
Importing 'GUID: bbde6b5e0eaaff14c98c49626833992e - Path: Packages/com.unity.render-pipelines.universal/Textures/BlueNoise16 - Importer: ScriptedImporter/UnityEditor.QuickSearchModule:UnityEditor.Search:ASIAI0B' with importer (ScriptedImporter : UnityEditor.QuickSearchModule:UnityEditor.Search:ASIAI0B)
Imported 'GUID: bbde6b5e0eaaff14c98c49626833992e' -> (Import Result ID: 'ebc20bdce1c6cb282097869f37077b03') in 0.008 seconds [static and dynamic dependencies]. Details - ImportResultOutputID=0ebb835897f76aeb426afc628ffe221e DependenciesID=eaf4d05c3b1f169ba952f0903777e035 StaticDependenciesID=5a184f74c692aec2bceff706c3e2969e 
Number of updated asset objects reloaded before import = 0
Number of asset objects unloaded after import = 1
========================================================================
Received Import Request.
  Time of request: 2026-08-21T17:33:20.983395Z
  Time since last request: 0.000623 seconds.
  importAddress: GUID: ea998292f45ea494d9e100f5f6362f91 - Path: Packages/com.unity.timeline/Runtime/Control - Importer: ScriptedImporter/UnityEditor.QuickSearchModule:UnityEditor.Search:ASIAI0B
Importing 'GUID: ea998292f45ea494d9e100f5f6362f91 - Path: Packages/com.unity.timeline/Runtime/Control - Importer: ScriptedImporter/UnityEditor.QuickSearchModule:UnityEditor.Search:ASIAI0B' with importer (ScriptedImporter : UnityEditor.QuickSearchModule:UnityEditor.Search:ASIAI0B)
Imported 'GUID: ea998292f45ea494d9e100f5f6362f91' -> (Import Result ID: '53107069d7fb07b4ddaf010f0a92ae04') in 0.007 seconds [static and dynamic dependencies]. Details - ImportResultOutputID=a6188bbf39cb1e8f80327b8e381cbade DependenciesID=fc70076eb14b5abf287ac15858509de3 StaticDependenciesID=037132557caa93034bf3a91d3edacb14 
Number of updated asset objects reloaded before import = 0
Number of asset objects unloaded after import = 1
========================================================================
Received Import Request.
  Time of request: 2026-08-21T17:33:21.0041634Z
  Time since last request: 0.0006963 seconds.
  importAddress: GUID: 151f255eb9e656e478b6bd3dd0ef91b5 - Path: Packages/com.unity.collab-proxy/Editor/_Deprecated/Settings - Importer: ScriptedImporter/UnityEditor.QuickSearchModule:UnityEditor.Search:ASIAI0B
Importing 'GUID: 151f255eb9e656e478b6bd3dd0ef91b5 - Path: Packages/com.unity.collab-proxy/Editor/_Deprecated/Settings - Importer: ScriptedImporter/UnityEditor.QuickSearchModule:UnityEditor.Search:ASIAI0B' with importer (ScriptedImporter : UnityEditor.QuickSearchModule:UnityEditor.Search:ASIAI0B)
Imported 'GUID: 151f255eb9e656e478b6bd3dd0ef91b5' -> (Import Result ID: '594f97e45781bdb0cb21f6eeb51c6c6e') in 0.008 seconds [static and dynamic dependencies]. Details - ImportResultOutputID=c134055246d49ee2d466b5c10da61913 DependenciesID=926a45596d89b4f055fdb626011fb5a7 StaticDependenciesID=c5d4d2b6994c18b2aae40b600ca8eebb 
Number of updated asset objects reloaded before import = 0
Number of asset objects unloaded after import = 1
========================================================================
Received Import Request.
  Time of request: 2026-08-21T17:33:21.0267252Z
  Time since last request: 0.0007387 seconds.
  importAddress: GUID: ff34c512c6de840e7a2081a1d55a4a2a - Path: Packages/com.unity.collab-proxy/Lib/Editor/TextMateSharp/Onigwrap/libonigwrap - Importer: ScriptedImporter/UnityEditor.QuickSearchModule:UnityEditor.Search:ASIAI0B
Importing 'GUID: ff34c512c6de840e7a2081a1d55a4a2a - Path: Packages/com.unity.collab-proxy/Lib/Editor/TextMateSharp/Onigwrap/libonigwrap - Importer: ScriptedImporter/UnityEditor.QuickSearchModule:UnityEditor.Search:ASIAI0B' with importer (ScriptedImporter : UnityEditor.QuickSearchModule:UnityEditor.Search:ASIAI0B)
Imported 'GUID: ff34c512c6de840e7a2081a1d55a4a2a' -> (Import Result ID: '1864de0fc78c101ac55e99f884d4ccc9') in 0.006 seconds [static and dynamic dependencies]. Details - ImportResultOutputID=385cb758a9759986be1a9c0067d050a3 DependenciesID=b8d776cc9bd9dbf683546079c49470d0 StaticDependenciesID=3d2769ff2db3cd41521fd875c6788c67 
Number of updated asset objects reloaded before import = 0
Number of asset objects unloaded after import = 1
========================================================================
Received Import Request.
  Time of request: 2026-08-21T17:33:21.0470779Z
  Time since last request: 0.0010431 seconds.
  importAddress: GUID: 80eb240eb8f49794ea98245f43a29de6 - Path: Packages/com.unity.render-pipelines.core/Editor/Properties - Importer: ScriptedImporter/UnityEditor.QuickSearchModule:UnityEditor.Search:ASIAI0B
Importing 'GUID: 80eb240eb8f49794ea98245f43a29de6 - Path: Packages/com.unity.render-pipelines.core/Editor/Properties - Importer: ScriptedImporter/UnityEditor.QuickSearchModule:UnityEditor.Search:ASIAI0B' with importer (ScriptedImporter : UnityEditor.QuickSearchModule:UnityEditor.Search:ASIAI0B)
Imported 'GUID: 80eb240eb8f49794ea98245f43a29de6' -> (Import Result ID: 'd1331532ba223dfaab34d6f637c4e2d0') in 0.006 seconds [static and dynamic dependencies]. Details - ImportResultOutputID=a74f4d2839385447ae84ae89585e413f DependenciesID=e2b49becbd41e1ea5174bded29be6cc9 StaticDependenciesID=0ccea97e1d236a2cd2baa8395e740a6b 
Number of updated asset objects reloaded before import = 0
Number of asset objects unloaded after import = 1
========================================================================
Received Import Request.
  Time of request: 2026-08-21T17:33:21.0692823Z
  Time since last request: 0.0010759 seconds.
  importAddress: GUID: ae1e56b12b01f3b4d9c9bb9d7154d97f - Path: Packages/com.unity.render-pipelines.universal/Editor/ShaderGraph - Importer: ScriptedImporter/UnityEditor.QuickSearchModule:UnityEditor.Search:ASIAI0B
Importing 'GUID: ae1e56b12b01f3b4d9c9bb9d7154d97f - Path: Packages/com.unity.render-pipelines.universal/Editor/ShaderGraph - Importer: ScriptedImporter/UnityEditor.QuickSearchModule:UnityEditor.Search:ASIAI0B' with importer (ScriptedImporter : UnityEditor.QuickSearchModule:UnityEditor.Search:ASIAI0B)
Imported 'GUID: ae1e56b12b01f3b4d9c9bb9d7154d97f' -> (Import Result ID: '4b96e4b4d4e85ed0f289f1a1fab127ab') in 0.006 seconds [static and dynamic dependencies]. Details - ImportResultOutputID=19489d60fb644b97476c237e65e2aeb3 DependenciesID=2e46d53cdf5b66b36c867ad35dc0317c StaticDependenciesID=3ba1c8e384a493199cf0692b1947913e 
Number of updated asset objects reloaded before import = 0
Number of asset objects unloaded after import = 1
========================================================================
Received Import Request.
  Time of request: 2026-08-21T17:33:21.090744Z
  Time since last request: 0.0007143 seconds.
  importAddress: GUID: 0c5b615422acd45049de003ce7134437 - Path: Packages/com.unity.inputsystem/InputSystem/Actions - Importer: ScriptedImporter/UnityEditor.QuickSearchModule:UnityEditor.Search:ASIAI0B
Importing 'GUID: 0c5b615422acd45049de003ce7134437 - Path: Packages/com.unity.inputsystem/InputSystem/Actions - Importer: ScriptedImporter/UnityEditor.QuickSearchModule:UnityEditor.Search:ASIAI0B' with importer (ScriptedImporter : UnityEditor.QuickSearchModule:UnityEditor.Search:ASIAI0B)
Imported 'GUID: 0c5b615422acd45049de003ce7134437' -> (Import Result ID: '3a20f974ae7a670c6b06fa4f2db120fe') in 0.005 seconds [static and dynamic dependencies]. Details - ImportResultOutputID=9bbd0fd4a927e8349c9305adc83c9944 DependenciesID=2b9256936b5c1429314108689744c645 StaticDependenciesID=859bd3e00ac91dd5154b6166b0d2704b 
Number of updated asset objects reloaded before import = 0
Number of asset objects unloaded after import = 1
========================================================================
Received Import Request.
  Time of request: 2026-08-21T17:33:21.1102784Z
  Time since last request: 0.0009146 seconds.
  importAddress: GUID: bcb26a80e56f33046a81574f96664cfe - Path: Packages/com.unity.ai.navigation/EditorResources - Importer: ScriptedImporter/UnityEditor.QuickSearchModule:UnityEditor.Search:ASIAI0B
Importing 'GUID: bcb26a80e56f33046a81574f96664cfe - Path: Packages/com.unity.ai.navigation/EditorResources - Importer: ScriptedImporter/UnityEditor.QuickSearchModule:UnityEditor.Search:ASIAI0B' with importer (ScriptedImporter : UnityEditor.QuickSearchModule:UnityEditor.Search:ASIAI0B)
Imported 'GUID: bcb26a80e56f33046a81574f96664cfe' -> (Import Result ID: 'd00a6b9a7008552c23db05869d8a1384') in 0.005 seconds [static and dynamic dependencies]. Details - ImportResultOutputID=e63262fefb2cd0dd0567fcd2c8f2456b DependenciesID=6c12807938fc54228c9da927b9515c64 StaticDependenciesID=ccb3a27ce53c488d531d66c49c757764 
Number of updated asset objects reloaded before import = 0
Number of asset objects unloaded after import = 1
========================================================================
Received Import Request.
  Time of request: 2026-08-21T17:33:21.1305281Z
  Time since last request: 0.0006484 seconds.
  importAddress: GUID: a2a46415c7cedaf418d42532b73efd24 - Path: Packages/com.unity.render-pipelines.universal/Editor/VFXGraph/Shaders/Templates/ParticleHexahedron - Importer: ScriptedImporter/UnityEditor.QuickSearchModule:UnityEditor.Search:ASIAI0B
Importing 'GUID: a2a46415c7cedaf418d42532b73efd24 - Path: Packages/com.unity.render-pipelines.universal/Editor/VFXGraph/Shaders/Templates/ParticleHexahedron - Importer: ScriptedImporter/UnityEditor.QuickSearchModule:UnityEditor.Search:ASIAI0B' with importer (ScriptedImporter : UnityEditor.QuickSearchModule:UnityEditor.Search:ASIAI0B)
Imported 'GUID: a2a46415c7cedaf418d42532b73efd24' -> (Import Result ID: 'f1bb3b6c7612532ef18c2c9cfb502a8c') in 0.006 seconds [static and dynamic dependencies]. Details - ImportResultOutputID=8de7cdaad39ec1f65e1e3b4e1594e507 DependenciesID=67ee13ca93950b42e8000ca6d841357c StaticDependenciesID=ff010cb40a51b209cbc89218e1cbc545 
Number of updated asset objects reloaded before import = 0
Number of asset objects unloaded after import = 1
========================================================================
Received Import Request.
  Time of request: 2026-08-21T17:33:21.1524835Z
  Time since last request: 0.0008771 seconds.
  importAddress: GUID: c4cb2788c64acd944bb9bd0605470741 - Path: Packages/com.unity.render-pipelines.core/Editor-PrivateShared/Tools/Converter/Window - Importer: ScriptedImporter/UnityEditor.QuickSearchModule:UnityEditor.Search:ASIAI0B
Importing 'GUID: c4cb2788c64acd944bb9bd0605470741 - Path: Packages/com.unity.render-pipelines.core/Editor-PrivateShared/Tools/Converter/Window - Importer: ScriptedImporter/UnityEditor.QuickSearchModule:UnityEditor.Search:ASIAI0B' with importer (ScriptedImporter : UnityEditor.QuickSearchModule:UnityEditor.Search:ASIAI0B)
Imported 'GUID: c4cb2788c64acd944bb9bd0605470741' -> (Import Result ID: '7b51c785dd42c026abb71e1d99b20981') in 0.005 seconds [static and dynamic dependencies]. Details - ImportResultOutputID=ce06a929704968e35f6f1966a8633dab DependenciesID=fe4684206670cb08c0dd5eead8ef88da StaticDependenciesID=def6b7a51480e776ce1db7e5cef73ec4 
Number of updated asset objects reloaded before import = 0
Number of asset objects unloaded after import = 1
========================================================================
Received Import Request.
  Time of request: 2026-08-21T17:33:21.172331Z
  Time since last request: 0.0004753 seconds.
  importAddress: GUID: 1db62f4f87b95214e98261b68289adba - Path: Packages/com.unity.render-pipelines.universal/Runtime/2D/Rendergraph - Importer: ScriptedImporter/UnityEditor.QuickSearchModule:UnityEditor.Search:ASIAI0B
Importing 'GUID: 1db62f4f87b95214e98261b68289adba - Path: Packages/com.unity.render-pipelines.universal/Runtime/2D/Rendergraph - Importer: ScriptedImporter/UnityEditor.QuickSearchModule:UnityEditor.Search:ASIAI0B' with importer (ScriptedImporter : UnityEditor.QuickSearchModule:UnityEditor.Search:ASIAI0B)
Imported 'GUID: 1db62f4f87b95214e98261b68289adba' -> (Import Result ID: '59dddaf273ce356b38af3feae7f7bcb2') in 0.008 seconds [static and dynamic dependencies]. Details - ImportResultOutputID=4a4c42a74a6a3937c7845f768190ac2b DependenciesID=f61f92b86d7d8216f320c5e97534a7ed StaticDependenciesID=d0d0b35416adb85dbd8ce55aa5859284 
Number of updated asset objects reloaded before import = 0
Number of asset objects unloaded after import = 1
========================================================================
Received Import Request.
  Time of request: 2026-08-21T17:33:21.198057Z
  Time since last request: 0.000592 seconds.
  importAddress: GUID: f56929b05da66c942ad2e3fe376346fa - Path: Packages/com.unity.shadergraph/Editor/Data - Importer: ScriptedImporter/UnityEditor.QuickSearchModule:UnityEditor.Search:ASIAI0B
Importing 'GUID: f56929b05da66c942ad2e3fe376346fa - Path: Packages/com.unity.shadergraph/Editor/Data - Importer: ScriptedImporter/UnityEditor.QuickSearchModule:UnityEditor.Search:ASIAI0B' with importer (ScriptedImporter : UnityEditor.QuickSearchModule:UnityEditor.Search:ASIAI0B)
Imported 'GUID: f56929b05da66c942ad2e3fe376346fa' -> (Import Result ID: '685b37e1b59d5369e88f9befa4e48b7d') in 0.007 seconds [static and dynamic dependencies]. Details - ImportResultOutputID=220ea1044c905706d60c6c417dba3f19 DependenciesID=8822a60748ffecdfc9b5feb8c5b41e43 StaticDependenciesID=050ee4ee467f698a99140adc94d44d2b 
Number of updated asset objects reloaded before import = 0
Number of asset objects unloaded after import = 1
========================================================================
Received Import Request.
  Time of request: 2026-08-21T17:33:21.2215715Z
  Time since last request: 0.0007158 seconds.
  importAddress: GUID: eab7f42d361b483aaa760c5909002312 - Path: Packages/com.unity.multiplayer.center/Editor/MultiplayerCenterWindow/UI/RecommendationView - Importer: ScriptedImporter/UnityEditor.QuickSearchModule:UnityEditor.Search:ASIAI0B
Importing 'GUID: eab7f42d361b483aaa760c5909002312 - Path: Packages/com.unity.multiplayer.center/Editor/MultiplayerCenterWindow/UI/RecommendationView - Importer: ScriptedImporter/UnityEditor.QuickSearchModule:UnityEditor.Search:ASIAI0B' with importer (ScriptedImporter : UnityEditor.QuickSearchModule:UnityEditor.Search:ASIAI0B)
Imported 'GUID: eab7f42d361b483aaa760c5909002312' -> (Import Result ID: 'c374b58dd67986137ed3fa0db734a8dc') in 0.006 seconds [static and dynamic dependencies]. Details - ImportResultOutputID=8b464a96419e07a77852d40f34d0f2d5 DependenciesID=93422c307d8dbca8da4f09964feedea9 StaticDependenciesID=dd36e8d2767059d8f55b71e402aef83a 
Number of updated asset objects reloaded before import = 0
Number of asset objects unloaded after import = 1
========================================================================
Received Import Request.
  Time of request: 2026-08-21T17:33:21.2453459Z
  Time since last request: 0.0007642 seconds.
  importAddress: GUID: ef4b66ea93dd243a783c32ab1da39fc4 - Path: Packages/com.unity.inputsystem/InputSystem/Runtime/Plugins/EnhancedTouch - Importer: ScriptedImporter/UnityEditor.QuickSearchModule:UnityEditor.Search:ASIAI0B
Importing 'GUID: ef4b66ea93dd243a783c32ab1da39fc4 - Path: Packages/com.unity.inputsystem/InputSystem/Runtime/Plugins/EnhancedTouch - Importer: ScriptedImporter/UnityEditor.QuickSearchModule:UnityEditor.Search:ASIAI0B' with importer (ScriptedImporter : UnityEditor.QuickSearchModule:UnityEditor.Search:ASIAI0B)
Imported 'GUID: ef4b66ea93dd243a783c32ab1da39fc4' -> (Import Result ID: 'a62c4e878622a97ca3b8004cf1062f29') in 0.008 seconds [static and dynamic dependencies]. Details - ImportResultOutputID=f85e262fd300b6e663f6588a84ca4b49 DependenciesID=2fb9b62bc95b339cb20ac05fd7e88625 StaticDependenciesID=245c3fb81d758accef1c3fd4f3052da1 
Number of updated asset objects reloaded before import = 0
Number of asset objects unloaded after import = 1
========================================================================
Received Import Request.
  Time of request: 2026-08-21T17:33:21.2767229Z
  Time since last request: 0.0005617 seconds.
  importAddress: GUID: a5260e1cbe5b7460198b99b38fd2739e - Path: Packages/com.unity.visualscripting/Runtime/VisualScripting.Core/Reflection/Optimization - Importer: ScriptedImporter/UnityEditor.QuickSearchModule:UnityEditor.Search:ASIAI0B
Importing 'GUID: a5260e1cbe5b7460198b99b38fd2739e - Path: Packages/com.unity.visualscripting/Runtime/VisualScripting.Core/Reflection/Optimization - Importer: ScriptedImporter/UnityEditor.QuickSearchModule:UnityEditor.Search:ASIAI0B' with importer (ScriptedImporter : UnityEditor.QuickSearchModule:UnityEditor.Search:ASIAI0B)
Imported 'GUID: a5260e1cbe5b7460198b99b38fd2739e' -> (Import Result ID: '75531707d1ad06d0d79067e3870f0e21') in 0.006 seconds [static and dynamic dependencies]. Details - ImportResultOutputID=e9058edb0e62c22139007281ad3cb10e DependenciesID=1531b5755e4abf392b09592bb3995349 StaticDependenciesID=c03362ff423b9fb560feb0ea40a72899 
Number of updated asset objects reloaded before import = 0
Number of asset objects unloaded after import = 1
========================================================================
Received Import Request.
  Time of request: 2026-08-21T17:33:21.2967054Z
  Time since last request: 0.0006874 seconds.
  importAddress: GUID: e37b431b8b93e4719910a045d05ba3cb - Path: Packages/com.unity.inputsystem/InputSystem/Editor/Plugins/InputForUI - Importer: ScriptedImporter/UnityEditor.QuickSearchModule:UnityEditor.Search:ASIAI0B
Importing 'GUID: e37b431b8b93e4719910a045d05ba3cb - Path: Packages/com.unity.inputsystem/InputSystem/Editor/Plugins/InputForUI - Importer: ScriptedImporter/UnityEditor.QuickSearchModule:UnityEditor.Search:ASIAI0B' with importer (ScriptedImporter : UnityEditor.QuickSearchModule:UnityEditor.Search:ASIAI0B)
Imported 'GUID: e37b431b8b93e4719910a045d05ba3cb' -> (Import Result ID: 'f1075272afc321d85ea7cbbd5389278c') in 0.006 seconds [static and dynamic dependencies]. Details - ImportResultOutputID=685644229828fb6ecd68837785ae6fab DependenciesID=823dc5b0ed925dd47c1a79c57b348751 StaticDependenciesID=31784dafe37bbb177523c889e0686bc4 
Number of updated asset objects reloaded before import = 0
Number of asset objects unloaded after import = 1
========================================================================
Received Import Request.
  Time of request: 2026-08-21T17:33:21.3274893Z
  Time since last request: 0.0103086 seconds.
  importAddress: GUID: 4545c8d908390cb4da76ded2ad888b12 - Path: Packages/com.unity.render-pipelines.core/Runtime/ShaderGenerator - Importer: ScriptedImporter/UnityEditor.QuickSearchModule:UnityEditor.Search:ASIAI0B
Importing 'GUID: 4545c8d908390cb4da76ded2ad888b12 - Path: Packages/com.unity.render-pipelines.core/Runtime/ShaderGenerator - Importer: ScriptedImporter/UnityEditor.QuickSearchModule:UnityEditor.Search:ASIAI0B' with importer (ScriptedImporter : UnityEditor.QuickSearchModule:UnityEditor.Search:ASIAI0B)
Imported 'GUID: 4545c8d908390cb4da76ded2ad888b12' -> (Import Result ID: 'da91305b6a379bad7284f7015d17ca12') in 0.005 seconds [static and dynamic dependencies]. Details - ImportResultOutputID=1c7a43f998c1d008d83ad835dfcbbefb DependenciesID=95517a2529467202a76ef5759a870b28 StaticDependenciesID=e2617b22be11bdee03c08e5b4e908492 
Number of updated asset objects reloaded before import = 0
Number of asset objects unloaded after import = 1
========================================================================
Received Import Request.
  Time of request: 2026-08-21T17:33:21.3447861Z
  Time since last request: 0.0010449 seconds.
  importAddress: GUID: 5c1340178d3942abb42c8b680d301bf1 - Path: Packages/com.unity.collab-proxy/Editor/Diff/Image/Views - Importer: ScriptedImporter/UnityEditor.QuickSearchModule:UnityEditor.Search:ASIAI0B
Importing 'GUID: 5c1340178d3942abb42c8b680d301bf1 - Path: Packages/com.unity.collab-proxy/Editor/Diff/Image/Views - Importer: ScriptedImporter/UnityEditor.QuickSearchModule:UnityEditor.Search:ASIAI0B' with importer (ScriptedImporter : UnityEditor.QuickSearchModule:UnityEditor.Search:ASIAI0B)
Imported 'GUID: 5c1340178d3942abb42c8b680d301bf1' -> (Import Result ID: 'e667b4835fe69ba84e4064a44912b786') in 0.005 seconds [static and dynamic dependencies]. Details - ImportResultOutputID=12737d312ef34478809a8dde3aad8683 DependenciesID=200a55e913a4e5def992f59247e33403 StaticDependenciesID=3f57f5ab5595b93b438cde23800096e2 
Number of updated asset objects reloaded before import = 0
Number of asset objects unloaded after import = 1
========================================================================
Received Import Request.
  Time of request: 2026-08-21T17:33:21.3635835Z
  Time since last request: 0.0007756 seconds.
  importAddress: GUID: 5f393962fcae179489132b01f969bb6e - Path: Packages/com.unity.shadergraph/Editor/Resources/Styles - Importer: ScriptedImporter/UnityEditor.QuickSearchModule:UnityEditor.Search:ASIAI0B
Importing 'GUID: 5f393962fcae179489132b01f969bb6e - Path: Packages/com.unity.shadergraph/Editor/Resources/Styles - Importer: ScriptedImporter/UnityEditor.QuickSearchModule:UnityEditor.Search:ASIAI0B' with importer (ScriptedImporter : UnityEditor.QuickSearchModule:UnityEditor.Search:ASIAI0B)
Imported 'GUID: 5f393962fcae179489132b01f969bb6e' -> (Import Result ID: '8a764040970840bf1eea9dcfbd53e79d') in 0.054 seconds [static and dynamic dependencies]. Details - ImportResultOutputID=8464ca5e1d88d037e6ca2c11315f0b6c DependenciesID=ec22f8c8cc9ae450c48a58c0b2333a22 StaticDependenciesID=f36a81149838717f1e8d6a6bfef784cf 
Number of updated asset objects reloaded before import = 0
Number of asset objects unloaded after import = 1
========================================================================
Received Import Request.
  Time of request: 2026-08-21T17:33:21.4318127Z
  Time since last request: 0.0009233 seconds.
  importAddress: GUID: 0829798e3b46e42438b2a90fe5fbe063 - Path: Packages/com.unity.render-pipelines.core/Tests/Editor/GPUDriven - Importer: ScriptedImporter/UnityEditor.QuickSearchModule:UnityEditor.Search:ASIAI0B
Importing 'GUID: 0829798e3b46e42438b2a90fe5fbe063 - Path: Packages/com.unity.render-pipelines.core/Tests/Editor/GPUDriven - Importer: ScriptedImporter/UnityEditor.QuickSearchModule:UnityEditor.Search:ASIAI0B' with importer (ScriptedImporter : UnityEditor.QuickSearchModule:UnityEditor.Search:ASIAI0B)
Imported 'GUID: 0829798e3b46e42438b2a90fe5fbe063' -> (Import Result ID: '3950f0c94a91d6c22a9f4e27208d84fa') in 0.012 seconds [static and dynamic dependencies]. Details - ImportResultOutputID=e9bda95f2a156c36014065c1f1b5e4a5 DependenciesID=1599c89b3cb198b66c90b0939d213ccb StaticDependenciesID=d6d736c77d6c9aaf5887eb188076d010 
Number of updated asset objects reloaded before import = 0
Number of asset objects unloaded after import = 1
========================================================================
Received Import Request.
  Time of request: 2026-08-21T17:33:21.4662498Z
  Time since last request: 0.0021951 seconds.
  importAddress: GUID: 5e22a8d6e557a1b3cae09054b0b5f9d8 - Path: Packages/com.unity.modules.physicscore2d - Importer: ScriptedImporter/UnityEditor.QuickSearchModule:UnityEditor.Search:ASIAI0B
Importing 'GUID: 5e22a8d6e557a1b3cae09054b0b5f9d8 - Path: Packages/com.unity.modules.physicscore2d - Importer: ScriptedImporter/UnityEditor.QuickSearchModule:UnityEditor.Search:ASIAI0B' with importer (ScriptedImporter : UnityEditor.QuickSearchModule:UnityEditor.Search:ASIAI0B)
Imported 'GUID: 5e22a8d6e557a1b3cae09054b0b5f9d8' -> (Import Result ID: '553ad72dc7d9f3ee66b16525c6386949') in 0.008 seconds [static and dynamic dependencies]. Details - ImportResultOutputID=ac8ec93bf77e783c7123fe41b32340e2 DependenciesID=e967ddcbdf04ce41bc82f60e95984e36 StaticDependenciesID=4389bdc60bd26f5039b18e667a7d7b46 
Number of updated asset objects reloaded before import = 0
Number of asset objects unloaded after import = 1
========================================================================
Received Import Request.
  Time of request: 2026-08-21T17:33:21.5053983Z
  Time since last request: 0.0022248 seconds.
  importAddress: GUID: d86f66a14510ebf4f84c0ffa4837791d - Path: Packages/com.unity.render-pipelines.universal/Runtime/RenderPipelineResources - Importer: ScriptedImporter/UnityEditor.QuickSearchModule:UnityEditor.Search:ASIAI0B
Importing 'GUID: d86f66a14510ebf4f84c0ffa4837791d - Path: Packages/com.unity.render-pipelines.universal/Runtime/RenderPipelineResources - Importer: ScriptedImporter/UnityEditor.QuickSearchModule:UnityEditor.Search:ASIAI0B' with importer (ScriptedImporter : UnityEditor.QuickSearchModule:UnityEditor.Search:ASIAI0B)
Imported 'GUID: d86f66a14510ebf4f84c0ffa4837791d' -> (Import Result ID: 'dc26ff7b57d3725b96bb35012d9cf705') in 0.006 seconds [static and dynamic dependencies]. Details - ImportResultOutputID=4fb351f447e7da38fe7890c1d8649efc DependenciesID=43bfc35d6995b166fc10a8e333ee706e StaticDependenciesID=478fb6ef298d0c3140850c3d371e9114 
Number of updated asset objects reloaded before import = 0
Number of asset objects unloaded after import = 1
========================================================================
Received Import Request.
  Time of request: 2026-08-21T17:33:21.5366996Z
  Time since last request: 0.0008613 seconds.
  importAddress: GUID: 726294051bc6c426e886d72ea4702f21 - Path: Packages/com.unity.inputsystem/InputSystem/Editor/PropertyDrawers - Importer: ScriptedImporter/UnityEditor.QuickSearchModule:UnityEditor.Search:ASIAI0B
Importing 'GUID: 726294051bc6c426e886d72ea4702f21 - Path: Packages/com.unity.inputsystem/InputSystem/Editor/PropertyDrawers - Importer: ScriptedImporter/UnityEditor.QuickSearchModule:UnityEditor.Search:ASIAI0B' with importer (ScriptedImporter : UnityEditor.QuickSearchModule:UnityEditor.Search:ASIAI0B)
Imported 'GUID: 726294051bc6c426e886d72ea4702f21' -> (Import Result ID: 'fd76e47595696c88b2c60bb21e47d8a6') in 0.007 seconds [static and dynamic dependencies]. Details - ImportResultOutputID=6dd82266ed1c141553310f351f286e6f DependenciesID=3430f5c82846afaf909266f5b4ff5d83 StaticDependenciesID=e7d4c9efd6bc4614915f0b4a5f517932 
Number of updated asset objects reloaded before import = 0
Number of asset objects unloaded after import = 1
========================================================================
Received Import Request.
  Time of request: 2026-08-21T17:33:21.5637238Z
  Time since last request: 0.0006073 seconds.
  importAddress: GUID: d9682e749d3efc642af54d789d9090a6 - Path: Packages/com.unity.test-framework/UnityEditor.TestRunner/TestRunner/Messages - Importer: ScriptedImporter/UnityEditor.QuickSearchModule:UnityEditor.Search:ASIAI0B
Importing 'GUID: d9682e749d3efc642af54d789d9090a6 - Path: Packages/com.unity.test-framework/UnityEditor.TestRunner/TestRunner/Messages - Importer: ScriptedImporter/UnityEditor.QuickSearchModule:UnityEditor.Search:ASIAI0B' with importer (ScriptedImporter : UnityEditor.QuickSearchModule:UnityEditor.Search:ASIAI0B)
Imported 'GUID: d9682e749d3efc642af54d789d9090a6' -> (Import Result ID: '7188551c101381aec4a5add038683c3e') in 0.008 seconds [static and dynamic dependencies]. Details - ImportResultOutputID=e3561d84d0c9398dbc6bea0ec8128422 DependenciesID=5975ab55249cde35b72b2a50f1c58000 StaticDependenciesID=ef49b6ae033994da572700a066451182 
Number of updated asset objects reloaded before import = 0
Number of asset objects unloaded after import = 1
========================================================================
Received Import Request.
  Time of request: 2026-08-21T17:33:21.5894221Z
  Time since last request: 0.0007038 seconds.
  importAddress: GUID: 270b22cf3fe09dc4ea4fe92d629d8bce - Path: Packages/com.unity.render-pipelines.core/Runtime/RenderPipelineResources/GPUDriven - Importer: ScriptedImporter/UnityEditor.QuickSearchModule:UnityEditor.Search:ASIAI0B
Importing 'GUID: 270b22cf3fe09dc4ea4fe92d629d8bce - Path: Packages/com.unity.render-pipelines.core/Runtime/RenderPipelineResources/GPUDriven - Importer: ScriptedImporter/UnityEditor.QuickSearchModule:UnityEditor.Search:ASIAI0B' with importer (ScriptedImporter : UnityEditor.QuickSearchModule:UnityEditor.Search:ASIAI0B)
Imported 'GUID: 270b22cf3fe09dc4ea4fe92d629d8bce' -> (Import Result ID: '982f57f414bdd4d6648e134e53ebe9e2') in 0.009 seconds [static and dynamic dependencies]. Details - ImportResultOutputID=424ace26fe5041f2ecea8bd4a82fe882 DependenciesID=f944f9de3b4784a35d152ca2e18488e6 StaticDependenciesID=15ed53fa6f6c2b241f735d9e64cadc3b 
Number of updated asset objects reloaded before import = 0
Number of asset objects unloaded after import = 1
========================================================================
Received Import Request.
  Time of request: 2026-08-21T17:33:21.6157615Z
  Time since last request: 0.0007821 seconds.
  importAddress: GUID: 5e02ca917a3c4d14db3ecac0711ef066 - Path: Packages/com.unity.collab-proxy/Editor/SceneView - Importer: ScriptedImporter/UnityEditor.QuickSearchModule:UnityEditor.Search:ASIAI0B
Importing 'GUID: 5e02ca917a3c4d14db3ecac0711ef066 - Path: Packages/com.unity.collab-proxy/Editor/SceneView - Importer: ScriptedImporter/UnityEditor.QuickSearchModule:UnityEditor.Search:ASIAI0B' with importer (ScriptedImporter : UnityEditor.QuickSearchModule:UnityEditor.Search:ASIAI0B)
Imported 'GUID: 5e02ca917a3c4d14db3ecac0711ef066' -> (Import Result ID: '15aec47bef0712d6d3ce139526bcdecd') in 0.009 seconds [static and dynamic dependencies]. Details - ImportResultOutputID=c92b6e262c4c0cb42f2b71b344f35ae1 DependenciesID=09cbff8297a9114dcff7bc81702982e6 StaticDependenciesID=0dcb8868460b2aa709995fa172d9b35c 
Number of updated asset objects reloaded before import = 0
Number of asset objects unloaded after import = 1
========================================================================
Received Import Request.
  Time of request: 2026-08-21T17:33:21.6438693Z
  Time since last request: 0.0009176 seconds.
  importAddress: GUID: 72ad64d64e3d29449bb230deb5349fb2 - Path: Packages/com.unity.render-pipelines.universal/Editor/Tools/Converters/AnimationClipConverter - Importer: ScriptedImporter/UnityEditor.QuickSearchModule:UnityEditor.Search:ASIAI0B
Importing 'GUID: 72ad64d64e3d29449bb230deb5349fb2 - Path: Packages/com.unity.render-pipelines.universal/Editor/Tools/Converters/AnimationClipConverter - Importer: ScriptedImporter/UnityEditor.QuickSearchModule:UnityEditor.Search:ASIAI0B' with importer (ScriptedImporter : UnityEditor.QuickSearchModule:UnityEditor.Search:ASIAI0B)
Imported 'GUID: 72ad64d64e3d29449bb230deb5349fb2' -> (Import Result ID: '969635db09daa585e11310af0eda4e6f') in 0.008 seconds [static and dynamic dependencies]. Details - ImportResultOutputID=4e235c6bc9760834d9e48aad8a6d4eb8 DependenciesID=66750f46cc95b657a7a8506cb7dd3dc4 StaticDependenciesID=8412254fe84cc4427b794011f4cd58ae 
Number of updated asset objects reloaded before import = 0
Number of asset objects unloaded after import = 1
========================================================================
Received Import Request.
  Time of request: 2026-08-21T17:33:21.6733188Z
  Time since last request: 0.0011818 seconds.
  importAddress: GUID: f7986e1ec3964280a81d0cdc0c04017b - Path: Packages/com.unity.visualscripting/Editor/VisualScripting.Core/Serialization - Importer: ScriptedImporter/UnityEditor.QuickSearchModule:UnityEditor.Search:ASIAI0B
Importing 'GUID: f7986e1ec3964280a81d0cdc0c04017b - Path: Packages/com.unity.visualscripting/Editor/VisualScripting.Core/Serialization - Importer: ScriptedImporter/UnityEditor.QuickSearchModule:UnityEditor.Search:ASIAI0B' with importer (ScriptedImporter : UnityEditor.QuickSearchModule:UnityEditor.Search:ASIAI0B)
Imported 'GUID: f7986e1ec3964280a81d0cdc0c04017b' -> (Import Result ID: 'fc2d4dacadc78bbd63cdb693a5cc0879') in 0.008 seconds [static and dynamic dependencies]. Details - ImportResultOutputID=b4c4a3d647f20ae8c1e164bdec0c2fd9 DependenciesID=028048eda4ff268611c34d0b8cf1dfad StaticDependenciesID=51ebc8b759488207b282127c0005fc2c 
Number of updated asset objects reloaded before import = 0
Number of asset objects unloaded after import = 1
========================================================================
Received Import Request.
  Time of request: 2026-08-21T17:33:21.7021332Z
  Time since last request: 0.0007765 seconds.
  importAddress: GUID: 0b923e169a5f4f878c5dba1c299ee4ab - Path: Packages/com.unity.collab-proxy/Editor/Diff/Image/Toolbar - Importer: ScriptedImporter/UnityEditor.QuickSearchModule:UnityEditor.Search:ASIAI0B
Importing 'GUID: 0b923e169a5f4f878c5dba1c299ee4ab - Path: Packages/com.unity.collab-proxy/Editor/Diff/Image/Toolbar - Importer: ScriptedImporter/UnityEditor.QuickSearchModule:UnityEditor.Search:ASIAI0B' with importer (ScriptedImporter : UnityEditor.QuickSearchModule:UnityEditor.Search:ASIAI0B)
Imported 'GUID: 0b923e169a5f4f878c5dba1c299ee4ab' -> (Import Result ID: '419c175cd3c742127b5f2ba3a5b32a76') in 0.008 seconds [static and dynamic dependencies]. Details - ImportResultOutputID=ad10cc47beaaa147adf9b2b13b911c11 DependenciesID=90999a9ad913745f064c2b662b2bbe9d StaticDependenciesID=71f23193b70c9ec49544543fe2b14103 
Number of updated asset objects reloaded before import = 0
Number of asset objects unloaded after import = 1
========================================================================
Received Import Request.
  Time of request: 2026-08-21T17:33:21.7258799Z
  Time since last request: 0.0010151 seconds.
  importAddress: GUID: 8ad9b938ad733e94ca95fe5a5c19a5b8 - Path: Packages/com.unity.timeline/Editor/StyleSheets/Images/LightSkin - Importer: ScriptedImporter/UnityEditor.QuickSearchModule:UnityEditor.Search:ASIAI0B
Importing 'GUID: 8ad9b938ad733e94ca95fe5a5c19a5b8 - Path: Packages/com.unity.timeline/Editor/StyleSheets/Images/LightSkin - Importer: ScriptedImporter/UnityEditor.QuickSearchModule:UnityEditor.Search:ASIAI0B' with importer (ScriptedImporter : UnityEditor.QuickSearchModule:UnityEditor.Search:ASIAI0B)
Imported 'GUID: 8ad9b938ad733e94ca95fe5a5c19a5b8' -> (Import Result ID: '61fdec04aaebc3f6cda0068851a53374') in 0.007 seconds [static and dynamic dependencies]. Details - ImportResultOutputID=4324e8285f1a910c43f50398ba3a3315 DependenciesID=4f6b07491e6eff9467253774459fe128 StaticDependenciesID=4540eb4e5a3dc4b6f36a5100a292ba1d 
Number of updated asset objects reloaded before import = 0
Number of asset objects unloaded after import = 1
========================================================================
Received Import Request.
  Time of request: 2026-08-21T17:33:21.7498725Z
  Time since last request: 0.0008245 seconds.
  importAddress: GUID: ad2bd79f2c9e81640b75c0a7edbe7970 - Path: Packages/com.unity.render-pipelines.universal/Editor/Overrides - Importer: ScriptedImporter/UnityEditor.QuickSearchModule:UnityEditor.Search:ASIAI0B
Importing 'GUID: ad2bd79f2c9e81640b75c0a7edbe7970 - Path: Packages/com.unity.render-pipelines.universal/Editor/Overrides - Importer: ScriptedImporter/UnityEditor.QuickSearchModule:UnityEditor.Search:ASIAI0B' with importer (ScriptedImporter : UnityEditor.QuickSearchModule:UnityEditor.Search:ASIAI0B)
Imported 'GUID: ad2bd79f2c9e81640b75c0a7edbe7970' -> (Import Result ID: '398c68a4cf2e97c8901c06d9fc81967a') in 0.008 seconds [static and dynamic dependencies]. Details - ImportResultOutputID=ba6e3cc98f488bbc99baf5996a71d4e9 DependenciesID=0c81a3010181c21c69989425eb37f0f2 StaticDependenciesID=72215776c1be28fd22f1678fafed3694 
Number of updated asset objects reloaded before import = 0
Number of asset objects unloaded after import = 1
========================================================================
Received Import Request.
  Time of request: 2026-08-21T17:33:21.775279Z
  Time since last request: 0.0013578 seconds.
  importAddress: GUID: 37b5532626676e045a3b172c915e5d79 - Path: Packages/com.unity.collab-proxy/Editor/Views/Diff - Importer: ScriptedImporter/UnityEditor.QuickSearchModule:UnityEditor.Search:ASIAI0B
Importing 'GUID: 37b5532626676e045a3b172c915e5d79 - Path: Packages/com.unity.collab-proxy/Editor/Views/Diff - Importer: ScriptedImporter/UnityEditor.QuickSearchModule:UnityEditor.Search:ASIAI0B' with importer (ScriptedImporter : UnityEditor.QuickSearchModule:UnityEditor.Search:ASIAI0B)
Imported 'GUID: 37b5532626676e045a3b172c915e5d79' -> (Import Result ID: 'b0b19f207910d8fc7d6fe26c92a350b4') in 0.007 seconds [static and dynamic dependencies]. Details - ImportResultOutputID=4238c18f8b8e05c23e7144027cb95a8b DependenciesID=6b550c819381cea894894c50d63591bf StaticDependenciesID=1584f2632b3b25a99f881afdb631afd6 
Number of updated asset objects reloaded before import = 0
Number of asset objects unloaded after import = 1
========================================================================
Received Import Request.
  Time of request: 2026-08-21T17:33:21.8002235Z
  Time since last request: 0.0007934 seconds.
  importAddress: GUID: d55400f78d024c05b04dc124bb181d9e - Path: Packages/com.unity.timeline/Editor/Utilities/Scopes - Importer: ScriptedImporter/UnityEditor.QuickSearchModule:UnityEditor.Search:ASIAI0B
Importing 'GUID: d55400f78d024c05b04dc124bb181d9e - Path: Packages/com.unity.timeline/Editor/Utilities/Scopes - Importer: ScriptedImporter/UnityEditor.QuickSearchModule:UnityEditor.Search:ASIAI0B' with importer (ScriptedImporter : UnityEditor.QuickSearchModule:UnityEditor.Search:ASIAI0B)
Imported 'GUID: d55400f78d024c05b04dc124bb181d9e' -> (Import Result ID: 'f90861f9977ac6f507cc0b89ba5d8f56') in 0.006 seconds [static and dynamic dependencies]. Details - ImportResultOutputID=12f7f1fbd96255cdb6e6efba7cbe69ab DependenciesID=0119676ea7ba279045d830ae7bc75469 StaticDependenciesID=e1e647d2a32b76145502d0f82e658935 
Number of updated asset objects reloaded before import = 0
Number of asset objects unloaded after import = 1
========================================================================
Received Import Request.
  Time of request: 2026-08-21T17:33:21.8271171Z
  Time since last request: 0.0008063 seconds.
  importAddress: GUID: c4f17ac3ed79aaa4b8a042c89882ede7 - Path: Packages/com.unity.render-pipelines.core/Editor/PathTracing/Debugging - Importer: ScriptedImporter/UnityEditor.QuickSearchModule:UnityEditor.Search:ASIAI0B
Importing 'GUID: c4f17ac3ed79aaa4b8a042c89882ede7 - Path: Packages/com.unity.render-pipelines.core/Editor/PathTracing/Debugging - Importer: ScriptedImporter/UnityEditor.QuickSearchModule:UnityEditor.Search:ASIAI0B' with importer (ScriptedImporter : UnityEditor.QuickSearchModule:UnityEditor.Search:ASIAI0B)
Imported 'GUID: c4f17ac3ed79aaa4b8a042c89882ede7' -> (Import Result ID: 'e245990ba5071de365d0efc2b809680a') in 0.007 seconds [static and dynamic dependencies]. Details - ImportResultOutputID=20c01488bed437428bbe2f5882bae347 DependenciesID=391058675e2933cd9577f2464bb97b9e StaticDependenciesID=9e6869346e5b4bf91aba6348dec512fd 
Number of updated asset objects reloaded before import = 0
Number of asset objects unloaded after import = 1
========================================================================
Received Import Request.
  Time of request: 2026-08-21T17:33:21.8537643Z
  Time since last request: 0.0006273 seconds.
  importAddress: GUID: e5779cc2c32bb4c90b671ed2e6629e3d - Path: Packages/com.unity.shadergraph/Editor/Generation/Descriptors - Importer: ScriptedImporter/UnityEditor.QuickSearchModule:UnityEditor.Search:ASIAI0B
Importing 'GUID: e5779cc2c32bb4c90b671ed2e6629e3d - Path: Packages/com.unity.shadergraph/Editor/Generation/Descriptors - Importer: ScriptedImporter/UnityEditor.QuickSearchModule:UnityEditor.Search:ASIAI0B' with importer (ScriptedImporter : UnityEditor.QuickSearchModule:UnityEditor.Search:ASIAI0B)
Imported 'GUID: e5779cc2c32bb4c90b671ed2e6629e3d' -> (Import Result ID: 'bfaafce25c2267eceb9f17d8db350141') in 0.008 seconds [static and dynamic dependencies]. Details - ImportResultOutputID=de8b63e0e015015997f56b67eb84140c DependenciesID=96678fb15409f0ccc1fda6a71ca52f85 StaticDependenciesID=257d9c8477d1d4d1a8d02eb94a985046 
Number of updated asset objects reloaded before import = 0
Number of asset objects unloaded after import = 1
========================================================================
Received Import Request.
  Time of request: 2026-08-21T17:33:21.8807129Z
  Time since last request: 0.0005654 seconds.
  importAddress: GUID: c05916309d7d3430b8c066a12ebfc698 - Path: Packages/com.unity.visualscripting/Editor/VisualScripting.Core/Plugin - Importer: ScriptedImporter/UnityEditor.QuickSearchModule:UnityEditor.Search:ASIAI0B
Importing 'GUID: c05916309d7d3430b8c066a12ebfc698 - Path: Packages/com.unity.visualscripting/Editor/VisualScripting.Core/Plugin - Importer: ScriptedImporter/UnityEditor.QuickSearchModule:UnityEditor.Search:ASIAI0B' with importer (ScriptedImporter : UnityEditor.QuickSearchModule:UnityEditor.Search:ASIAI0B)
Imported 'GUID: c05916309d7d3430b8c066a12ebfc698' -> (Import Result ID: '250186b71c442d3955a0c702c1b0cd06') in 0.006 seconds [static and dynamic dependencies]. Details - ImportResultOutputID=2f368536d12a157dfea422d73f8a7086 DependenciesID=77bf60614aab0f000e8281b6d1e282e2 StaticDependenciesID=fd2201b092a5976f2bee22f386a8e230 
Number of updated asset objects reloaded before import = 0
Number of asset objects unloaded after import = 1
========================================================================
Received Import Request.
  Time of request: 2026-08-21T17:33:21.9081009Z
  Time since last request: 0.0006771 seconds.
  importAddress: GUID: a8356fd10cc2a4a52bb860a13dd47a52 - Path: Packages/com.unity.visualscripting/Runtime/VisualScripting.State/Properties - Importer: ScriptedImporter/UnityEditor.QuickSearchModule:UnityEditor.Search:ASIAI0B
Importing 'GUID: a8356fd10cc2a4a52bb860a13dd47a52 - Path: Packages/com.unity.visualscripting/Runtime/VisualScripting.State/Properties - Importer: ScriptedImporter/UnityEditor.QuickSearchModule:UnityEditor.Search:ASIAI0B' with importer (ScriptedImporter : UnityEditor.QuickSearchModule:UnityEditor.Search:ASIAI0B)
Imported 'GUID: a8356fd10cc2a4a52bb860a13dd47a52' -> (Import Result ID: '98770af0d2c2195b4f8a59fee067f4fe') in 0.008 seconds [static and dynamic dependencies]. Details - ImportResultOutputID=ef462a41d5cf296fd9bedcfe67ca787f DependenciesID=039e2473cbadd55a331a25b6e36dde2c StaticDependenciesID=771a32e579c7c6d412749b78f00a94c1 
Number of updated asset objects reloaded before import = 0
Number of asset objects unloaded after import = 1
========================================================================
Received Import Request.
  Time of request: 2026-08-21T17:33:21.9333213Z
  Time since last request: 0.0006013 seconds.
  importAddress: GUID: 0fd4e399f8f08ad7d825c8afb134f255 - Path: Packages/com.unity.ide.visualstudio - Importer: ScriptedImporter/UnityEditor.QuickSearchModule:UnityEditor.Search:ASIAI0B
Importing 'GUID: 0fd4e399f8f08ad7d825c8afb134f255 - Path: Packages/com.unity.ide.visualstudio - Importer: ScriptedImporter/UnityEditor.QuickSearchModule:UnityEditor.Search:ASIAI0B' with importer (ScriptedImporter : UnityEditor.QuickSearchModule:UnityEditor.Search:ASIAI0B)
Imported 'GUID: 0fd4e399f8f08ad7d825c8afb134f255' -> (Import Result ID: 'ee060cc05fd0466749259c8f844d9120') in 0.007 seconds [static and dynamic dependencies]. Details - ImportResultOutputID=abed821e312bd760700d2f5f184ff9ee DependenciesID=0925153f5d1ed2f66736af0140251f72 StaticDependenciesID=3870ee1686f369cf63eb1b26f8d8fc1c 
Number of updated asset objects reloaded before import = 0
Number of asset objects unloaded after import = 1
========================================================================
Received Import Request.
  Time of request: 2026-08-21T17:33:21.9598335Z
  Time since last request: 0.00077 seconds.
  importAddress: GUID: 4da29d4d0744f43f8aaa921918f1f879 - Path: Packages/com.unity.shadergraph/Editor/Data/Nodes/Math/Round - Importer: ScriptedImporter/UnityEditor.QuickSearchModule:UnityEditor.Search:ASIAI0B
Importing 'GUID: 4da29d4d0744f43f8aaa921918f1f879 - Path: Packages/com.unity.shadergraph/Editor/Data/Nodes/Math/Round - Importer: ScriptedImporter/UnityEditor.QuickSearchModule:UnityEditor.Search:ASIAI0B' with importer (ScriptedImporter : UnityEditor.QuickSearchModule:UnityEditor.Search:ASIAI0B)
Imported 'GUID: 4da29d4d0744f43f8aaa921918f1f879' -> (Import Result ID: 'ca32d50adabcc1c2b342df90fc9698d8') in 0.008 seconds [static and dynamic dependencies]. Details - ImportResultOutputID=7e12e26bfb5c92ee2b6be75ec8b41075 DependenciesID=92829d0ee6709ec2700e2c15478a823d StaticDependenciesID=8239767c2bc508949a8f1b5d13cc28b9 
Number of updated asset objects reloaded before import = 0
Number of asset objects unloaded after import = 1
========================================================================
Received Import Request.
  Time of request: 2026-08-21T17:33:21.9843983Z
  Time since last request: 0.0005932 seconds.
  importAddress: GUID: 6c3178830acf943f8bf39e5a651057f2 - Path: Packages/com.unity.shadergraph/Editor/Data/Nodes/Input/Gradient - Importer: ScriptedImporter/UnityEditor.QuickSearchModule:UnityEditor.Search:ASIAI0B
Importing 'GUID: 6c3178830acf943f8bf39e5a651057f2 - Path: Packages/com.unity.shadergraph/Editor/Data/Nodes/Input/Gradient - Importer: ScriptedImporter/UnityEditor.QuickSearchModule:UnityEditor.Search:ASIAI0B' with importer (ScriptedImporter : UnityEditor.QuickSearchModule:UnityEditor.Search:ASIAI0B)
Imported 'GUID: 6c3178830acf943f8bf39e5a651057f2' -> (Import Result ID: '2b339842a9e4822c3a2384b172a86569') in 0.008 seconds [static and dynamic dependencies]. Details - ImportResultOutputID=79f3c3255646d6102bd43b3550a0bcd9 DependenciesID=a15a4136011dc40ef3c2fdae338ebb46 StaticDependenciesID=29dfa12d608f9f6a6c645c8d8baac8ae 
Number of updated asset objects reloaded before import = 0
Number of asset objects unloaded after import = 1
========================================================================
Received Import Request.
  Time of request: 2026-08-21T17:33:22.0064938Z
  Time since last request: 0.0011006 seconds.
  importAddress: GUID: 1b049d4faa1758345969290b189e9c0b - Path: Packages/com.unity.render-pipelines.core/Runtime/PathTracing/Lightmapping - Importer: ScriptedImporter/UnityEditor.QuickSearchModule:UnityEditor.Search:ASIAI0B
Importing 'GUID: 1b049d4faa1758345969290b189e9c0b - Path: Packages/com.unity.render-pipelines.core/Runtime/PathTracing/Lightmapping - Importer: ScriptedImporter/UnityEditor.QuickSearchModule:UnityEditor.Search:ASIAI0B' with importer (ScriptedImporter : UnityEditor.QuickSearchModule:UnityEditor.Search:ASIAI0B)
Imported 'GUID: 1b049d4faa1758345969290b189e9c0b' -> (Import Result ID: '73ef2acbab13d2d50c8054fbb6970b87') in 0.008 seconds [static and dynamic dependencies]. Details - ImportResultOutputID=3474b27d7ff0b030bd16e2e9281048d2 DependenciesID=4c6f1c72a09bf1d8fe821cca4524b4a5 StaticDependenciesID=9f48f161b1ade4979a022f8b0b7f73b6 
Number of updated asset objects reloaded before import = 0
Number of asset objects unloaded after import = 1
========================================================================
Received Import Request.
  Time of request: 2026-08-21T17:33:22.0314018Z
  Time since last request: 0.0010558 seconds.
  importAddress: GUID: 692476ac695e7b74a8d9eabd48862009 - Path: Packages/com.unity.test-framework/UnityEditor.TestRunner/TestRun/Tasks/Scene - Importer: ScriptedImporter/UnityEditor.QuickSearchModule:UnityEditor.Search:ASIAI0B
Importing 'GUID: 692476ac695e7b74a8d9eabd48862009 - Path: Packages/com.unity.test-framework/UnityEditor.TestRunner/TestRun/Tasks/Scene - Importer: ScriptedImporter/UnityEditor.QuickSearchModule:UnityEditor.Search:ASIAI0B' with importer (ScriptedImporter : UnityEditor.QuickSearchModule:UnityEditor.Search:ASIAI0B)
Imported 'GUID: 692476ac695e7b74a8d9eabd48862009' -> (Import Result ID: 'a15edbd4522e3455d6e35ef7c0e8a624') in 0.010 seconds [static and dynamic dependencies]. Details - ImportResultOutputID=0e95c860bbd6416cb7b8837fbbcc9936 DependenciesID=ee65d46267baed7bda15ce252a2c6a3b StaticDependenciesID=bf1d90e9e405760d7638acf31807743e 
Number of updated asset objects reloaded before import = 0
Number of asset objects unloaded after import = 1
========================================================================
Received Import Request.
  Time of request: 2026-08-21T17:33:22.0624128Z
  Time since last request: 0.0022032 seconds.
  importAddress: GUID: bcb3dcdfe51084a038a04105cfbc70aa - Path: Packages/com.unity.inputsystem/InputSystem/Runtime/Plugins - Importer: ScriptedImporter/UnityEditor.QuickSearchModule:UnityEditor.Search:ASIAI0B
Importing 'GUID: bcb3dcdfe51084a038a04105cfbc70aa - Path: Packages/com.unity.inputsystem/InputSystem/Runtime/Plugins - Importer: ScriptedImporter/UnityEditor.QuickSearchModule:UnityEditor.Search:ASIAI0B' with importer (ScriptedImporter : UnityEditor.QuickSearchModule:UnityEditor.Search:ASIAI0B)
Imported 'GUID: bcb3dcdfe51084a038a04105cfbc70aa' -> (Import Result ID: '402a2a120f839be252275ee2bd2414aa') in 0.007 seconds [static and dynamic dependencies]. Details - ImportResultOutputID=5b9acd1d385bddbab64027dd519846fa DependenciesID=9e187265ccb318699b6ce3ad2932d9d3 StaticDependenciesID=a8ef450d586a24b5a8ab079629dad6cc 
Number of updated asset objects reloaded before import = 0
Number of asset objects unloaded after import = 1
========================================================================
Received Import Request.
  Time of request: 2026-08-21T17:33:22.084063Z
  Time since last request: 0.0006494 seconds.
  importAddress: GUID: b16c0985df25c08458c254464b931122 - Path: Packages/com.unity.render-pipelines.universal-config/Tests - Importer: ScriptedImporter/UnityEditor.QuickSearchModule:UnityEditor.Search:ASIAI0B
Importing 'GUID: b16c0985df25c08458c254464b931122 - Path: Packages/com.unity.render-pipelines.universal-config/Tests - Importer: ScriptedImporter/UnityEditor.QuickSearchModule:UnityEditor.Search:ASIAI0B' with importer (ScriptedImporter : UnityEditor.QuickSearchModule:UnityEditor.Search:ASIAI0B)
Imported 'GUID: b16c0985df25c08458c254464b931122' -> (Import Result ID: '902073388f53ff1cf6f7a1d0c073a51d') in 0.008 seconds [static and dynamic dependencies]. Details - ImportResultOutputID=6ea63f2510dbb270476e47e9685b24a9 DependenciesID=56f90937515495b267261c9df3e121eb StaticDependenciesID=a648da6c445d1fb71c49a6b06e29fb25 
Number of updated asset objects reloaded before import = 0
Number of asset objects unloaded after import = 1
========================================================================
Received Import Request.
  Time of request: 2026-08-21T17:33:22.1085276Z
  Time since last request: 0.0007489 seconds.
  importAddress: GUID: f57abe45f65794ead8ea70a427e17eb7 - Path: Packages/com.unity.shadergraph/Editor/Extensions - Importer: ScriptedImporter/UnityEditor.QuickSearchModule:UnityEditor.Search:ASIAI0B
Importing 'GUID: f57abe45f65794ead8ea70a427e17eb7 - Path: Packages/com.unity.shadergraph/Editor/Extensions - Importer: ScriptedImporter/UnityEditor.QuickSearchModule:UnityEditor.Search:ASIAI0B' with importer (ScriptedImporter : UnityEditor.QuickSearchModule:UnityEditor.Search:ASIAI0B)
Imported 'GUID: f57abe45f65794ead8ea70a427e17eb7' -> (Import Result ID: 'c2e1f3dd72cd5d2c63530722e3e57aea') in 0.008 seconds [static and dynamic dependencies]. Details - ImportResultOutputID=2545edabb023c42038e9350a440a5e69 DependenciesID=a70af6571281f96de76f5e2e67adfe26 StaticDependenciesID=2046bae86c91d9b56fb9906e55bd03ba 
Number of updated asset objects reloaded before import = 0
Number of asset objects unloaded after import = 1
========================================================================
Received Import Request.
  Time of request: 2026-08-21T17:33:22.1349935Z
  Time since last request: 0.000679 seconds.
  importAddress: GUID: 248877dd7078443d6b51abf21ee7d52a - Path: Packages/com.unity.render-pipelines.universal/Shaders - Importer: ScriptedImporter/UnityEditor.QuickSearchModule:UnityEditor.Search:ASIAI0B
Importing 'GUID: 248877dd7078443d6b51abf21ee7d52a - Path: Packages/com.unity.render-pipelines.universal/Shaders - Importer: ScriptedImporter/UnityEditor.QuickSearchModule:UnityEditor.Search:ASIAI0B' with importer (ScriptedImporter : UnityEditor.QuickSearchModule:UnityEditor.Search:ASIAI0B)
Imported 'GUID: 248877dd7078443d6b51abf21ee7d52a' -> (Import Result ID: 'ad87ded0815c4676dd19b97e85da4266') in 0.007 seconds [static and dynamic dependencies]. Details - ImportResultOutputID=aca1dc5aa7116bbdfd41427e7930ee6c DependenciesID=3d4ebc1415e3dfcd6e44bfc99421e827 StaticDependenciesID=b7b264558ee292f084197d4910f33f78 
Number of updated asset objects reloaded before import = 0
Number of asset objects unloaded after import = 1
========================================================================
Received Import Request.
  Time of request: 2026-08-21T17:33:22.1627657Z
  Time since last request: 0.0008361 seconds.
  importAddress: GUID: 256a0ca37fa972840bce7fca446e75e7 - Path: Packages/com.unity.test-framework/UnityEngine.TestRunner/TestRunner/Messages - Importer: ScriptedImporter/UnityEditor.QuickSearchModule:UnityEditor.Search:ASIAI0B
Importing 'GUID: 256a0ca37fa972840bce7fca446e75e7 - Path: Packages/com.unity.test-framework/UnityEngine.TestRunner/TestRunner/Messages - Importer: ScriptedImporter/UnityEditor.QuickSearchModule:UnityEditor.Search:ASIAI0B' with importer (ScriptedImporter : UnityEditor.QuickSearchModule:UnityEditor.Search:ASIAI0B)
Imported 'GUID: 256a0ca37fa972840bce7fca446e75e7' -> (Import Result ID: 'aa504e3445bfe2e0f647b53f7d30a77d') in 0.007 seconds [static and dynamic dependencies]. Details - ImportResultOutputID=a05f683e45f6358caa102ffd552dfe35 DependenciesID=dfcd7a38e7c4f7339aad6bb16fc0d132 StaticDependenciesID=973105875fd44550ceee5be9bc91ac60 
Number of updated asset objects reloaded before import = 0
Number of asset objects unloaded after import = 1
========================================================================
Received Import Request.
  Time of request: 2026-08-21T17:33:22.2139243Z
  Time since last request: 0.0245005 seconds.
  importAddress: GUID: 942737965ad5c034997de550e1c26ff1 - Path: Packages/com.unity.render-pipelines.core/Editor/Lighting/LightUnit - Importer: ScriptedImporter/UnityEditor.QuickSearchModule:UnityEditor.Search:ASIAI0B
Importing 'GUID: 942737965ad5c034997de550e1c26ff1 - Path: Packages/com.unity.render-pipelines.core/Editor/Lighting/LightUnit - Importer: ScriptedImporter/UnityEditor.QuickSearchModule:UnityEditor.Search:ASIAI0B' with importer (ScriptedImporter : UnityEditor.QuickSearchModule:UnityEditor.Search:ASIAI0B)
Imported 'GUID: 942737965ad5c034997de550e1c26ff1' -> (Import Result ID: '426971d74a20a2acab42b673ae08c7f8') in 0.007 seconds [static and dynamic dependencies]. Details - ImportResultOutputID=8ebb87435cd390b711e3ab134f0e08e6 DependenciesID=642b59a0138142ca84a42d272de732d8 StaticDependenciesID=46cef7a59a46cba9665efa708c448af4 
Number of updated asset objects reloaded before import = 0
Number of asset objects unloaded after import = 1
========================================================================
Received Import Request.
  Time of request: 2026-08-21T17:33:22.2358858Z
  Time since last request: 0.0008105 seconds.
  importAddress: GUID: bd3ffb9a97575a44a82f9ca086813154 - Path: Packages/com.unity.timeline/Editor/Manipulators/Move - Importer: ScriptedImporter/UnityEditor.QuickSearchModule:UnityEditor.Search:ASIAI0B
Importing 'GUID: bd3ffb9a97575a44a82f9ca086813154 - Path: Packages/com.unity.timeline/Editor/Manipulators/Move - Importer: ScriptedImporter/UnityEditor.QuickSearchModule:UnityEditor.Search:ASIAI0B' with importer (ScriptedImporter : UnityEditor.QuickSearchModule:UnityEditor.Search:ASIAI0B)
Imported 'GUID: bd3ffb9a97575a44a82f9ca086813154' -> (Import Result ID: '801ad81771e835f36449d58f5f37d51b') in 0.010 seconds [static and dynamic dependencies]. Details - ImportResultOutputID=33daf8e3de4421d23dc8bc719797cb18 DependenciesID=1cf788ef9779ee813d6ac78de407ab3d StaticDependenciesID=00ab1d57eb367e89549309a5cb409d09 
Number of updated asset objects reloaded before import = 0
Number of asset objects unloaded after import = 1
========================================================================
Received Import Request.
  Time of request: 2026-08-21T17:33:22.2641223Z
  Time since last request: 0.0007777 seconds.
  importAddress: GUID: e9a46d0940097b5c2c483622a7effc59 - Path: Packages/com.unity.multiplayer.center - Importer: ScriptedImporter/UnityEditor.QuickSearchModule:UnityEditor.Search:ASIAI0B
Importing 'GUID: e9a46d0940097b5c2c483622a7effc59 - Path: Packages/com.unity.multiplayer.center - Importer: ScriptedImporter/UnityEditor.QuickSearchModule:UnityEditor.Search:ASIAI0B' with importer (ScriptedImporter : UnityEditor.QuickSearchModule:UnityEditor.Search:ASIAI0B)
Imported 'GUID: e9a46d0940097b5c2c483622a7effc59' -> (Import Result ID: '98407725c3790c7aca4f766b3931925b') in 0.012 seconds [static and dynamic dependencies]. Details - ImportResultOutputID=77282f44179d5c2b34a63006b35b3718 DependenciesID=0d62a1ec1ff1e12679d4a87fb8630a31 StaticDependenciesID=fafb869ada71872e66af7d72a2dcfe6e 
Number of updated asset objects reloaded before import = 0
Number of asset objects unloaded after import = 1
========================================================================
Received Import Request.
  Time of request: 2026-08-21T17:33:22.2936317Z
  Time since last request: 0.0010264 seconds.
  importAddress: GUID: 278936628273864438e48ff64aa20e32 - Path: Packages/com.unity.shadergraph/Editor/Data/Nodes/Input/Matrix - Importer: ScriptedImporter/UnityEditor.QuickSearchModule:UnityEditor.Search:ASIAI0B
Importing 'GUID: 278936628273864438e48ff64aa20e32 - Path: Packages/com.unity.shadergraph/Editor/Data/Nodes/Input/Matrix - Importer: ScriptedImporter/UnityEditor.QuickSearchModule:UnityEditor.Search:ASIAI0B' with importer (ScriptedImporter : UnityEditor.QuickSearchModule:UnityEditor.Search:ASIAI0B)
Imported 'GUID: 278936628273864438e48ff64aa20e32' -> (Import Result ID: 'aba9342c951f5c761fe0fe026e7a505f') in 0.010 seconds [static and dynamic dependencies]. Details - ImportResultOutputID=361a773d9dd91a42c8cfc69ab514edf0 DependenciesID=97885a6b8d50ba13775b455a6aef8377 StaticDependenciesID=5c98c280296e3acecbcfbaa46416e212 
Number of updated asset objects reloaded before import = 0
Number of asset objects unloaded after import = 1
========================================================================
Received Import Request.
  Time of request: 2026-08-21T17:33:22.3202627Z
  Time since last request: 0.0007644 seconds.
  importAddress: GUID: f85e7557d4bb9874882ec3fa3044a53e - Path: Packages/com.unity.shadergraph/Editor/Data/Nodes/Artistic/Blend - Importer: ScriptedImporter/UnityEditor.QuickSearchModule:UnityEditor.Search:ASIAI0B
Importing 'GUID: f85e7557d4bb9874882ec3fa3044a53e - Path: Packages/com.unity.shadergraph/Editor/Data/Nodes/Artistic/Blend - Importer: ScriptedImporter/UnityEditor.QuickSearchModule:UnityEditor.Search:ASIAI0B' with importer (ScriptedImporter : UnityEditor.QuickSearchModule:UnityEditor.Search:ASIAI0B)
Imported 'GUID: f85e7557d4bb9874882ec3fa3044a53e' -> (Import Result ID: '1d05d134cf31fa0e24b04109ad9ab11b') in 0.009 seconds [static and dynamic dependencies]. Details - ImportResultOutputID=66a5490b3837916172437a06c4c7ea84 DependenciesID=5e9f6c59e8acea57fa7264ac4aabc42a StaticDependenciesID=aa28d0b654fa5a91ab73ee5172f567c9 
Number of updated asset objects reloaded before import = 0
Number of asset objects unloaded after import = 1
========================================================================
Received Import Request.
  Time of request: 2026-08-21T17:33:22.3469206Z
  Time since last request: 0.0006943 seconds.
  importAddress: GUID: c4df1124e2787ee0c8d1a911de17ee73 - Path: Packages/com.unity.modules.cloth - Importer: ScriptedImporter/UnityEditor.QuickSearchModule:UnityEditor.Search:ASIAI0B
Importing 'GUID: c4df1124e2787ee0c8d1a911de17ee73 - Path: Packages/com.unity.modules.cloth - Importer: ScriptedImporter/UnityEditor.QuickSearchModule:UnityEditor.Search:ASIAI0B' with importer (ScriptedImporter : UnityEditor.QuickSearchModule:UnityEditor.Search:ASIAI0B)
Imported 'GUID: c4df1124e2787ee0c8d1a911de17ee73' -> (Import Result ID: '5f338da996993f8596064f2555557af1') in 0.008 seconds [static and dynamic dependencies]. Details - ImportResultOutputID=6b891c0bc6aa3bc18162f4e9e3f6888b DependenciesID=168542e1d2ade0253cbc83e6e6d11102 StaticDependenciesID=3cedca4cb886e2384f099f7988cffb55 
Number of updated asset objects reloaded before import = 0
Number of asset objects unloaded after import = 1
========================================================================
Received Import Request.
  Time of request: 2026-08-21T17:33:22.3731629Z
  Time since last request: 0.0012543 seconds.
  importAddress: GUID: a90603761ea3d8449a60aebebd202228 - Path: Packages/com.unity.timeline/Editor/StyleSheets/Images/Icons - Importer: ScriptedImporter/UnityEditor.QuickSearchModule:UnityEditor.Search:ASIAI0B
Importing 'GUID: a90603761ea3d8449a60aebebd202228 - Path: Packages/com.unity.timeline/Editor/StyleSheets/Images/Icons - Importer: ScriptedImporter/UnityEditor.QuickSearchModule:UnityEditor.Search:ASIAI0B' with importer (ScriptedImporter : UnityEditor.QuickSearchModule:UnityEditor.Search:ASIAI0B)
Imported 'GUID: a90603761ea3d8449a60aebebd202228' -> (Import Result ID: 'ebfb64489f6a49597871b4df58e93fca') in 0.009 seconds [static and dynamic dependencies]. Details - ImportResultOutputID=7aa87a84d7e965c1151359bc7e82d7d2 DependenciesID=da9409a0cf97c849a4284872528334c1 StaticDependenciesID=f15213551dd44491de75bdd84759673f 
Number of updated asset objects reloaded before import = 0
Number of asset objects unloaded after import = 1
========================================================================
Received Import Request.
  Time of request: 2026-08-21T17:33:22.3991827Z
  Time since last request: 0.0014535 seconds.
  importAddress: GUID: 61c823205c2384c13b4d38c05194c1df - Path: Packages/com.unity.visualscripting/Runtime/VisualScripting.Flow/Framework/Codebase - Importer: ScriptedImporter/UnityEditor.QuickSearchModule:UnityEditor.Search:ASIAI0B
Importing 'GUID: 61c823205c2384c13b4d38c05194c1df - Path: Packages/com.unity.visualscripting/Runtime/VisualScripting.Flow/Framework/Codebase - Importer: ScriptedImporter/UnityEditor.QuickSearchModule:UnityEditor.Search:ASIAI0B' with importer (ScriptedImporter : UnityEditor.QuickSearchModule:UnityEditor.Search:ASIAI0B)
Imported 'GUID: 61c823205c2384c13b4d38c05194c1df' -> (Import Result ID: '03bce79d954147aed1457ca7b540a118') in 0.011 seconds [static and dynamic dependencies]. Details - ImportResultOutputID=4ea54c06687aa9cbd73911accf4d3c26 DependenciesID=1d6b0055149083dc8628931d1b0f43e3 StaticDependenciesID=c9fc0ccfe2ed5dcfc4d2451c54e6e330 
Number of updated asset objects reloaded before import = 0
Number of asset objects unloaded after import = 1
========================================================================
Received Import Request.
  Time of request: 2026-08-21T17:33:22.4290412Z
  Time since last request: 0.0009517 seconds.
  importAddress: GUID: 3f074934a38b41c4ea34460933733201 - Path: Packages/com.unity.shadergraph/Editor/Data/Nodes/Procedural/Noise - Importer: ScriptedImporter/UnityEditor.QuickSearchModule:UnityEditor.Search:ASIAI0B
Importing 'GUID: 3f074934a38b41c4ea34460933733201 - Path: Packages/com.unity.shadergraph/Editor/Data/Nodes/Procedural/Noise - Importer: ScriptedImporter/UnityEditor.QuickSearchModule:UnityEditor.Search:ASIAI0B' with importer (ScriptedImporter : UnityEditor.QuickSearchModule:UnityEditor.Search:ASIAI0B)
Imported 'GUID: 3f074934a38b41c4ea34460933733201' -> (Import Result ID: '607c25365893253657120af5e127280e') in 0.008 seconds [static and dynamic dependencies]. Details - ImportResultOutputID=a83f75c081d71687d00cb4dcbd0c5dea DependenciesID=b352a5b80e2c7dd272f9afcd5eb4527c StaticDependenciesID=7a6abdb1b5a10afb04795d6c5004a2b3 
Number of updated asset objects reloaded before import = 0
Number of asset objects unloaded after import = 1
========================================================================
Received Import Request.
  Time of request: 2026-08-21T17:33:22.4524088Z
  Time since last request: 0.0008748 seconds.
  importAddress: GUID: f38e841c0fbf340d2a3cc021bf487c71 - Path: Packages/com.unity.visualscripting/Runtime/VisualScripting.Flow/Framework/Math/Scalar - Importer: ScriptedImporter/UnityEditor.QuickSearchModule:UnityEditor.Search:ASIAI0B
Importing 'GUID: f38e841c0fbf340d2a3cc021bf487c71 - Path: Packages/com.unity.visualscripting/Runtime/VisualScripting.Flow/Framework/Math/Scalar - Importer: ScriptedImporter/UnityEditor.QuickSearchModule:UnityEditor.Search:ASIAI0B' with importer (ScriptedImporter : UnityEditor.QuickSearchModule:UnityEditor.Search:ASIAI0B)
Imported 'GUID: f38e841c0fbf340d2a3cc021bf487c71' -> (Import Result ID: '54f8e87b9fee1feebe658e109a9f04b5') in 0.009 seconds [static and dynamic dependencies]. Details - ImportResultOutputID=12db13393d97c6e1041a9a402a8c829a DependenciesID=f91445b6138572e9495ae5f7ee0ea610 StaticDependenciesID=16e1143002c21ee06b559ef96c8b13a8 
Number of updated asset objects reloaded before import = 0
Number of asset objects unloaded after import = 1
========================================================================
Received Import Request.
  Time of request: 2026-08-21T17:33:22.4776977Z
  Time since last request: 0.0010637 seconds.
  importAddress: GUID: 28e8b16370ff78c4faca58757271619f - Path: Packages/com.unity.timeline/Editor/Window - Importer: ScriptedImporter/UnityEditor.QuickSearchModule:UnityEditor.Search:ASIAI0B
Importing 'GUID: 28e8b16370ff78c4faca58757271619f - Path: Packages/com.unity.timeline/Editor/Window - Importer: ScriptedImporter/UnityEditor.QuickSearchModule:UnityEditor.Search:ASIAI0B' with importer (ScriptedImporter : UnityEditor.QuickSearchModule:UnityEditor.Search:ASIAI0B)
Imported 'GUID: 28e8b16370ff78c4faca58757271619f' -> (Import Result ID: 'c7cd3f015eb23402501d48b86558c957') in 0.009 seconds [static and dynamic dependencies]. Details - ImportResultOutputID=af9da81817cd366fa65efb83329fc296 DependenciesID=d2ac036d7ebd749fe8dcfb52ff6f10c7 StaticDependenciesID=601e45a1cb72dd8ad75be75e86e7306c 
Number of updated asset objects reloaded before import = 0
Number of asset objects unloaded after import = 1
========================================================================
Received Import Request.
  Time of request: 2026-08-21T17:33:22.5037164Z
  Time since last request: 0.000731 seconds.
  importAddress: GUID: cdf0d8abf71784dacb0470320cd8936f - Path: Packages/com.unity.inputsystem/InputSystem/Runtime/Plugins/iOS - Importer: ScriptedImporter/UnityEditor.QuickSearchModule:UnityEditor.Search:ASIAI0B
Importing 'GUID: cdf0d8abf71784dacb0470320cd8936f - Path: Packages/com.unity.inputsystem/InputSystem/Runtime/Plugins/iOS - Importer: ScriptedImporter/UnityEditor.QuickSearchModule:UnityEditor.Search:ASIAI0B' with importer (ScriptedImporter : UnityEditor.QuickSearchModule:UnityEditor.Search:ASIAI0B)
Imported 'GUID: cdf0d8abf71784dacb0470320cd8936f' -> (Import Result ID: '84d9f9fa250fad071bc45e338f0f4670') in 0.009 seconds [static and dynamic dependencies]. Details - ImportResultOutputID=f9ec359bfb3e88eda37e59bd284342b5 DependenciesID=f4ca584638131d37db06b1e67ebec723 StaticDependenciesID=8d82924385fd8048874533236cb2c72a 
Number of updated asset objects reloaded before import = 0
Number of asset objects unloaded after import = 1
========================================================================
Received Import Request.
  Time of request: 2026-08-21T17:33:22.5311832Z
  Time since last request: 0.0007026 seconds.
  importAddress: GUID: e528aa751bf6fe44398a1f70eaac287c - Path: Packages/com.unity.render-pipelines.core/Editor/Resources - Importer: ScriptedImporter/UnityEditor.QuickSearchModule:UnityEditor.Search:ASIAI0B
Importing 'GUID: e528aa751bf6fe44398a1f70eaac287c - Path: Packages/com.unity.render-pipelines.core/Editor/Resources - Importer: ScriptedImporter/UnityEditor.QuickSearchModule:UnityEditor.Search:ASIAI0B' with importer (ScriptedImporter : UnityEditor.QuickSearchModule:UnityEditor.Search:ASIAI0B)
Imported 'GUID: e528aa751bf6fe44398a1f70eaac287c' -> (Import Result ID: 'b58d5d71c77c5be2f1d6ccbe62d0ea08') in 0.015 seconds [static and dynamic dependencies]. Details - ImportResultOutputID=43eb08d276c5c44ac2fc92c5e5cc94ab DependenciesID=44f0b89fa501090f8641717b5cdf8a51 StaticDependenciesID=3e2897af8184a492b5da2357ba7bbc1b 
Number of updated asset objects reloaded before import = 0
Number of asset objects unloaded after import = 1
========================================================================
Received Import Request.
  Time of request: 2026-08-21T17:33:22.5642455Z
  Time since last request: 0.0007513 seconds.
  importAddress: GUID: 2d6ba5cbe47e6ad3c87474c56174d4e0 - Path: Packages/com.unity.modules.audio - Importer: ScriptedImporter/UnityEditor.QuickSearchModule:UnityEditor.Search:ASIAI0B
Importing 'GUID: 2d6ba5cbe47e6ad3c87474c56174d4e0 - Path: Packages/com.unity.modules.audio - Importer: ScriptedImporter/UnityEditor.QuickSearchModule:UnityEditor.Search:ASIAI0B' with importer (ScriptedImporter : UnityEditor.QuickSearchModule:UnityEditor.Search:ASIAI0B)
Imported 'GUID: 2d6ba5cbe47e6ad3c87474c56174d4e0' -> (Import Result ID: 'b969c31aa5471a4495e746d22dcb6591') in 0.009 seconds [static and dynamic dependencies]. Details - ImportResultOutputID=bd864bb1773412cc186d0c73f4bfc675 DependenciesID=403d1452960887db5550f337e2ad12d8 StaticDependenciesID=357d39cd483dee821ce460a0575ccf57 
Number of updated asset objects reloaded before import = 0
Number of asset objects unloaded after import = 1
========================================================================
Received Import Request.
  Time of request: 2026-08-21T17:33:22.5914557Z
  Time since last request: 0.0009302 seconds.
  importAddress: GUID: e15b3293b975b864e883e5f572bd4ec8 - Path: Packages/com.unity.collab-proxy/Editor/Views/Shelves - Importer: ScriptedImporter/UnityEditor.QuickSearchModule:UnityEditor.Search:ASIAI0B
Importing 'GUID: e15b3293b975b864e883e5f572bd4ec8 - Path: Packages/com.unity.collab-proxy/Editor/Views/Shelves - Importer: ScriptedImporter/UnityEditor.QuickSearchModule:UnityEditor.Search:ASIAI0B' with importer (ScriptedImporter : UnityEditor.QuickSearchModule:UnityEditor.Search:ASIAI0B)
Imported 'GUID: e15b3293b975b864e883e5f572bd4ec8' -> (Import Result ID: '8e63286a58b96eed5c06445e40a32cf3') in 0.012 seconds [static and dynamic dependencies]. Details - ImportResultOutputID=bbd12b9d504e4aa08ba43dc514f7dc3f DependenciesID=8060820af14bff8ea2803b8eab9af254 StaticDependenciesID=339fc352a94cbd5c17372b23e80cf21a 
Number of updated asset objects reloaded before import = 0
Number of asset objects unloaded after import = 1
========================================================================
Received Import Request.
  Time of request: 2026-08-21T17:33:22.6282155Z
  Time since last request: 0.0011433 seconds.
  importAddress: GUID: d1e9e4c1f536d9246ac795d9abc62342 - Path: Packages/com.unity.collections/Unity.Collections.Editor - Importer: ScriptedImporter/UnityEditor.QuickSearchModule:UnityEditor.Search:ASIAI0B
Importing 'GUID: d1e9e4c1f536d9246ac795d9abc62342 - Path: Packages/com.unity.collections/Unity.Collections.Editor - Importer: ScriptedImporter/UnityEditor.QuickSearchModule:UnityEditor.Search:ASIAI0B' with importer (ScriptedImporter : UnityEditor.QuickSearchModule:UnityEditor.Search:ASIAI0B)
Imported 'GUID: d1e9e4c1f536d9246ac795d9abc62342' -> (Import Result ID: '2104605c2b910eb1c7b6e75f63dc9415') in 0.011 seconds [static and dynamic dependencies]. Details - ImportResultOutputID=5f6edc110e21820e4271f1ad4b0753c2 DependenciesID=263ad0cb5507b34559a9116c43e4e797 StaticDependenciesID=0b55f0c75351425fed5b435cd166f11c 
Number of updated asset objects reloaded before import = 0
Number of asset objects unloaded after import = 1
========================================================================
Received Import Request.
  Time of request: 2026-08-21T17:33:22.6565657Z
  Time since last request: 0.0012853 seconds.
  importAddress: GUID: 4fc790507a1f64097a10ada53cbe495e - Path: Packages/com.unity.collab-proxy/Editor/CodeEditor - Importer: ScriptedImporter/UnityEditor.QuickSearchModule:UnityEditor.Search:ASIAI0B
Importing 'GUID: 4fc790507a1f64097a10ada53cbe495e - Path: Packages/com.unity.collab-proxy/Editor/CodeEditor - Importer: ScriptedImporter/UnityEditor.QuickSearchModule:UnityEditor.Search:ASIAI0B' with importer (ScriptedImporter : UnityEditor.QuickSearchModule:UnityEditor.Search:ASIAI0B)
Imported 'GUID: 4fc790507a1f64097a10ada53cbe495e' -> (Import Result ID: '139f019feff0256b63fa566f52d8dbd7') in 0.007 seconds [static and dynamic dependencies]. Details - ImportResultOutputID=504caa0ef0d1704d5893276067fe2171 DependenciesID=a6dbbf58ede3d2255895cf3c4410c660 StaticDependenciesID=b64743ceb8b81bbb07d6f943a373523f 
Number of updated asset objects reloaded before import = 0
Number of asset objects unloaded after import = 1
========================================================================
Received Import Request.
  Time of request: 2026-08-21T17:33:22.6839144Z
  Time since last request: 0.0006453 seconds.
  importAddress: GUID: b3fb8b56aca55544ca9b8d53bc19e031 - Path: Packages/com.unity.render-pipelines.universal/Editor/2D - Importer: ScriptedImporter/UnityEditor.QuickSearchModule:UnityEditor.Search:ASIAI0B
Importing 'GUID: b3fb8b56aca55544ca9b8d53bc19e031 - Path: Packages/com.unity.render-pipelines.universal/Editor/2D - Importer: ScriptedImporter/UnityEditor.QuickSearchModule:UnityEditor.Search:ASIAI0B' with importer (ScriptedImporter : UnityEditor.QuickSearchModule:UnityEditor.Search:ASIAI0B)
Imported 'GUID: b3fb8b56aca55544ca9b8d53bc19e031' -> (Import Result ID: '85fca86cd2fee4de1c50ca36b58ec675') in 0.007 seconds [static and dynamic dependencies]. Details - ImportResultOutputID=72d73dbc3f55473285531b9662407400 DependenciesID=4504fff6754a2f81476de832a6c77baf StaticDependenciesID=73b5344a7af1e1610232cdb911a249e1 
Number of updated asset objects reloaded before import = 0
Number of asset objects unloaded after import = 1
========================================================================
Received Import Request.
  Time of request: 2026-08-21T17:33:22.7090572Z
  Time since last request: 0.0005659 seconds.
  importAddress: GUID: 6235450d5ad64142aeb12e4f3cac5f72 - Path: Packages/com.unity.render-pipelines.universal/Editor/2D/ShaderGraph/Targets - Importer: ScriptedImporter/UnityEditor.QuickSearchModule:UnityEditor.Search:ASIAI0B
Importing 'GUID: 6235450d5ad64142aeb12e4f3cac5f72 - Path: Packages/com.unity.render-pipelines.universal/Editor/2D/ShaderGraph/Targets - Importer: ScriptedImporter/UnityEditor.QuickSearchModule:UnityEditor.Search:ASIAI0B' with importer (ScriptedImporter : UnityEditor.QuickSearchModule:UnityEditor.Search:ASIAI0B)
Imported 'GUID: 6235450d5ad64142aeb12e4f3cac5f72' -> (Import Result ID: '2fc6acd5943ba38d2a5a9c9e6e6cfc85') in 0.012 seconds [static and dynamic dependencies]. Details - ImportResultOutputID=212275838bc0aae3b3df85db36c66dbb DependenciesID=0340467f2ddb7d758202a04599588e59 StaticDependenciesID=84b1c60bc76786235297afdff553990f 
Number of updated asset objects reloaded before import = 0
Number of asset objects unloaded after import = 1
========================================================================
Received Import Request.
  Time of request: 2026-08-21T17:33:22.7367046Z
  Time since last request: 0.0006971 seconds.
  importAddress: GUID: 4d0b60652dca71b49a137663137e38ea - Path: Packages/com.unity.shadergraph/Editor/AssetCallbacks - Importer: ScriptedImporter/UnityEditor.QuickSearchModule:UnityEditor.Search:ASIAI0B
Importing 'GUID: 4d0b60652dca71b49a137663137e38ea - Path: Packages/com.unity.shadergraph/Editor/AssetCallbacks - Importer: ScriptedImporter/UnityEditor.QuickSearchModule:UnityEditor.Search:ASIAI0B' with importer (ScriptedImporter : UnityEditor.QuickSearchModule:UnityEditor.Search:ASIAI0B)
Imported 'GUID: 4d0b60652dca71b49a137663137e38ea' -> (Import Result ID: '6d6b9a03bbe800b353d338d8a12236eb') in 0.007 seconds [static and dynamic dependencies]. Details - ImportResultOutputID=6556b346bc85719471fa32d3106029fb DependenciesID=b347a86de7d3abb1ad1851b9854e2aa3 StaticDependenciesID=07a1ae3eb64074cfb34cd768db5842fe 
Number of updated asset objects reloaded before import = 0
Number of asset objects unloaded after import = 1
========================================================================
Received Import Request.
  Time of request: 2026-08-21T17:33:22.7610971Z
  Time since last request: 0.0006174 seconds.
  importAddress: GUID: 0600146fb26ea4138a2f66b89faa9e86 - Path: Packages/com.unity.nuget.mono-cecil/Tests - Importer: ScriptedImporter/UnityEditor.QuickSearchModule:UnityEditor.Search:ASIAI0B
Importing 'GUID: 0600146fb26ea4138a2f66b89faa9e86 - Path: Packages/com.unity.nuget.mono-cecil/Tests - Importer: ScriptedImporter/UnityEditor.QuickSearchModule:UnityEditor.Search:ASIAI0B' with importer (ScriptedImporter : UnityEditor.QuickSearchModule:UnityEditor.Search:ASIAI0B)
Imported 'GUID: 0600146fb26ea4138a2f66b89faa9e86' -> (Import Result ID: 'ce20acb03342209d81aa422ba8c39424') in 0.010 seconds [static and dynamic dependencies]. Details - ImportResultOutputID=323299f3119d63e28ed7c40245c73c8e DependenciesID=1f74d7e25f7e4827aceb4dbaa721471a StaticDependenciesID=ca30f0cfe069bd2538aa710bd5014595 
Number of updated asset objects reloaded before import = 0
Number of asset objects unloaded after import = 1
========================================================================
Received Import Request.
  Time of request: 2026-08-21T17:33:22.7889054Z
  Time since last request: 0.0008145 seconds.
  importAddress: GUID: 219feb550e92ac54ebc24e3fd8d5240a - Path: Packages/com.unity.shadergraph/Editor/Generation/Targets - Importer: ScriptedImporter/UnityEditor.QuickSearchModule:UnityEditor.Search:ASIAI0B
Importing 'GUID: 219feb550e92ac54ebc24e3fd8d5240a - Path: Packages/com.unity.shadergraph/Editor/Generation/Targets - Importer: ScriptedImporter/UnityEditor.QuickSearchModule:UnityEditor.Search:ASIAI0B' with importer (ScriptedImporter : UnityEditor.QuickSearchModule:UnityEditor.Search:ASIAI0B)
Imported 'GUID: 219feb550e92ac54ebc24e3fd8d5240a' -> (Import Result ID: 'b180f0f66ce7c3f0ebac7cd8fb359d4d') in 0.010 seconds [static and dynamic dependencies]. Details - ImportResultOutputID=e53191ad7b14230bb50e58c4e8b50016 DependenciesID=1b583b72a16e200b98735cd111b47437 StaticDependenciesID=3d0085a67434a6c51b7d00bf865558f1 
Number of updated asset objects reloaded before import = 0
Number of asset objects unloaded after import = 1
========================================================================
Received Import Request.
  Time of request: 2026-08-21T17:33:22.8250982Z
  Time since last request: 0.0010329 seconds.
  importAddress: GUID: f7cd1e478bcba4d0f9570597921367a0 - Path: Packages/com.unity.shadergraph/Editor/Interface - Importer: ScriptedImporter/UnityEditor.QuickSearchModule:UnityEditor.Search:ASIAI0B
Importing 'GUID: f7cd1e478bcba4d0f9570597921367a0 - Path: Packages/com.unity.shadergraph/Editor/Interface - Importer: ScriptedImporter/UnityEditor.QuickSearchModule:UnityEditor.Search:ASIAI0B' with importer (ScriptedImporter : UnityEditor.QuickSearchModule:UnityEditor.Search:ASIAI0B)
Imported 'GUID: f7cd1e478bcba4d0f9570597921367a0' -> (Import Result ID: '7b36b3e793e1426f9f5647574f9a7890') in 0.012 seconds [static and dynamic dependencies]. Details - ImportResultOutputID=3c55c846592058d941d375366fa89d86 DependenciesID=9610623e6f06335958a90d5887e00abf StaticDependenciesID=af6470521f85044cc23f667b9811ac7f 
Number of updated asset objects reloaded before import = 0
Number of asset objects unloaded after import = 1
========================================================================
Received Import Request.
  Time of request: 2026-08-21T17:33:22.8576033Z
  Time since last request: 0.0006874 seconds.
  importAddress: GUID: fc44513cb116d68479a07038666952cc - Path: Packages/com.unity.render-pipelines.universal/Editor/Terrain - Importer: ScriptedImporter/UnityEditor.QuickSearchModule:UnityEditor.Search:ASIAI0B
Importing 'GUID: fc44513cb116d68479a07038666952cc - Path: Packages/com.unity.render-pipelines.universal/Editor/Terrain - Importer: ScriptedImporter/UnityEditor.QuickSearchModule:UnityEditor.Search:ASIAI0B' with importer (ScriptedImporter : UnityEditor.QuickSearchModule:UnityEditor.Search:ASIAI0B)
Imported 'GUID: fc44513cb116d68479a07038666952cc' -> (Import Result ID: '90c3fda662d3b896d2fc4e51fd4993cf') in 0.013 seconds [static and dynamic dependencies]. Details - ImportResultOutputID=3b3b7884bee533c1ce962d39a389a1b7 DependenciesID=489a0807cab5ac8cd7329124b88b3144 StaticDependenciesID=a2f30fdc104cd96b6fa2a263a28bcea9 
Number of updated asset objects reloaded before import = 0
Number of asset objects unloaded after import = 1
========================================================================
Received Import Request.
  Time of request: 2026-08-21T17:33:22.9111437Z
  Time since last request: 0.0192288 seconds.
  importAddress: GUID: eabc9546105bf4accac1fd62a63e88e6 - Path: Assets/TutorialInfo/Layout.wlt - Importer: ScriptedImporter/UnityEditor.QuickSearchModule:UnityEditor.Search:ASIAI0B
Importing 'GUID: eabc9546105bf4accac1fd62a63e88e6 - Path: Assets/TutorialInfo/Layout.wlt - Importer: ScriptedImporter/UnityEditor.QuickSearchModule:UnityEditor.Search:ASIAI0B' with importer (ScriptedImporter : UnityEditor.QuickSearchModule:UnityEditor.Search:ASIAI0B)
Imported 'GUID: eabc9546105bf4accac1fd62a63e88e6' -> (Import Result ID: 'c61a2cfa664585d86040adf93c63284a') in 0.007 seconds [static and dynamic dependencies]. Details - ImportResultOutputID=808e959173419fc7a0f0a625631e3baf DependenciesID=c113fbb08f8e9d3f9a16b0aaa6dd5501 StaticDependenciesID=141b0a4c4c2926060c9e3005530f97e7 
Number of updated asset objects reloaded before import = 0
Number of asset objects unloaded after import = 1
========================================================================
Received Import Request.
  Time of request: 2026-08-21T17:33:22.9356915Z
  Time since last request: 0.0010985 seconds.
  importAddress: GUID: 1b3ed7ed96f03fb41af34f1c2e6a1fff - Path: Packages/com.unity.render-pipelines.core/Tests/Editor/Analytics - Importer: ScriptedImporter/UnityEditor.QuickSearchModule:UnityEditor.Search:ASIAI0B
Importing 'GUID: 1b3ed7ed96f03fb41af34f1c2e6a1fff - Path: Packages/com.unity.render-pipelines.core/Tests/Editor/Analytics - Importer: ScriptedImporter/UnityEditor.QuickSearchModule:UnityEditor.Search:ASIAI0B' with importer (ScriptedImporter : UnityEditor.QuickSearchModule:UnityEditor.Search:ASIAI0B)
Imported 'GUID: 1b3ed7ed96f03fb41af34f1c2e6a1fff' -> (Import Result ID: '704021b843ead7fa66f3a5e1086a32b9') in 0.007 seconds [static and dynamic dependencies]. Details - ImportResultOutputID=ed07a2446cfa869364b7ef220851bf20 DependenciesID=0c59c026ea1d9a2fed4a565e4da875b5 StaticDependenciesID=f40fe4712d608121219f0f2c029f3969 
Number of updated asset objects reloaded before import = 0
Number of asset objects unloaded after import = 1
========================================================================
Received Import Request.
  Time of request: 2026-08-21T17:33:22.9650656Z
  Time since last request: 0.0010073 seconds.
  importAddress: GUID: 7518a4bdcd2d8f4408d828d3b20bcaa7 - Path: Packages/com.unity.visualscripting/Editor/VisualScripting.State - Importer: ScriptedImporter/UnityEditor.QuickSearchModule:UnityEditor.Search:ASIAI0B
Importing 'GUID: 7518a4bdcd2d8f4408d828d3b20bcaa7 - Path: Packages/com.unity.visualscripting/Editor/VisualScripting.State - Importer: ScriptedImporter/UnityEditor.QuickSearchModule:UnityEditor.Search:ASIAI0B' with importer (ScriptedImporter : UnityEditor.QuickSearchModule:UnityEditor.Search:ASIAI0B)
Imported 'GUID: 7518a4bdcd2d8f4408d828d3b20bcaa7' -> (Import Result ID: 'efb59d2a25e78d3ff877ee4699839c9b') in 0.012 seconds [static and dynamic dependencies]. Details - ImportResultOutputID=1eb7bfab2370df053e67ca67c0cc0fea DependenciesID=73846ea1b8dbed33a3ea0d24fe2f92b0 StaticDependenciesID=c9a024d2fbc776d56a5ad6b0e5295a28 
Number of updated asset objects reloaded before import = 0
Number of asset objects unloaded after import = 1
========================================================================
Received Import Request.
  Time of request: 2026-08-21T17:33:23.003348Z
  Time since last request: 0.0005472 seconds.
  importAddress: GUID: c92be10cd223d054b8314f7445705554 - Path: Packages/com.unity.render-pipelines.core/Runtime/UnifiedRayTracing/Common/GeometryPool - Importer: ScriptedImporter/UnityEditor.QuickSearchModule:UnityEditor.Search:ASIAI0B
Importing 'GUID: c92be10cd223d054b8314f7445705554 - Path: Packages/com.unity.render-pipelines.core/Runtime/UnifiedRayTracing/Common/GeometryPool - Importer: ScriptedImporter/UnityEditor.QuickSearchModule:UnityEditor.Search:ASIAI0B' with importer (ScriptedImporter : UnityEditor.QuickSearchModule:UnityEditor.Search:ASIAI0B)
Imported 'GUID: c92be10cd223d054b8314f7445705554' -> (Import Result ID: '3901614d15667529519730fb9680244b') in 0.007 seconds [static and dynamic dependencies]. Details - ImportResultOutputID=498e334c3b5671fe1dea978b9c0985d3 DependenciesID=18020d9bd47ee4d11581a1bfba8b198f StaticDependenciesID=7bcef50009762db5d3ce9b7cf0dabfbf 
Number of updated asset objects reloaded before import = 0
Number of asset objects unloaded after import = 1
========================================================================
Received Import Request.
  Time of request: 2026-08-21T17:33:23.0347613Z
  Time since last request: 0.0007252 seconds.
  importAddress: GUID: b0e1457667cf4865bf50a0f8567c4d29 - Path: Packages/com.unity.render-pipelines.universal/Editor/2D/ShaderGraph/Includes - Importer: ScriptedImporter/UnityEditor.QuickSearchModule:UnityEditor.Search:ASIAI0B
Importing 'GUID: b0e1457667cf4865bf50a0f8567c4d29 - Path: Packages/com.unity.render-pipelines.universal/Editor/2D/ShaderGraph/Includes - Importer: ScriptedImporter/UnityEditor.QuickSearchModule:UnityEditor.Search:ASIAI0B' with importer (ScriptedImporter : UnityEditor.QuickSearchModule:UnityEditor.Search:ASIAI0B)
Imported 'GUID: b0e1457667cf4865bf50a0f8567c4d29' -> (Import Result ID: 'c5856020e6398a694da371a5d716cfbf') in 0.010 seconds [static and dynamic dependencies]. Details - ImportResultOutputID=a0a2caee5e71e0fd9f02654d941b2fc8 DependenciesID=44de8130ee008dd9f926efd72c589d8e StaticDependenciesID=980c88d13339298437bf44b8f14f5cb4 
Number of updated asset objects reloaded before import = 0
Number of asset objects unloaded after import = 1
========================================================================
Received Import Request.
  Time of request: 2026-08-21T17:33:23.0697293Z
  Time since last request: 0.000607 seconds.
  importAddress: GUID: b3cdabf2f1e76854d8aab5930305d70d - Path: Packages/com.unity.ugui/Runtime/UGUI/EventSystem/EventData - Importer: ScriptedImporter/UnityEditor.QuickSearchModule:UnityEditor.Search:ASIAI0B
Importing 'GUID: b3cdabf2f1e76854d8aab5930305d70d - Path: Packages/com.unity.ugui/Runtime/UGUI/EventSystem/EventData - Importer: ScriptedImporter/UnityEditor.QuickSearchModule:UnityEditor.Search:ASIAI0B' with importer (ScriptedImporter : UnityEditor.QuickSearchModule:UnityEditor.Search:ASIAI0B)
Imported 'GUID: b3cdabf2f1e76854d8aab5930305d70d' -> (Import Result ID: '73392b044da39d58ef6bf98a0b439fa6') in 0.007 seconds [static and dynamic dependencies]. Details - ImportResultOutputID=9d24935f5d78036406a9fe6595ad8e12 DependenciesID=e7014ea091b67a0e55d4b3f827e90c87 StaticDependenciesID=9dea9e83d57edbb2802a8afd60ad7d13 
Number of updated asset objects reloaded before import = 0
Number of asset objects unloaded after import = 1
========================================================================
Received Import Request.
  Time of request: 2026-08-21T17:33:23.0986136Z
  Time since last request: 0.0007743 seconds.
  importAddress: GUID: 53caebc5909234b4ebe1fcaf3dc913a5 - Path: Packages/com.unity.ugui/Tests/Runtime/UGUI - Importer: ScriptedImporter/UnityEditor.QuickSearchModule:UnityEditor.Search:ASIAI0B
Importing 'GUID: 53caebc5909234b4ebe1fcaf3dc913a5 - Path: Packages/com.unity.ugui/Tests/Runtime/UGUI - Importer: ScriptedImporter/UnityEditor.QuickSearchModule:UnityEditor.Search:ASIAI0B' with importer (ScriptedImporter : UnityEditor.QuickSearchModule:UnityEditor.Search:ASIAI0B)
Imported 'GUID: 53caebc5909234b4ebe1fcaf3dc913a5' -> (Import Result ID: 'ec40991c442f6e284dad03749b779484') in 0.007 seconds [static and dynamic dependencies]. Details - ImportResultOutputID=907159b95d860213608295b98f855098 DependenciesID=71d55b89128ca14c635d4eb6335dd710 StaticDependenciesID=683573b39c045f47399b684590f35322 
Number of updated asset objects reloaded before import = 0
Number of asset objects unloaded after import = 1
========================================================================
Received Import Request.
  Time of request: 2026-08-21T17:33:23.1251195Z
  Time since last request: 0.0006851 seconds.
  importAddress: GUID: 98d14ab1acf42df4f88a0561822ac807 - Path: Packages/com.unity.ugui/Tests/Editor/UGUI/EventSystem - Importer: ScriptedImporter/UnityEditor.QuickSearchModule:UnityEditor.Search:ASIAI0B
Importing 'GUID: 98d14ab1acf42df4f88a0561822ac807 - Path: Packages/com.unity.ugui/Tests/Editor/UGUI/EventSystem - Importer: ScriptedImporter/UnityEditor.QuickSearchModule:UnityEditor.Search:ASIAI0B' with importer (ScriptedImporter : UnityEditor.QuickSearchModule:UnityEditor.Search:ASIAI0B)
Imported 'GUID: 98d14ab1acf42df4f88a0561822ac807' -> (Import Result ID: '5c14f5217137949b79fc2b0ca7364ea1') in 0.008 seconds [static and dynamic dependencies]. Details - ImportResultOutputID=a03edb774e325c5f24f1591b6d51e456 DependenciesID=60604b8f2968da10487319aca5eb9435 StaticDependenciesID=1e81abd510fcfc6771cee00e881ced34 
Number of updated asset objects reloaded before import = 0
Number of asset objects unloaded after import = 1
========================================================================
Received Import Request.
  Time of request: 2026-08-21T17:33:23.1517141Z
  Time since last request: 0.0007334 seconds.
  importAddress: GUID: 3c4be395f8154c3797fc8aef5645fcac - Path: Packages/com.unity.collab-proxy/Editor/Views/Locks - Importer: ScriptedImporter/UnityEditor.QuickSearchModule:UnityEditor.Search:ASIAI0B
Importing 'GUID: 3c4be395f8154c3797fc8aef5645fcac - Path: Packages/com.unity.collab-proxy/Editor/Views/Locks - Importer: ScriptedImporter/UnityEditor.QuickSearchModule:UnityEditor.Search:ASIAI0B' with importer (ScriptedImporter : UnityEditor.QuickSearchModule:UnityEditor.Search:ASIAI0B)
Imported 'GUID: 3c4be395f8154c3797fc8aef5645fcac' -> (Import Result ID: 'eb2ad31ba5a715c18d1c45d2713f44ad') in 0.010 seconds [static and dynamic dependencies]. Details - ImportResultOutputID=2cd0ae34ff4478229d0887e298a65c95 DependenciesID=b71a443af109bd7e866b3242bd032b69 StaticDependenciesID=ab002205217d0daa5cb9ecabc2dc1380 
Number of updated asset objects reloaded before import = 0
Number of asset objects unloaded after import = 1
========================================================================
Received Import Request.
  Time of request: 2026-08-21T17:33:23.1771024Z
  Time since last request: 0.0009927 seconds.
  importAddress: GUID: c09a0a5d80ce97c43b5ad0099fdc8bca - Path: Packages/com.unity.render-pipelines.core/Runtime/Debug - Importer: ScriptedImporter/UnityEditor.QuickSearchModule:UnityEditor.Search:ASIAI0B
Importing 'GUID: c09a0a5d80ce97c43b5ad0099fdc8bca - Path: Packages/com.unity.render-pipelines.core/Runtime/Debug - Importer: ScriptedImporter/UnityEditor.QuickSearchModule:UnityEditor.Search:ASIAI0B' with importer (ScriptedImporter : UnityEditor.QuickSearchModule:UnityEditor.Search:ASIAI0B)
Imported 'GUID: c09a0a5d80ce97c43b5ad0099fdc8bca' -> (Import Result ID: 'b4b6bd2201cd86960288eacc030dc19b') in 0.008 seconds [static and dynamic dependencies]. Details - ImportResultOutputID=36a73d17e1b33c7105c9d9dae51e2dfa DependenciesID=94aaae9bc20ee7995c7eed1cb7f63350 StaticDependenciesID=3fcbd54c31ba81b25e137d1a3b99bef0 
Number of updated asset objects reloaded before import = 0
Number of asset objects unloaded after import = 1
========================================================================
Received Import Request.
  Time of request: 2026-08-21T17:33:23.2013695Z
  Time since last request: 0.000559 seconds.
  importAddress: GUID: c305bca7e5f889e4b9b7acc8a8f00440 - Path: Packages/com.unity.collab-proxy/Editor/CloudDrive/Workspaces - Importer: ScriptedImporter/UnityEditor.QuickSearchModule:UnityEditor.Search:ASIAI0B
Importing 'GUID: c305bca7e5f889e4b9b7acc8a8f00440 - Path: Packages/com.unity.collab-proxy/Editor/CloudDrive/Workspaces - Importer: ScriptedImporter/UnityEditor.QuickSearchModule:UnityEditor.Search:ASIAI0B' with importer (ScriptedImporter : UnityEditor.QuickSearchModule:UnityEditor.Search:ASIAI0B)
Imported 'GUID: c305bca7e5f889e4b9b7acc8a8f00440' -> (Import Result ID: '0be6e818224a08c539ca3a7611e9533e') in 0.009 seconds [static and dynamic dependencies]. Details - ImportResultOutputID=6e5bec4ba83b843a3f787c372901e7c0 DependenciesID=ef661368eeacc297705843ad7b44b4bc StaticDependenciesID=bdadb833a8dca8bc3c96ac55a43ad694 
Number of updated asset objects reloaded before import = 0
Number of asset objects unloaded after import = 1
========================================================================
Received Import Request.
  Time of request: 2026-08-21T17:33:23.2271051Z
  Time since last request: 0.0007876 seconds.
  importAddress: GUID: a05969d78cc3d44469783fe59f3bfa65 - Path: Packages/com.unity.collab-proxy/Lib/Editor/TextMateSharp/Onigwrap/libonigwrap/win-x86 - Importer: ScriptedImporter/UnityEditor.QuickSearchModule:UnityEditor.Search:ASIAI0B
Importing 'GUID: a05969d78cc3d44469783fe59f3bfa65 - Path: Packages/com.unity.collab-proxy/Lib/Editor/TextMateSharp/Onigwrap/libonigwrap/win-x86 - Importer: ScriptedImporter/UnityEditor.QuickSearchModule:UnityEditor.Search:ASIAI0B' with importer (ScriptedImporter : UnityEditor.QuickSearchModule:UnityEditor.Search:ASIAI0B)
Imported 'GUID: a05969d78cc3d44469783fe59f3bfa65' -> (Import Result ID: '4c3d2aa24ea63052fab2adb55527bb55') in 0.008 seconds [static and dynamic dependencies]. Details - ImportResultOutputID=62a683758913f3991f20e5ab1477ce6f DependenciesID=dc922e3cc1f1313d5ce758858b432241 StaticDependenciesID=b661087f79941ec21a1aa92753beb514 
Number of updated asset objects reloaded before import = 0
Number of asset objects unloaded after import = 1
========================================================================
Received Import Request.
  Time of request: 2026-08-21T17:33:23.2528669Z
  Time since last request: 0.0006617 seconds.
  importAddress: GUID: f74b40ff9aaa99a49a36a3c646ca5917 - Path: Packages/com.unity.render-pipelines.universal/Runtime/2D/Passes - Importer: ScriptedImporter/UnityEditor.QuickSearchModule:UnityEditor.Search:ASIAI0B
Importing 'GUID: f74b40ff9aaa99a49a36a3c646ca5917 - Path: Packages/com.unity.render-pipelines.universal/Runtime/2D/Passes - Importer: ScriptedImporter/UnityEditor.QuickSearchModule:UnityEditor.Search:ASIAI0B' with importer (ScriptedImporter : UnityEditor.QuickSearchModule:UnityEditor.Search:ASIAI0B)
Imported 'GUID: f74b40ff9aaa99a49a36a3c646ca5917' -> (Import Result ID: 'e64ea10a84bae918c34c63b43bf963ca') in 0.009 seconds [static and dynamic dependencies]. Details - ImportResultOutputID=21d63968263f4eb6a728fce91ceb1e4e DependenciesID=d000efa80a70948762bf86677ac284b3 StaticDependenciesID=c2d49e0c405134bc1f94dd0a8baf00d4 
Number of updated asset objects reloaded before import = 0
Number of asset objects unloaded after import = 1
========================================================================
Received Import Request.
  Time of request: 2026-08-21T17:33:23.2786503Z
  Time since last request: 0.0007452 seconds.
  importAddress: GUID: b8f37e7cf15bcc1419f4622045f6e075 - Path: Packages/com.unity.render-pipelines.core/Tests/Editor/Debugging - Importer: ScriptedImporter/UnityEditor.QuickSearchModule:UnityEditor.Search:ASIAI0B
Importing 'GUID: b8f37e7cf15bcc1419f4622045f6e075 - Path: Packages/com.unity.render-pipelines.core/Tests/Editor/Debugging - Importer: ScriptedImporter/UnityEditor.QuickSearchModule:UnityEditor.Search:ASIAI0B' with importer (ScriptedImporter : UnityEditor.QuickSearchModule:UnityEditor.Search:ASIAI0B)
Imported 'GUID: b8f37e7cf15bcc1419f4622045f6e075' -> (Import Result ID: 'f28aac97d2b6fda05fb6987b65e1c360') in 0.010 seconds [static and dynamic dependencies]. Details - ImportResultOutputID=b5f5f0377b73c64502f3561fa85bda3f DependenciesID=67dd73a396085471ee819a243a88430a StaticDependenciesID=226fd63cdc5f41c1d78b22892efaaa7c 
Number of updated asset objects reloaded before import = 0
Number of asset objects unloaded after import = 1
========================================================================
Received Import Request.
  Time of request: 2026-08-21T17:33:23.3044364Z
  Time since last request: 0.0006997 seconds.
  importAddress: GUID: 5b17896803f77494da73d73448fb6cb4 - Path: Packages/com.unity.ide.visualstudio/Editor/VSWhere - Importer: ScriptedImporter/UnityEditor.QuickSearchModule:UnityEditor.Search:ASIAI0B
Importing 'GUID: 5b17896803f77494da73d73448fb6cb4 - Path: Packages/com.unity.ide.visualstudio/Editor/VSWhere - Importer: ScriptedImporter/UnityEditor.QuickSearchModule:UnityEditor.Search:ASIAI0B' with importer (ScriptedImporter : UnityEditor.QuickSearchModule:UnityEditor.Search:ASIAI0B)
Imported 'GUID: 5b17896803f77494da73d73448fb6cb4' -> (Import Result ID: 'd68f184bdf1f6d970d5555249dde90c4') in 0.010 seconds [static and dynamic dependencies]. Details - ImportResultOutputID=7cada610ad5f255f674a18a891994040 DependenciesID=8f90d90427d80ede4c87350b7b6f9ca3 StaticDependenciesID=311c8c63566e4cdf953710bdb9dc3658 
Number of updated asset objects reloaded before import = 0
Number of asset objects unloaded after import = 1
========================================================================
Received Import Request.
  Time of request: 2026-08-21T17:33:23.3313846Z
  Time since last request: 0.0007234 seconds.
  importAddress: GUID: ceb46eb2d5b64017b74f9fb0e50fdf1e - Path: Packages/com.unity.collab-proxy/Editor/UI/UnityInternals/UnityEditor - Importer: ScriptedImporter/UnityEditor.QuickSearchModule:UnityEditor.Search:ASIAI0B
Importing 'GUID: ceb46eb2d5b64017b74f9fb0e50fdf1e - Path: Packages/com.unity.collab-proxy/Editor/UI/UnityInternals/UnityEditor - Importer: ScriptedImporter/UnityEditor.QuickSearchModule:UnityEditor.Search:ASIAI0B' with importer (ScriptedImporter : UnityEditor.QuickSearchModule:UnityEditor.Search:ASIAI0B)
Imported 'GUID: ceb46eb2d5b64017b74f9fb0e50fdf1e' -> (Import Result ID: '241c353795625e77e09c6ec38136a840') in 0.008 seconds [static and dynamic dependencies]. Details - ImportResultOutputID=4134e4ae38b74be78e3a8de813762cb5 DependenciesID=ada802a1951abe0bd93b0a44eb0e1797 StaticDependenciesID=964c4f5feaaca5afc05164b0e4b1dc55 
Number of updated asset objects reloaded before import = 0
Number of asset objects unloaded after import = 1
========================================================================
Received Import Request.
  Time of request: 2026-08-21T17:33:23.3539001Z
  Time since last request: 0.001312 seconds.
  importAddress: GUID: eebcb04fa700ee3d9a18df02e4a9a185 - Path: Packages/com.unity.render-pipelines.core - Importer: ScriptedImporter/UnityEditor.QuickSearchModule:UnityEditor.Search:ASIAI0B
Importing 'GUID: eebcb04fa700ee3d9a18df02e4a9a185 - Path: Packages/com.unity.render-pipelines.core - Importer: ScriptedImporter/UnityEditor.QuickSearchModule:UnityEditor.Search:ASIAI0B' with importer (ScriptedImporter : UnityEditor.QuickSearchModule:UnityEditor.Search:ASIAI0B)
Imported 'GUID: eebcb04fa700ee3d9a18df02e4a9a185' -> (Import Result ID: '34997268ade9127575830be5bfee9978') in 0.007 seconds [static and dynamic dependencies]. Details - ImportResultOutputID=e1fed83bce7f5d1fc012e12e84b4bc76 DependenciesID=702be6d5c7179a6fa292541eb64b50ef StaticDependenciesID=856575d9007945eec8b3719b7a4a8a60 
Number of updated asset objects reloaded before import = 0
Number of asset objects unloaded after import = 1
========================================================================
Received Import Request.
  Time of request: 2026-08-21T17:33:23.3771443Z
  Time since last request: 0.00074 seconds.
  importAddress: GUID: 3522f385657caf14b8c18df878a3c65b - Path: Packages/com.unity.render-pipelines.universal/Editor/Decal/Resources - Importer: ScriptedImporter/UnityEditor.QuickSearchModule:UnityEditor.Search:ASIAI0B
Importing 'GUID: 3522f385657caf14b8c18df878a3c65b - Path: Packages/com.unity.render-pipelines.universal/Editor/Decal/Resources - Importer: ScriptedImporter/UnityEditor.QuickSearchModule:UnityEditor.Search:ASIAI0B' with importer (ScriptedImporter : UnityEditor.QuickSearchModule:UnityEditor.Search:ASIAI0B)
Imported 'GUID: 3522f385657caf14b8c18df878a3c65b' -> (Import Result ID: 'ddd9bc3b31ce30e8de2acd6736ab7d01') in 0.009 seconds [static and dynamic dependencies]. Details - ImportResultOutputID=e229458ad5a1932cf1fb753f81ba8a96 DependenciesID=fce52daf868998f481a260e4b704dfa6 StaticDependenciesID=516b0815565823564448e8394e6890d9 
Number of updated asset objects reloaded before import = 0
Number of asset objects unloaded after import = 1
========================================================================
Received Import Request.
  Time of request: 2026-08-21T17:33:23.4009325Z
  Time since last request: 0.0008168 seconds.
  importAddress: GUID: 843eba6e16ab9034aaacf0d768c274b6 - Path: Packages/com.unity.shadergraph/GraphTemplates/Subgraphs/Terrain - Importer: ScriptedImporter/UnityEditor.QuickSearchModule:UnityEditor.Search:ASIAI0B
Importing 'GUID: 843eba6e16ab9034aaacf0d768c274b6 - Path: Packages/com.unity.shadergraph/GraphTemplates/Subgraphs/Terrain - Importer: ScriptedImporter/UnityEditor.QuickSearchModule:UnityEditor.Search:ASIAI0B' with importer (ScriptedImporter : UnityEditor.QuickSearchModule:UnityEditor.Search:ASIAI0B)
Imported 'GUID: 843eba6e16ab9034aaacf0d768c274b6' -> (Import Result ID: '0dc6b975c52fec4ca39a4982c047414d') in 0.009 seconds [static and dynamic dependencies]. Details - ImportResultOutputID=fc75658cb92aac86c1d8959e980b6b6d DependenciesID=3338f72a5067d50f6d713d58df353876 StaticDependenciesID=fb1762dc19b42f257275eb19e8001729 
Number of updated asset objects reloaded before import = 0
Number of asset objects unloaded after import = 1
========================================================================
Received Import Request.
  Time of request: 2026-08-21T17:33:23.4253176Z
  Time since last request: 0.0008615 seconds.
  importAddress: GUID: d6db7caf2e852b75ebb9c6098418179c - Path: Packages/com.unity.modules.physics - Importer: ScriptedImporter/UnityEditor.QuickSearchModule:UnityEditor.Search:ASIAI0B
Importing 'GUID: d6db7caf2e852b75ebb9c6098418179c - Path: Packages/com.unity.modules.physics - Importer: ScriptedImporter/UnityEditor.QuickSearchModule:UnityEditor.Search:ASIAI0B' with importer (ScriptedImporter : UnityEditor.QuickSearchModule:UnityEditor.Search:ASIAI0B)
Imported 'GUID: d6db7caf2e852b75ebb9c6098418179c' -> (Import Result ID: '4218bbaa7001b6ee4b4ed62b437dd51a') in 0.007 seconds [static and dynamic dependencies]. Details - ImportResultOutputID=6bd260b631d6551f3d83ba51d29fa2f1 DependenciesID=7d891f2a6ae990c9992b3cc3e7f52d46 StaticDependenciesID=c8ddda2e264fe5c4d4e23e05cdc374ae 
Number of updated asset objects reloaded before import = 0
Number of asset objects unloaded after import = 1
========================================================================
Received Import Request.
  Time of request: 2026-08-21T17:33:23.4460317Z
  Time since last request: 0.0005969 seconds.
  importAddress: GUID: ba6dc0659417f4e999f20101bcb1927f - Path: Packages/com.unity.visualscripting/Runtime/VisualScripting.Flow/Framework/Events/Hierarchy - Importer: ScriptedImporter/UnityEditor.QuickSearchModule:UnityEditor.Search:ASIAI0B
Importing 'GUID: ba6dc0659417f4e999f20101bcb1927f - Path: Packages/com.unity.visualscripting/Runtime/VisualScripting.Flow/Framework/Events/Hierarchy - Importer: ScriptedImporter/UnityEditor.QuickSearchModule:UnityEditor.Search:ASIAI0B' with importer (ScriptedImporter : UnityEditor.QuickSearchModule:UnityEditor.Search:ASIAI0B)
Imported 'GUID: ba6dc0659417f4e999f20101bcb1927f' -> (Import Result ID: '91200cd205948005c06a333c48b2e432') in 0.007 seconds [static and dynamic dependencies]. Details - ImportResultOutputID=78610ea2cf606acf845bf6f20d142b4a DependenciesID=20955d553e93446a68e2b97bdaada5e3 StaticDependenciesID=3079747c5e23be48b82d524f2ce9753a 
Number of updated asset objects reloaded before import = 0
Number of asset objects unloaded after import = 1
========================================================================
Received Import Request.
  Time of request: 2026-08-21T17:33:23.4700648Z
  Time since last request: 0.000799 seconds.
  importAddress: GUID: e7109562d81c04d45be09c804dc1b8ae - Path: Packages/com.unity.shadergraph/Editor/Generation/Contexts - Importer: ScriptedImporter/UnityEditor.QuickSearchModule:UnityEditor.Search:ASIAI0B
Importing 'GUID: e7109562d81c04d45be09c804dc1b8ae - Path: Packages/com.unity.shadergraph/Editor/Generation/Contexts - Importer: ScriptedImporter/UnityEditor.QuickSearchModule:UnityEditor.Search:ASIAI0B' with importer (ScriptedImporter : UnityEditor.QuickSearchModule:UnityEditor.Search:ASIAI0B)
Imported 'GUID: e7109562d81c04d45be09c804dc1b8ae' -> (Import Result ID: '3f88f019e71a97390ba8ac7009dffc04') in 0.007 seconds [static and dynamic dependencies]. Details - ImportResultOutputID=d91760b23af1bbccd471b5e130994d25 DependenciesID=e98e6138047b59bfde68d5199e8c4ffa StaticDependenciesID=813f014f80fca793c23119007dda2b08 
Number of updated asset objects reloaded before import = 0
Number of asset objects unloaded after import = 1
========================================================================
Received Import Request.
  Time of request: 2026-08-21T17:33:23.5167658Z
  Time since last request: 0.0252124 seconds.
  importAddress: GUID: 7abb56c9dd89a544a9995a060ab55368 - Path: Packages/com.unity.visualscripting/Editor/VisualScripting.Core - Importer: ScriptedImporter/UnityEditor.QuickSearchModule:UnityEditor.Search:ASIAI0B
Importing 'GUID: 7abb56c9dd89a544a9995a060ab55368 - Path: Packages/com.unity.visualscripting/Editor/VisualScripting.Core - Importer: ScriptedImporter/UnityEditor.QuickSearchModule:UnityEditor.Search:ASIAI0B' with importer (ScriptedImporter : UnityEditor.QuickSearchModule:UnityEditor.Search:ASIAI0B)
Imported 'GUID: 7abb56c9dd89a544a9995a060ab55368' -> (Import Result ID: '4a74f8c0c557e2a5b6cd8ce6c9c7f942') in 0.006 seconds [static and dynamic dependencies]. Details - ImportResultOutputID=0605f439b3728dd2ddc39f47e53d055b DependenciesID=ba1c7f6aef22f685f2841a921150624d StaticDependenciesID=31d7c5863b4a264716b4765857855e65 
Number of updated asset objects reloaded before import = 0
Number of asset objects unloaded after import = 1
========================================================================
Received Import Request.
  Time of request: 2026-08-21T17:33:23.5362502Z
  Time since last request: 0.0013443 seconds.
  importAddress: GUID: bc46ee9abc42d1e4ca5b5c7c8af9ebed - Path: Packages/com.unity.render-pipelines.universal/Runtime/VFXGraph - Importer: ScriptedImporter/UnityEditor.QuickSearchModule:UnityEditor.Search:ASIAI0B
Importing 'GUID: bc46ee9abc42d1e4ca5b5c7c8af9ebed - Path: Packages/com.unity.render-pipelines.universal/Runtime/VFXGraph - Importer: ScriptedImporter/UnityEditor.QuickSearchModule:UnityEditor.Search:ASIAI0B' with importer (ScriptedImporter : UnityEditor.QuickSearchModule:UnityEditor.Search:ASIAI0B)
Imported 'GUID: bc46ee9abc42d1e4ca5b5c7c8af9ebed' -> (Import Result ID: '837c7ca66e9e82d2dc3f88d404e2bb38') in 0.013 seconds [static and dynamic dependencies]. Details - ImportResultOutputID=8fc84a2ccca4949411c2a74f3ae7f0f8 DependenciesID=14d24d7af62102717539a14c6745fbd3 StaticDependenciesID=1175c46916d3d46631d74a27e7ab7faf 
Number of updated asset objects reloaded before import = 0
Number of asset objects unloaded after import = 1
========================================================================
Received Import Request.
  Time of request: 2026-08-21T17:33:23.5745904Z
  Time since last request: 0.0012028 seconds.
  importAddress: GUID: dec586c160776104da4d9a4e472662bc - Path: Packages/com.unity.timeline/Editor/Manipulators/Sequence - Importer: ScriptedImporter/UnityEditor.QuickSearchModule:UnityEditor.Search:ASIAI0B
Importing 'GUID: dec586c160776104da4d9a4e472662bc - Path: Packages/com.unity.timeline/Editor/Manipulators/Sequence - Importer: ScriptedImporter/UnityEditor.QuickSearchModule:UnityEditor.Search:ASIAI0B' with importer (ScriptedImporter : UnityEditor.QuickSearchModule:UnityEditor.Search:ASIAI0B)
Imported 'GUID: dec586c160776104da4d9a4e472662bc' -> (Import Result ID: 'c93bd4237ad6ec098bea77e31dfda265') in 0.017 seconds [static and dynamic dependencies]. Details - ImportResultOutputID=3bcff64a44a0876458bf6cbb766635e3 DependenciesID=cf912c45d9ce73196845d5b98ba74c75 StaticDependenciesID=c72a6f540f99820b7bfda1e81a2a6cbe 
Number of updated asset objects reloaded before import = 0
Number of asset objects unloaded after import = 1
========================================================================
Received Import Request.
  Time of request: 2026-08-21T17:33:23.6183968Z
  Time since last request: 0.00108 seconds.
  importAddress: GUID: ffaef7825f6e4fa2ad277b30964412a3 - Path: Packages/com.unity.collab-proxy/Editor/Diff/Text - Importer: ScriptedImporter/UnityEditor.QuickSearchModule:UnityEditor.Search:ASIAI0B
Importing 'GUID: ffaef7825f6e4fa2ad277b30964412a3 - Path: Packages/com.unity.collab-proxy/Editor/Diff/Text - Importer: ScriptedImporter/UnityEditor.QuickSearchModule:UnityEditor.Search:ASIAI0B' with importer (ScriptedImporter : UnityEditor.QuickSearchModule:UnityEditor.Search:ASIAI0B)
Imported 'GUID: ffaef7825f6e4fa2ad277b30964412a3' -> (Import Result ID: '6c9fbae9acfc01134f7e6fde38b8f1de') in 0.011 seconds [static and dynamic dependencies]. Details - ImportResultOutputID=a2a9ffee6d008742c99628f3a0f223fa DependenciesID=583748c1c03797776cc3fbe62bf7b55a StaticDependenciesID=2727ac37683adec15fe1f931e6eee889 
Number of updated asset objects reloaded before import = 0
Number of asset objects unloaded after import = 1
========================================================================
Received Import Request.
  Time of request: 2026-08-21T17:33:23.6533409Z
  Time since last request: 0.0006205 seconds.
  importAddress: GUID: 90ed072269172012fcebb3cd57b5a869 - Path: Packages/com.unity.nuget.mono-cecil - Importer: ScriptedImporter/UnityEditor.QuickSearchModule:UnityEditor.Search:ASIAI0B
Importing 'GUID: 90ed072269172012fcebb3cd57b5a869 - Path: Packages/com.unity.nuget.mono-cecil - Importer: ScriptedImporter/UnityEditor.QuickSearchModule:UnityEditor.Search:ASIAI0B' with importer (ScriptedImporter : UnityEditor.QuickSearchModule:UnityEditor.Search:ASIAI0B)
Imported 'GUID: 90ed072269172012fcebb3cd57b5a869' -> (Import Result ID: 'eba8aa99d3a0a0a81fba622915b44d60') in 0.013 seconds [static and dynamic dependencies]. Details - ImportResultOutputID=5c6ef81ce04ca964d8027593d7be0c7a DependenciesID=b712487f5e7852db2aaaccf8089f5c64 StaticDependenciesID=9606121a8ac507494c8e19a2af0f889b 
Number of updated asset objects reloaded before import = 0
Number of asset objects unloaded after import = 1
========================================================================
Received Import Request.
  Time of request: 2026-08-21T17:33:23.6954148Z
  Time since last request: 0.0015576 seconds.
  importAddress: GUID: 1726448925bf4bd1af6ca883bae8ff3f - Path: Packages/com.unity.multiplayer.center/Editor/OnBoarding - Importer: ScriptedImporter/UnityEditor.QuickSearchModule:UnityEditor.Search:ASIAI0B
Importing 'GUID: 1726448925bf4bd1af6ca883bae8ff3f - Path: Packages/com.unity.multiplayer.center/Editor/OnBoarding - Importer: ScriptedImporter/UnityEditor.QuickSearchModule:UnityEditor.Search:ASIAI0B' with importer (ScriptedImporter : UnityEditor.QuickSearchModule:UnityEditor.Search:ASIAI0B)
Imported 'GUID: 1726448925bf4bd1af6ca883bae8ff3f' -> (Import Result ID: '2777a9011bd9e6d025af8d31f0095798') in 0.012 seconds [static and dynamic dependencies]. Details - ImportResultOutputID=4c8af4c7a83f3b5af0124b537e1066d9 DependenciesID=fed5316763ba82d1c5621ac7dfe9cf76 StaticDependenciesID=8ee15b4eb277b2dbccc201b1f6274b63 
Number of updated asset objects reloaded before import = 0
Number of asset objects unloaded after import = 1
========================================================================
Received Import Request.
  Time of request: 2026-08-21T17:33:23.746817Z
  Time since last request: 0.0117393 seconds.
  importAddress: GUID: fef47f3c37586ba45b0c35e831041767 - Path: Packages/com.unity.render-pipelines.core/Runtime/PathTracing/Environment - Importer: ScriptedImporter/UnityEditor.QuickSearchModule:UnityEditor.Search:ASIAI0B
Importing 'GUID: fef47f3c37586ba45b0c35e831041767 - Path: Packages/com.unity.render-pipelines.core/Runtime/PathTracing/Environment - Importer: ScriptedImporter/UnityEditor.QuickSearchModule:UnityEditor.Search:ASIAI0B' with importer (ScriptedImporter : UnityEditor.QuickSearchModule:UnityEditor.Search:ASIAI0B)
Imported 'GUID: fef47f3c37586ba45b0c35e831041767' -> (Import Result ID: '8feb4928b6bebf04e258341f6a9edcf7') in 0.027 seconds [static and dynamic dependencies]. Details - ImportResultOutputID=b3013059cc99eaa900518a558b0d43f0 DependenciesID=e35d25596bdac308f85f00b7ff4b5cf6 StaticDependenciesID=af5be9d278e6457c093b31857d878aeb 
Number of updated asset objects reloaded before import = 0
Number of asset objects unloaded after import = 1
========================================================================
Received Import Request.
  Time of request: 2026-08-21T17:33:23.8497442Z
  Time since last request: 0.0041482 seconds.
  importAddress: GUID: be4a999efc9d629458e92bbcbe233d1d - Path: Packages/com.unity.collab-proxy/Editor/UI/Progress - Importer: ScriptedImporter/UnityEditor.QuickSearchModule:UnityEditor.Search:ASIAI0B
Importing 'GUID: be4a999efc9d629458e92bbcbe233d1d - Path: Packages/com.unity.collab-proxy/Editor/UI/Progress - Importer: ScriptedImporter/UnityEditor.QuickSearchModule:UnityEditor.Search:ASIAI0B' with importer (ScriptedImporter : UnityEditor.QuickSearchModule:UnityEditor.Search:ASIAI0B)
Imported 'GUID: be4a999efc9d629458e92bbcbe233d1d' -> (Import Result ID: 'd43c16e1ff54e730159af70e4344ebd6') in 0.029 seconds [static and dynamic dependencies]. Details - ImportResultOutputID=d513076d251e87e3f52838058ffe942b DependenciesID=85c20d0289b80f1148a3825de97e4641 StaticDependenciesID=1097df6ce44fab1e7788f194b6c89270 
Number of updated asset objects reloaded before import = 0
Number of asset objects unloaded after import = 1
========================================================================
Received Import Request.
  Time of request: 2026-08-21T17:33:23.9092249Z
  Time since last request: 0.0000743 seconds.
  importAddress: GUID: 9129183a42052cd43b9c284d6dbd541e - Path: Packages/com.unity.ide.rider/Rider - Importer: ScriptedImporter/UnityEditor.QuickSearchModule:UnityEditor.Search:ASIAI0B
Importing 'GUID: 9129183a42052cd43b9c284d6dbd541e - Path: Packages/com.unity.ide.rider/Rider - Importer: ScriptedImporter/UnityEditor.QuickSearchModule:UnityEditor.Search:ASIAI0B' with importer (ScriptedImporter : UnityEditor.QuickSearchModule:UnityEditor.Search:ASIAI0B)
Imported 'GUID: 9129183a42052cd43b9c284d6dbd541e' -> (Import Result ID: '9bcc40163257266b6f928c2ea2f692d3') in 0.020 seconds [static and dynamic dependencies]. Details - ImportResultOutputID=db5b2b706b543a6a2f8d2dfd125e847b DependenciesID=9ef1512970851e7fc6b73d44e9246f7a StaticDependenciesID=cc7a6ee0020ed02c66fca3f4df1758c7 
Number of updated asset objects reloaded before import = 0
Number of asset objects unloaded after import = 1
========================================================================
Received Import Request.
  Time of request: 2026-08-21T17:33:24.172463Z
  Time since last request: 0.0001529 seconds.
  importAddress: GUID: efa82a5fd775b99479c361771fb9e6d1 - Path: Packages/com.unity.render-pipelines.core/Runtime/GPUDriven/Components - Importer: ScriptedImporter/UnityEditor.QuickSearchModule:UnityEditor.Search:ASIAI0B
Importing 'GUID: efa82a5fd775b99479c361771fb9e6d1 - Path: Packages/com.unity.render-pipelines.core/Runtime/GPUDriven/Components - Importer: ScriptedImporter/UnityEditor.QuickSearchModule:UnityEditor.Search:ASIAI0B' with importer (ScriptedImporter : UnityEditor.QuickSearchModule:UnityEditor.Search:ASIAI0B)
Imported 'GUID: efa82a5fd775b99479c361771fb9e6d1' -> (Import Result ID: 'ba6f83c97782e909e94c2d6886a5c90c') in 0.015 seconds [static and dynamic dependencies]. Details - ImportResultOutputID=d325fe22690a1a6d70fd30176208e0ee DependenciesID=3183fcc65b0d8e10fe501b9acf3138d0 StaticDependenciesID=f53538db3815527bdac5e4d4ebaf1768 
Number of updated asset objects reloaded before import = 0
Number of asset objects unloaded after import = 1
========================================================================
Received Import Request.
  Time of request: 2026-08-21T17:33:24.2266632Z
  Time since last request: 0.0008332 seconds.
  importAddress: GUID: 2db76e4ad9537964994bd20263e1c379 - Path: Packages/com.unity.inputsystem/InputSystem/Editor/UITKAssetEditor/Views - Importer: ScriptedImporter/UnityEditor.QuickSearchModule:UnityEditor.Search:ASIAI0B
Importing 'GUID: 2db76e4ad9537964994bd20263e1c379 - Path: Packages/com.unity.inputsystem/InputSystem/Editor/UITKAssetEditor/Views - Importer: ScriptedImporter/UnityEditor.QuickSearchModule:UnityEditor.Search:ASIAI0B' with importer (ScriptedImporter : UnityEditor.QuickSearchModule:UnityEditor.Search:ASIAI0B)
Imported 'GUID: 2db76e4ad9537964994bd20263e1c379' -> (Import Result ID: '8de504b500ce355917885044a725ad55') in 0.025 seconds [static and dynamic dependencies]. Details - ImportResultOutputID=2ba9bfab823505a38518be0c2a6e023d DependenciesID=2ce64fd946da962a29a314504206d638 StaticDependenciesID=704c59b2657cfab59e9f5c2c9c4253ad 
Number of updated asset objects reloaded before import = 0
Number of asset objects unloaded after import = 1
========================================================================
Received Import Request.
  Time of request: 2026-08-21T17:33:24.3028689Z
  Time since last request: 0.0045873 seconds.
  importAddress: GUID: 995c08a3305ff9f0dab5e86f340bd9a7 - Path: Packages/com.unity.modules.androidjni - Importer: ScriptedImporter/UnityEditor.QuickSearchModule:UnityEditor.Search:ASIAI0B
Importing 'GUID: 995c08a3305ff9f0dab5e86f340bd9a7 - Path: Packages/com.unity.modules.androidjni - Importer: ScriptedImporter/UnityEditor.QuickSearchModule:UnityEditor.Search:ASIAI0B' with importer (ScriptedImporter : UnityEditor.QuickSearchModule:UnityEditor.Search:ASIAI0B)
Imported 'GUID: 995c08a3305ff9f0dab5e86f340bd9a7' -> (Import Result ID: 'f5e9caa2d5758ba000e6bdfaddb8ff55') in 0.010 seconds [static and dynamic dependencies]. Details - ImportResultOutputID=74e5f09b53d5472b488ab4fa5419c547 DependenciesID=61cfa926797a881801f9d65d4314d7f8 StaticDependenciesID=f25aa13de937113564689ca65791cc49 
Number of updated asset objects reloaded before import = 0
Number of asset objects unloaded after import = 1
========================================================================
Received Import Request.
  Time of request: 2026-08-21T17:33:24.3397083Z
  Time since last request: 0.0000513 seconds.
  importAddress: GUID: 3c1cec640b7a44f4da637caef9ec1727 - Path: Packages/com.unity.collab-proxy/Lib/Editor/TextMateSharp - Importer: ScriptedImporter/UnityEditor.QuickSearchModule:UnityEditor.Search:ASIAI0B
Importing 'GUID: 3c1cec640b7a44f4da637caef9ec1727 - Path: Packages/com.unity.collab-proxy/Lib/Editor/TextMateSharp - Importer: ScriptedImporter/UnityEditor.QuickSearchModule:UnityEditor.Search:ASIAI0B' with importer (ScriptedImporter : UnityEditor.QuickSearchModule:UnityEditor.Search:ASIAI0B)
Imported 'GUID: 3c1cec640b7a44f4da637caef9ec1727' -> (Import Result ID: '709691ccce2f92be77ca8d8de4c45e51') in 0.014 seconds [static and dynamic dependencies]. Details - ImportResultOutputID=671181db2ad76e8903bfd43dde0b85b6 DependenciesID=8efdbf29f8c6a14eb18fe5974eb8bfde StaticDependenciesID=0a7bb76708c92066b364dc77a53928da 
Number of updated asset objects reloaded before import = 0
Number of asset objects unloaded after import = 1
========================================================================
Received Import Request.
  Time of request: 2026-08-21T17:33:24.3778902Z
  Time since last request: 0.000411 seconds.
  importAddress: GUID: cfd47b21b6c654315bf28318c87beb98 - Path: Packages/com.unity.inputsystem/InputSystem/Editor/Actions/Composites - Importer: ScriptedImporter/UnityEditor.QuickSearchModule:UnityEditor.Search:ASIAI0B
Importing 'GUID: cfd47b21b6c654315bf28318c87beb98 - Path: Packages/com.unity.inputsystem/InputSystem/Editor/Actions/Composites - Importer: ScriptedImporter/UnityEditor.QuickSearchModule:UnityEditor.Search:ASIAI0B' with importer (ScriptedImporter : UnityEditor.QuickSearchModule:UnityEditor.Search:ASIAI0B)
Imported 'GUID: cfd47b21b6c654315bf28318c87beb98' -> (Import Result ID: '1135b9323c897fd31242b2f5bc7b6b58') in 0.024 seconds [static and dynamic dependencies]. Details - ImportResultOutputID=adb44dedbdbb225193adbb68df628519 DependenciesID=abda8e494952c088b7e50169a223337f StaticDependenciesID=2253fb734431d508a6f9d743ee903eea 
Number of updated asset objects reloaded before import = 0
Number of asset objects unloaded after import = 1
========================================================================
Received Import Request.
  Time of request: 2026-08-21T17:33:24.4280864Z
  Time since last request: 0.0008916 seconds.
  importAddress: GUID: e884f28c0a6994a81a9ed31ab1163144 - Path: Packages/com.unity.visualscripting/Editor/VisualScripting.Core/Utilities - Importer: ScriptedImporter/UnityEditor.QuickSearchModule:UnityEditor.Search:ASIAI0B
Importing 'GUID: e884f28c0a6994a81a9ed31ab1163144 - Path: Packages/com.unity.visualscripting/Editor/VisualScripting.Core/Utilities - Importer: ScriptedImporter/UnityEditor.QuickSearchModule:UnityEditor.Search:ASIAI0B' with importer (ScriptedImporter : UnityEditor.QuickSearchModule:UnityEditor.Search:ASIAI0B)
Imported 'GUID: e884f28c0a6994a81a9ed31ab1163144' -> (Import Result ID: '86c6791750155a3313c9ea7bd219936d') in 0.017 seconds [static and dynamic dependencies]. Details - ImportResultOutputID=7ceed7f65974ec34fee8cef56c44e11f DependenciesID=4f39786b5497da0e5af90c874ba4b6a3 StaticDependenciesID=e932928b858ca79a5fadb6466b8ce753 
Number of updated asset objects reloaded before import = 0
Number of asset objects unloaded after import = 1
========================================================================
Received Import Request.
  Time of request: 2026-08-21T17:33:24.4950972Z
  Time since last request: 0.0012799 seconds.
  importAddress: GUID: 69dd334ee54c747c38b3317d02c3967a - Path: Packages/com.unity.inputsystem/InputSystem/Runtime/Plugins/UI - Importer: ScriptedImporter/UnityEditor.QuickSearchModule:UnityEditor.Search:ASIAI0B
Importing 'GUID: 69dd334ee54c747c38b3317d02c3967a - Path: Packages/com.unity.inputsystem/InputSystem/Runtime/Plugins/UI - Importer: ScriptedImporter/UnityEditor.QuickSearchModule:UnityEditor.Search:ASIAI0B' with importer (ScriptedImporter : UnityEditor.QuickSearchModule:UnityEditor.Search:ASIAI0B)
Imported 'GUID: 69dd334ee54c747c38b3317d02c3967a' -> (Import Result ID: '077e7ee9ec4d85705466f5cb0bc9db89') in 0.021 seconds [static and dynamic dependencies]. Details - ImportResultOutputID=a8400462dae888c6a1e989f3c302955f DependenciesID=69a39ea587f2b4c04f18f07780604900 StaticDependenciesID=aaa7c774df3a7b4a57134c04a1899caf 
Number of updated asset objects reloaded before import = 0
Number of asset objects unloaded after import = 1
========================================================================
Received Import Request.
  Time of request: 2026-08-21T17:33:24.5406376Z
  Time since last request: 0.0009861 seconds.
  importAddress: GUID: c189b798c1d4842fcb189cf619033d39 - Path: Packages/com.unity.inputsystem/InputSystem/Editor/Settings - Importer: ScriptedImporter/UnityEditor.QuickSearchModule:UnityEditor.Search:ASIAI0B
Importing 'GUID: c189b798c1d4842fcb189cf619033d39 - Path: Packages/com.unity.inputsystem/InputSystem/Editor/Settings - Importer: ScriptedImporter/UnityEditor.QuickSearchModule:UnityEditor.Search:ASIAI0B' with importer (ScriptedImporter : UnityEditor.QuickSearchModule:UnityEditor.Search:ASIAI0B)
Imported 'GUID: c189b798c1d4842fcb189cf619033d39' -> (Import Result ID: '49c50ba7e73924fbde5ff2fc489d89d2') in 0.015 seconds [static and dynamic dependencies]. Details - ImportResultOutputID=132c39eeeb61e141a252ce69f6b6ef2a DependenciesID=617b0097ae94a19acba1ea740ec3387d StaticDependenciesID=b0ae1d71d7a0e665c17e5f0eb27e3fe6 
Number of updated asset objects reloaded before import = 0
Number of asset objects unloaded after import = 1
========================================================================
Received Import Request.
  Time of request: 2026-08-21T17:33:24.5888277Z
  Time since last request: 0.0006545 seconds.
  importAddress: GUID: 05f6cde15dbb7bb48b377d0310898c96 - Path: Packages/com.unity.render-pipelines.core/Editor/Icons/MipLevels - Importer: ScriptedImporter/UnityEditor.QuickSearchModule:UnityEditor.Search:ASIAI0B
Importing 'GUID: 05f6cde15dbb7bb48b377d0310898c96 - Path: Packages/com.unity.render-pipelines.core/Editor/Icons/MipLevels - Importer: ScriptedImporter/UnityEditor.QuickSearchModule:UnityEditor.Search:ASIAI0B' with importer (ScriptedImporter : UnityEditor.QuickSearchModule:UnityEditor.Search:ASIAI0B)
Imported 'GUID: 05f6cde15dbb7bb48b377d0310898c96' -> (Import Result ID: 'daa068a2ef289b7d080ab0e45caeb132') in 0.013 seconds [static and dynamic dependencies]. Details - ImportResultOutputID=7b278d10ccf7fa5362bbeb214479b2dc DependenciesID=2785913eb5102314e77cc8a354a35c98 StaticDependenciesID=1b3f0f90a2778b155ffccb2e81763c96 
Number of updated asset objects reloaded before import = 0
Number of asset objects unloaded after import = 1
========================================================================
Received Import Request.
  Time of request: 2026-08-21T17:33:24.6490219Z
  Time since last request: 0.0018109 seconds.
  importAddress: GUID: 5d86e2182c6227d4e924cc530d4ffc62 - Path: Packages/com.unity.render-pipelines.core/Runtime/STP - Importer: ScriptedImporter/UnityEditor.QuickSearchModule:UnityEditor.Search:ASIAI0B
Importing 'GUID: 5d86e2182c6227d4e924cc530d4ffc62 - Path: Packages/com.unity.render-pipelines.core/Runtime/STP - Importer: ScriptedImporter/UnityEditor.QuickSearchModule:UnityEditor.Search:ASIAI0B' with importer (ScriptedImporter : UnityEditor.QuickSearchModule:UnityEditor.Search:ASIAI0B)
Imported 'GUID: 5d86e2182c6227d4e924cc530d4ffc62' -> (Import Result ID: '969a9fc5161fec71d5f0f781619f2f6f') in 0.011 seconds [static and dynamic dependencies]. Details - ImportResultOutputID=c341352fdf9e7364fc90e8badfb98066 DependenciesID=37c99ca4b7c3771c2e6a5617aea7d6bc StaticDependenciesID=9b79bfe12e6e509362900eddb9f193c6 
Number of updated asset objects reloaded before import = 0
Number of asset objects unloaded after import = 1
========================================================================
Received Import Request.
  Time of request: 2026-08-21T17:33:24.6932837Z
  Time since last request: 0.0007268 seconds.
  importAddress: GUID: f9e0abec186274f4f8a49394c1fef24b - Path: Packages/com.unity.render-pipelines.core/Editor/BuildProcessors/SettingsStrippers - Importer: ScriptedImporter/UnityEditor.QuickSearchModule:UnityEditor.Search:ASIAI0B
Importing 'GUID: f9e0abec186274f4f8a49394c1fef24b - Path: Packages/com.unity.render-pipelines.core/Editor/BuildProcessors/SettingsStrippers - Importer: ScriptedImporter/UnityEditor.QuickSearchModule:UnityEditor.Search:ASIAI0B' with importer (ScriptedImporter : UnityEditor.QuickSearchModule:UnityEditor.Search:ASIAI0B)
Imported 'GUID: f9e0abec186274f4f8a49394c1fef24b' -> (Import Result ID: 'c8120c3b13f88b5b7e62990a035bf50e') in 0.013 seconds [static and dynamic dependencies]. Details - ImportResultOutputID=4e7ccca4cd58188906920eded4f5634c DependenciesID=1e06c0a9181da876614490c81c3248ba StaticDependenciesID=5b5badfb1113f77a357eab8092d04311 
Number of updated asset objects reloaded before import = 0
Number of asset objects unloaded after import = 1
========================================================================
Received Import Request.
  Time of request: 2026-08-21T17:33:24.7363504Z
  Time since last request: 0.001064 seconds.
  importAddress: GUID: 15c1d77e1b7aec14b8f1eb5a24156d60 - Path: Packages/com.unity.render-pipelines.universal/Editor/2D/Shadows - Importer: ScriptedImporter/UnityEditor.QuickSearchModule:UnityEditor.Search:ASIAI0B
Importing 'GUID: 15c1d77e1b7aec14b8f1eb5a24156d60 - Path: Packages/com.unity.render-pipelines.universal/Editor/2D/Shadows - Importer: ScriptedImporter/UnityEditor.QuickSearchModule:UnityEditor.Search:ASIAI0B' with importer (ScriptedImporter : UnityEditor.QuickSearchModule:UnityEditor.Search:ASIAI0B)
Imported 'GUID: 15c1d77e1b7aec14b8f1eb5a24156d60' -> (Import Result ID: 'b7452661ddc5bddc0f02fec06c92d24b') in 0.007 seconds [static and dynamic dependencies]. Details - ImportResultOutputID=ea3abd2aa35414807cea486a5a2549c7 DependenciesID=f9d50feec0da9d3ca5f39e304e19d5ec StaticDependenciesID=476f157bb82c7a6efcc223dbe43bc1c9 
Number of updated asset objects reloaded before import = 0
Number of asset objects unloaded after import = 1
========================================================================
Received Import Request.
  Time of request: 2026-08-21T17:33:24.7961345Z
  Time since last request: 0.0279087 seconds.
  importAddress: GUID: 9d816a6ab06c6834480f5f45f440e287 - Path: Packages/com.unity.timeline/Editor/treeview/ItemGui - Importer: ScriptedImporter/UnityEditor.QuickSearchModule:UnityEditor.Search:ASIAI0B
Importing 'GUID: 9d816a6ab06c6834480f5f45f440e287 - Path: Packages/com.unity.timeline/Editor/treeview/ItemGui - Importer: ScriptedImporter/UnityEditor.QuickSearchModule:UnityEditor.Search:ASIAI0B' with importer (ScriptedImporter : UnityEditor.QuickSearchModule:UnityEditor.Search:ASIAI0B)
Imported 'GUID: 9d816a6ab06c6834480f5f45f440e287' -> (Import Result ID: 'be1b980b6d4b633be62a70e946677707') in 0.007 seconds [static and dynamic dependencies]. Details - ImportResultOutputID=5de0c6f3c612ed4e46ac05abefb2f06e DependenciesID=b6f589fbbf0e5e91c3d9395bd45d2378 StaticDependenciesID=ccaec08e1e2c6d64c89d7b80b856d8ca 
Number of updated asset objects reloaded before import = 0
Number of asset objects unloaded after import = 1
========================================================================
Received Import Request.
  Time of request: 2026-08-21T17:33:24.8170158Z
  Time since last request: 0.0008214 seconds.
  importAddress: GUID: 95f85adeda79e994f011eb2152cf4fc9 - Path: Packages/com.unity.modules.terrainphysics - Importer: ScriptedImporter/UnityEditor.QuickSearchModule:UnityEditor.Search:ASIAI0B
Importing 'GUID: 95f85adeda79e994f011eb2152cf4fc9 - Path: Packages/com.unity.modules.terrainphysics - Importer: ScriptedImporter/UnityEditor.QuickSearchModule:UnityEditor.Search:ASIAI0B' with importer (ScriptedImporter : UnityEditor.QuickSearchModule:UnityEditor.Search:ASIAI0B)
Imported 'GUID: 95f85adeda79e994f011eb2152cf4fc9' -> (Import Result ID: '861f311fba39eeccbf4fb817c458eecc') in 0.008 seconds [static and dynamic dependencies]. Details - ImportResultOutputID=1f90f7cdc1785944e5dc3879994a7e2d DependenciesID=c58c9aebfb80b9b78d53ef72722b2efe StaticDependenciesID=7c46ea0be2bef4c8d6f5e088e24c1901 
Number of updated asset objects reloaded before import = 0
Number of asset objects unloaded after import = 1
========================================================================
Received Import Request.
  Time of request: 2026-08-21T17:33:24.8511887Z
  Time since last request: 0.0014421 seconds.
  importAddress: GUID: 44979452441cd45d5a88ff530647528f - Path: Packages/com.unity.render-pipelines.universal/Editor/ShaderGUI/Shaders - Importer: ScriptedImporter/UnityEditor.QuickSearchModule:UnityEditor.Search:ASIAI0B
Importing 'GUID: 44979452441cd45d5a88ff530647528f - Path: Packages/com.unity.render-pipelines.universal/Editor/ShaderGUI/Shaders - Importer: ScriptedImporter/UnityEditor.QuickSearchModule:UnityEditor.Search:ASIAI0B' with importer (ScriptedImporter : UnityEditor.QuickSearchModule:UnityEditor.Search:ASIAI0B)
Imported 'GUID: 44979452441cd45d5a88ff530647528f' -> (Import Result ID: '318e1055a2784a4cdec2a7a7a415e56f') in 0.011 seconds [static and dynamic dependencies]. Details - ImportResultOutputID=aadc103750568973d134c12a1fc3d3f3 DependenciesID=4729e44496f4b3247d5b165836a287d2 StaticDependenciesID=52a047fd2bea616c7791cf377665553a 
Number of updated asset objects reloaded before import = 0
Number of asset objects unloaded after import = 1
========================================================================
Received Import Request.
  Time of request: 2026-08-21T17:33:24.8880793Z
  Time since last request: 0.003693 seconds.
  importAddress: GUID: 0c9e6fa111057499c9ed2c22d2c00f95 - Path: Packages/com.unity.collab-proxy/Editor/Diff/Asset/Content/Meta - Importer: ScriptedImporter/UnityEditor.QuickSearchModule:UnityEditor.Search:ASIAI0B
Importing 'GUID: 0c9e6fa111057499c9ed2c22d2c00f95 - Path: Packages/com.unity.collab-proxy/Editor/Diff/Asset/Content/Meta - Importer: ScriptedImporter/UnityEditor.QuickSearchModule:UnityEditor.Search:ASIAI0B' with importer (ScriptedImporter : UnityEditor.QuickSearchModule:UnityEditor.Search:ASIAI0B)
Imported 'GUID: 0c9e6fa111057499c9ed2c22d2c00f95' -> (Import Result ID: '7d31d8e1b253b1524d78fa667cee68c6') in 0.012 seconds [static and dynamic dependencies]. Details - ImportResultOutputID=309a14ac4bdd3e8fb4ebbcad46e5c678 DependenciesID=3775c5e527a50a472565d1e95e9578be StaticDependenciesID=97259819864a2aea8ae11ce5f8ca69d9 
Number of updated asset objects reloaded before import = 0
Number of asset objects unloaded after import = 1
========================================================================
Received Import Request.
  Time of request: 2026-08-21T17:33:24.9244619Z
  Time since last request: 0.000687 seconds.
  importAddress: GUID: f4b1813934e615b42844120c2aeb9c85 - Path: Assets/Scenes - Importer: ScriptedImporter/UnityEditor.QuickSearchModule:UnityEditor.Search:ASIAI0B
Importing 'GUID: f4b1813934e615b42844120c2aeb9c85 - Path: Assets/Scenes - Importer: ScriptedImporter/UnityEditor.QuickSearchModule:UnityEditor.Search:ASIAI0B' with importer (ScriptedImporter : UnityEditor.QuickSearchModule:UnityEditor.Search:ASIAI0B)
Imported 'GUID: f4b1813934e615b42844120c2aeb9c85' -> (Import Result ID: 'dd8493273e43334e4ae709dcea50c802') in 0.014 seconds [static and dynamic dependencies]. Details - ImportResultOutputID=97bb78e7086b0ef9cd82c3e53d93d043 DependenciesID=9abe772cb68933828dc30d623d51895c StaticDependenciesID=c9bc5b17c2a7c0dd992da29f86810d89 
Number of updated asset objects reloaded before import = 0
Number of asset objects unloaded after import = 1
========================================================================
Received Import Request.
  Time of request: 2026-08-21T17:33:24.9652134Z
  Time since last request: 0.0015731 seconds.
  importAddress: GUID: 7b2b4aac3415145888e9c580fb869826 - Path: Packages/com.unity.collab-proxy/Editor/Diff/Asset/Content/Search - Importer: ScriptedImporter/UnityEditor.QuickSearchModule:UnityEditor.Search:ASIAI0B
Importing 'GUID: 7b2b4aac3415145888e9c580fb869826 - Path: Packages/com.unity.collab-proxy/Editor/Diff/Asset/Content/Search - Importer: ScriptedImporter/UnityEditor.QuickSearchModule:UnityEditor.Search:ASIAI0B' with importer (ScriptedImporter : UnityEditor.QuickSearchModule:UnityEditor.Search:ASIAI0B)
Imported 'GUID: 7b2b4aac3415145888e9c580fb869826' -> (Import Result ID: 'b723924b2d6b610bf1970c0c309c5e0f') in 0.009 seconds [static and dynamic dependencies]. Details - ImportResultOutputID=e5c6a89b855d2c2fd4b3b083de2ff19d DependenciesID=89e40d198bdbd071872ceac91497f60d StaticDependenciesID=e853891e39dc67a8058df2ad7a5c9e81 
Number of updated asset objects reloaded before import = 0
Number of asset objects unloaded after import = 1
========================================================================
Received Import Request.
  Time of request: 2026-08-21T17:33:24.9973644Z
  Time since last request: 0.0032109 seconds.
  importAddress: GUID: c1bc9b92d5eaa40f8a85c1f48ba87de9 - Path: Packages/com.unity.shadergraph/ShaderGraphLibrary - Importer: ScriptedImporter/UnityEditor.QuickSearchModule:UnityEditor.Search:ASIAI0B
Importing 'GUID: c1bc9b92d5eaa40f8a85c1f48ba87de9 - Path: Packages/com.unity.shadergraph/ShaderGraphLibrary - Importer: ScriptedImporter/UnityEditor.QuickSearchModule:UnityEditor.Search:ASIAI0B' with importer (ScriptedImporter : UnityEditor.QuickSearchModule:UnityEditor.Search:ASIAI0B)
Imported 'GUID: c1bc9b92d5eaa40f8a85c1f48ba87de9' -> (Import Result ID: '120a3998d10a7f88905d397bc97d0b03') in 0.009 seconds [static and dynamic dependencies]. Details - ImportResultOutputID=3509b558a25046f9f031184f40ab2522 DependenciesID=feaee428c4cb6a9f1b06d69ecf6658a6 StaticDependenciesID=cc37887826ee292707038d7ecd42e5f6 
Number of updated asset objects reloaded before import = 0
Number of asset objects unloaded after import = 1
========================================================================
Received Import Request.
  Time of request: 2026-08-21T17:33:25.024163Z
  Time since last request: 0.002432 seconds.
  importAddress: GUID: b1b1a4fb9c392ef49acffada0059f01e - Path: Packages/com.unity.shadergraph/Editor/Drawing/Controllers - Importer: ScriptedImporter/UnityEditor.QuickSearchModule:UnityEditor.Search:ASIAI0B
Importing 'GUID: b1b1a4fb9c392ef49acffada0059f01e - Path: Packages/com.unity.shadergraph/Editor/Drawing/Controllers - Importer: ScriptedImporter/UnityEditor.QuickSearchModule:UnityEditor.Search:ASIAI0B' with importer (ScriptedImporter : UnityEditor.QuickSearchModule:UnityEditor.Search:ASIAI0B)
Imported 'GUID: b1b1a4fb9c392ef49acffada0059f01e' -> (Import Result ID: 'ebb20be118ec94481330fb8748225169') in 0.009 seconds [static and dynamic dependencies]. Details - ImportResultOutputID=6d90f7abd053c807c80524fa401ddf5f DependenciesID=13b61781642ad42051c109d30f78531b StaticDependenciesID=87869772428b89be59a7cedd8afba4ad 
Number of updated asset objects reloaded before import = 0
Number of asset objects unloaded after import = 1
========================================================================
Received Import Request.
  Time of request: 2026-08-21T17:33:25.0512554Z
  Time since last request: 0.0009682 seconds.
  importAddress: GUID: 3d453576028bb344db0d59db893bf3a6 - Path: Packages/com.unity.timeline/Editor/treeview/TrackGui - Importer: ScriptedImporter/UnityEditor.QuickSearchModule:UnityEditor.Search:ASIAI0B
Importing 'GUID: 3d453576028bb344db0d59db893bf3a6 - Path: Packages/com.unity.timeline/Editor/treeview/TrackGui - Importer: ScriptedImporter/UnityEditor.QuickSearchModule:UnityEditor.Search:ASIAI0B' with importer (ScriptedImporter : UnityEditor.QuickSearchModule:UnityEditor.Search:ASIAI0B)
Imported 'GUID: 3d453576028bb344db0d59db893bf3a6' -> (Import Result ID: '415fda6755184e550c6da6bada7b57eb') in 0.009 seconds [static and dynamic dependencies]. Details - ImportResultOutputID=a466e94ba04f2b4a68aaef74533d1152 DependenciesID=1d4018dce6f270f68020258dafcbc61c StaticDependenciesID=a72c1b14d7a2ae33bcdf62e3a4966be8 
Number of updated asset objects reloaded before import = 0
Number of asset objects unloaded after import = 1
========================================================================
Received Import Request.
  Time of request: 2026-08-21T17:33:25.0813741Z
  Time since last request: 0.0013562 seconds.
  importAddress: GUID: 7380bdb10911e46088c418ce65f7f297 - Path: Packages/com.unity.visualscripting/Runtime/VisualScripting.Core/Utilities - Importer: ScriptedImporter/UnityEditor.QuickSearchModule:UnityEditor.Search:ASIAI0B
Importing 'GUID: 7380bdb10911e46088c418ce65f7f297 - Path: Packages/com.unity.visualscripting/Runtime/VisualScripting.Core/Utilities - Importer: ScriptedImporter/UnityEditor.QuickSearchModule:UnityEditor.Search:ASIAI0B' with importer (ScriptedImporter : UnityEditor.QuickSearchModule:UnityEditor.Search:ASIAI0B)
Imported 'GUID: 7380bdb10911e46088c418ce65f7f297' -> (Import Result ID: '5a47dde6aa165bf5ce83df0baaae82c3') in 0.007 seconds [static and dynamic dependencies]. Details - ImportResultOutputID=9e92a30eb722403fc3914f52e5422402 DependenciesID=31aca79e529e06b56028b419d98a44ba StaticDependenciesID=82230d8aaf4d4b7bd249a544645615f9 
Number of updated asset objects reloaded before import = 0
Number of asset objects unloaded after import = 1
========================================================================
Received Import Request.
  Time of request: 2026-08-21T17:33:25.1117223Z
  Time since last request: 0.0011904 seconds.
  importAddress: GUID: 2d428e2ad3bcf4344a7b4d4c8a2daa1a - Path: Packages/com.unity.render-pipelines.universal/Tests/Editor/URPGlobalSettingsMigrationTests - Importer: ScriptedImporter/UnityEditor.QuickSearchModule:UnityEditor.Search:ASIAI0B
Importing 'GUID: 2d428e2ad3bcf4344a7b4d4c8a2daa1a - Path: Packages/com.unity.render-pipelines.universal/Tests/Editor/URPGlobalSettingsMigrationTests - Importer: ScriptedImporter/UnityEditor.QuickSearchModule:UnityEditor.Search:ASIAI0B' with importer (ScriptedImporter : UnityEditor.QuickSearchModule:UnityEditor.Search:ASIAI0B)
Imported 'GUID: 2d428e2ad3bcf4344a7b4d4c8a2daa1a' -> (Import Result ID: 'dca874eb5a208cc8f33c7ea8bbbd4735') in 0.008 seconds [static and dynamic dependencies]. Details - ImportResultOutputID=1fac96172c9fa214a5989af8e2e84ee4 DependenciesID=e1cdd343b84ad74c08250dee1e72b700 StaticDependenciesID=a8b10d3067efb26b971889b0c6b75e16 
Number of updated asset objects reloaded before import = 0
Number of asset objects unloaded after import = 1
========================================================================
Received Import Request.
  Time of request: 2026-08-21T17:33:25.1394398Z
  Time since last request: 0.0012777 seconds.
  importAddress: GUID: 9f4aa226a5594efa99614cb0158c2f59 - Path: Packages/com.unity.render-pipelines.universal/ShaderLibrary/Debug - Importer: ScriptedImporter/UnityEditor.QuickSearchModule:UnityEditor.Search:ASIAI0B
Importing 'GUID: 9f4aa226a5594efa99614cb0158c2f59 - Path: Packages/com.unity.render-pipelines.universal/ShaderLibrary/Debug - Importer: ScriptedImporter/UnityEditor.QuickSearchModule:UnityEditor.Search:ASIAI0B' with importer (ScriptedImporter : UnityEditor.QuickSearchModule:UnityEditor.Search:ASIAI0B)
Imported 'GUID: 9f4aa226a5594efa99614cb0158c2f59' -> (Import Result ID: '8ebd548ffd774c8d4a4889614cee62a5') in 0.008 seconds [static and dynamic dependencies]. Details - ImportResultOutputID=436e7bf677d334d80d1ee64cc9bab3ae DependenciesID=47d1b9eb15babe284f1c70a21b5eaff0 StaticDependenciesID=ff833f4c6fc87a72bc6c76bbdeefb841 
Number of updated asset objects reloaded before import = 0
Number of asset objects unloaded after import = 1
========================================================================
Received Import Request.
  Time of request: 2026-08-21T17:33:25.165049Z
  Time since last request: 0.0010985 seconds.
  importAddress: GUID: 25ea971cc17caa84a8a2fdf9917af7b4 - Path: Packages/com.unity.inputsystem/InputSystem/Runtime/Plugins/XR/Controls - Importer: ScriptedImporter/UnityEditor.QuickSearchModule:UnityEditor.Search:ASIAI0B
Importing 'GUID: 25ea971cc17caa84a8a2fdf9917af7b4 - Path: Packages/com.unity.inputsystem/InputSystem/Runtime/Plugins/XR/Controls - Importer: ScriptedImporter/UnityEditor.QuickSearchModule:UnityEditor.Search:ASIAI0B' with importer (ScriptedImporter : UnityEditor.QuickSearchModule:UnityEditor.Search:ASIAI0B)
Imported 'GUID: 25ea971cc17caa84a8a2fdf9917af7b4' -> (Import Result ID: '8fa9b1e34ddbad7593f909014621fbd6') in 0.010 seconds [static and dynamic dependencies]. Details - ImportResultOutputID=a66b5035ee007f788672745de8f4e7a2 DependenciesID=4e39b1136d7afd6ba8e64adcf371a309 StaticDependenciesID=80b5b6e59b47687846e3098d0e9c17a0 
Number of updated asset objects reloaded before import = 0
Number of asset objects unloaded after import = 1
========================================================================
Received Import Request.
  Time of request: 2026-08-21T17:33:25.1976309Z
  Time since last request: 0.0005097 seconds.
  importAddress: GUID: e74e11761cab2b446b96ce63e2d657b3 - Path: Packages/com.unity.shadergraph/Editor/Data/Nodes/Procedural - Importer: ScriptedImporter/UnityEditor.QuickSearchModule:UnityEditor.Search:ASIAI0B
Importing 'GUID: e74e11761cab2b446b96ce63e2d657b3 - Path: Packages/com.unity.shadergraph/Editor/Data/Nodes/Procedural - Importer: ScriptedImporter/UnityEditor.QuickSearchModule:UnityEditor.Search:ASIAI0B' with importer (ScriptedImporter : UnityEditor.QuickSearchModule:UnityEditor.Search:ASIAI0B)
Imported 'GUID: e74e11761cab2b446b96ce63e2d657b3' -> (Import Result ID: '64f8281c0e65fec846be5bd8a5eadf6a') in 0.011 seconds [static and dynamic dependencies]. Details - ImportResultOutputID=13d7e9cdda0e19d41b6332c0d7c378bb DependenciesID=8c3459727c0bba637578d452464a6c66 StaticDependenciesID=e2d9691122c579203f05da47a177864e 
Number of updated asset objects reloaded before import = 0
Number of asset objects unloaded after import = 1
========================================================================
Received Import Request.
  Time of request: 2026-08-21T17:33:25.2290612Z
  Time since last request: 0.0012543 seconds.
  importAddress: GUID: f8730045d7da0f84cb11c0d868899577 - Path: Packages/com.unity.timeline/Runtime/Utilities - Importer: ScriptedImporter/UnityEditor.QuickSearchModule:UnityEditor.Search:ASIAI0B
Importing 'GUID: f8730045d7da0f84cb11c0d868899577 - Path: Packages/com.unity.timeline/Runtime/Utilities - Importer: ScriptedImporter/UnityEditor.QuickSearchModule:UnityEditor.Search:ASIAI0B' with importer (ScriptedImporter : UnityEditor.QuickSearchModule:UnityEditor.Search:ASIAI0B)
Imported 'GUID: f8730045d7da0f84cb11c0d868899577' -> (Import Result ID: '4cdf6fc1449e4ba62c2f6bc6eba3d187') in 0.007 seconds [static and dynamic dependencies]. Details - ImportResultOutputID=d8da35dc3b3a0382a556add9bf1d3eee DependenciesID=f24a14648f34ddca730718f96ac12bbc StaticDependenciesID=7f4e0b9c51cb9de5fa4a3e1f5192a53d 
Number of updated asset objects reloaded before import = 0
Number of asset objects unloaded after import = 1
========================================================================
Received Import Request.
  Time of request: 2026-08-21T17:33:25.2632734Z
  Time since last request: 0.0009948 seconds.
  importAddress: GUID: aadf028af331ea641b01fdf6c4089315 - Path: Packages/com.unity.render-pipelines.core/Editor-PrivateShared/Tools/Converter/ReadonlyMaterialConverter - Importer: ScriptedImporter/UnityEditor.QuickSearchModule:UnityEditor.Search:ASIAI0B
Importing 'GUID: aadf028af331ea641b01fdf6c4089315 - Path: Packages/com.unity.render-pipelines.core/Editor-PrivateShared/Tools/Converter/ReadonlyMaterialConverter - Importer: ScriptedImporter/UnityEditor.QuickSearchModule:UnityEditor.Search:ASIAI0B' with importer (ScriptedImporter : UnityEditor.QuickSearchModule:UnityEditor.Search:ASIAI0B)
Imported 'GUID: aadf028af331ea641b01fdf6c4089315' -> (Import Result ID: '6432e10057dae0f6d4c6c996a2a2c548') in 0.013 seconds [static and dynamic dependencies]. Details - ImportResultOutputID=6b7dc2cb698a794571e13d3281d51533 DependenciesID=8d71008cdae6aeb5519f276939caf264 StaticDependenciesID=738dea6ccfb987fd99aec156593446c3 
Number of updated asset objects reloaded before import = 0
Number of asset objects unloaded after import = 1
========================================================================
Received Import Request.
  Time of request: 2026-08-21T17:33:25.3052113Z
  Time since last request: 0.0028461 seconds.
  importAddress: GUID: 2d9b6ff056b6f484ba6500aa8e06bcf3 - Path: Packages/com.unity.ugui/Tests/Runtime/UGUI/LayoutGroup - Importer: ScriptedImporter/UnityEditor.QuickSearchModule:UnityEditor.Search:ASIAI0B
Importing 'GUID: 2d9b6ff056b6f484ba6500aa8e06bcf3 - Path: Packages/com.unity.ugui/Tests/Runtime/UGUI/LayoutGroup - Importer: ScriptedImporter/UnityEditor.QuickSearchModule:UnityEditor.Search:ASIAI0B' with importer (ScriptedImporter : UnityEditor.QuickSearchModule:UnityEditor.Search:ASIAI0B)
Imported 'GUID: 2d9b6ff056b6f484ba6500aa8e06bcf3' -> (Import Result ID: '960baff6198711a73cbd07fd0695f0c7') in 0.011 seconds [static and dynamic dependencies]. Details - ImportResultOutputID=cb7442affddcf9d6f2c8e26ad1b3f7ec DependenciesID=f4c97f5353b0e274131eabbc4955628a StaticDependenciesID=f683c9172a8ef8abb10606b1ced35caf 
Number of updated asset objects reloaded before import = 0
Number of asset objects unloaded after import = 1
========================================================================
Received Import Request.
  Time of request: 2026-08-21T17:33:25.3377682Z
  Time since last request: 0.0008272 seconds.
  importAddress: GUID: e58bd4f13d26cde488393d3a2e9bf9cd - Path: Packages/com.unity.render-pipelines.core/Runtime/Common - Importer: ScriptedImporter/UnityEditor.QuickSearchModule:UnityEditor.Search:ASIAI0B
Importing 'GUID: e58bd4f13d26cde488393d3a2e9bf9cd - Path: Packages/com.unity.render-pipelines.core/Runtime/Common - Importer: ScriptedImporter/UnityEditor.QuickSearchModule:UnityEditor.Search:ASIAI0B' with importer (ScriptedImporter : UnityEditor.QuickSearchModule:UnityEditor.Search:ASIAI0B)
Imported 'GUID: e58bd4f13d26cde488393d3a2e9bf9cd' -> (Import Result ID: '2a44fad8c95c0226b3092a9083485836') in 0.008 seconds [static and dynamic dependencies]. Details - ImportResultOutputID=8e37a4a5c8355a0c5ee0438a22480864 DependenciesID=5ea5a4a53a7330099a877e052ad0ff19 StaticDependenciesID=42fa130481b1445e5738ebfc14217d3a 
Number of updated asset objects reloaded before import = 0
Number of asset objects unloaded after import = 1
========================================================================
Received Import Request.
  Time of request: 2026-08-21T17:33:25.3627921Z
  Time since last request: 0.0007705 seconds.
  importAddress: GUID: 88ecf69fcba30494db90ac4b8ef6bdcd - Path: Packages/com.unity.render-pipelines.universal/Editor/Settings - Importer: ScriptedImporter/UnityEditor.QuickSearchModule:UnityEditor.Search:ASIAI0B
Importing 'GUID: 88ecf69fcba30494db90ac4b8ef6bdcd - Path: Packages/com.unity.render-pipelines.universal/Editor/Settings - Importer: ScriptedImporter/UnityEditor.QuickSearchModule:UnityEditor.Search:ASIAI0B' with importer (ScriptedImporter : UnityEditor.QuickSearchModule:UnityEditor.Search:ASIAI0B)
Imported 'GUID: 88ecf69fcba30494db90ac4b8ef6bdcd' -> (Import Result ID: '01f3d6677b4928f7540d80fb94d2e42e') in 0.008 seconds [static and dynamic dependencies]. Details - ImportResultOutputID=8694fcfbb207cea208aad66a3721deb1 DependenciesID=e5f48a48f5b9b194354bea65c8d3a1ee StaticDependenciesID=8f8f5dfd5d2286573c05c7104cad7101 
Number of updated asset objects reloaded before import = 0
Number of asset objects unloaded after import = 1
========================================================================
Received Import Request.
  Time of request: 2026-08-21T17:33:25.3908786Z
  Time since last request: 0.0007908 seconds.
  importAddress: GUID: 80f811e405d64564b1c671c9813ea9a9 - Path: Packages/com.unity.shadergraph/Editor/Resources/GraphView - Importer: ScriptedImporter/UnityEditor.QuickSearchModule:UnityEditor.Search:ASIAI0B
Importing 'GUID: 80f811e405d64564b1c671c9813ea9a9 - Path: Packages/com.unity.shadergraph/Editor/Resources/GraphView - Importer: ScriptedImporter/UnityEditor.QuickSearchModule:UnityEditor.Search:ASIAI0B' with importer (ScriptedImporter : UnityEditor.QuickSearchModule:UnityEditor.Search:ASIAI0B)
Imported 'GUID: 80f811e405d64564b1c671c9813ea9a9' -> (Import Result ID: '082081ebc0fc655acf3cbced09f98dad') in 0.009 seconds [static and dynamic dependencies]. Details - ImportResultOutputID=3a1ef354408eacee3d537922c810953b DependenciesID=bd377a38bcfe2ea30e5a2af83fee78e5 StaticDependenciesID=b1d4878737efbd529db430595829b607 
Number of updated asset objects reloaded before import = 0
Number of asset objects unloaded after import = 1
========================================================================
Received Import Request.
  Time of request: 2026-08-21T17:33:25.4200528Z
  Time since last request: 0.0006485 seconds.
  importAddress: GUID: f68d0654b5ceb4a4b92e324b3d1a373c - Path: Packages/com.unity.render-pipelines.universal/Runtime/Decal/DBuffer - Importer: ScriptedImporter/UnityEditor.QuickSearchModule:UnityEditor.Search:ASIAI0B
Importing 'GUID: f68d0654b5ceb4a4b92e324b3d1a373c - Path: Packages/com.unity.render-pipelines.universal/Runtime/Decal/DBuffer - Importer: ScriptedImporter/UnityEditor.QuickSearchModule:UnityEditor.Search:ASIAI0B' with importer (ScriptedImporter : UnityEditor.QuickSearchModule:UnityEditor.Search:ASIAI0B)
Imported 'GUID: f68d0654b5ceb4a4b92e324b3d1a373c' -> (Import Result ID: 'f6b03e3bd6fa5463899204d9ccd3e70e') in 0.007 seconds [static and dynamic dependencies]. Details - ImportResultOutputID=5569111a08a65ba093aba857f617b0f8 DependenciesID=377a007c3fdfacf101cd7074edf94cfd StaticDependenciesID=8f95a23676a905d2b7f3d947255c1c52 
Number of updated asset objects reloaded before import = 0
Number of asset objects unloaded after import = 1
========================================================================
Received Import Request.
  Time of request: 2026-08-21T17:33:25.449419Z
  Time since last request: 0.0013497 seconds.
  importAddress: GUID: 7671b37f9da45644d8d1d917a2cf29d4 - Path: Packages/com.unity.render-pipelines.universal/Editor/SceneTemplates/Materials - Importer: ScriptedImporter/UnityEditor.QuickSearchModule:UnityEditor.Search:ASIAI0B
Importing 'GUID: 7671b37f9da45644d8d1d917a2cf29d4 - Path: Packages/com.unity.render-pipelines.universal/Editor/SceneTemplates/Materials - Importer: ScriptedImporter/UnityEditor.QuickSearchModule:UnityEditor.Search:ASIAI0B' with importer (ScriptedImporter : UnityEditor.QuickSearchModule:UnityEditor.Search:ASIAI0B)
Imported 'GUID: 7671b37f9da45644d8d1d917a2cf29d4' -> (Import Result ID: 'c7499d872ba25420a710f48492f67429') in 0.029 seconds [static and dynamic dependencies]. Details - ImportResultOutputID=f58300de2488df5f423bf4b104b1095f DependenciesID=36fa4d346f38ccea4a49bb2891079379 StaticDependenciesID=d1767fd9adacf61037096d956807ea9c 
Number of updated asset objects reloaded before import = 0
Number of asset objects unloaded after import = 1
========================================================================
Received Import Request.
  Time of request: 2026-08-21T17:33:25.5553185Z
  Time since last request: 0.062548 seconds.
  importAddress: GUID: 7ee3e4292258bf04fb2987ccf9ecf916 - Path: Packages/com.unity.collab-proxy/Editor/StatusBar - Importer: ScriptedImporter/UnityEditor.QuickSearchModule:UnityEditor.Search:ASIAI0B
Importing 'GUID: 7ee3e4292258bf04fb2987ccf9ecf916 - Path: Packages/com.unity.collab-proxy/Editor/StatusBar - Importer: ScriptedImporter/UnityEditor.QuickSearchModule:UnityEditor.Search:ASIAI0B' with importer (ScriptedImporter : UnityEditor.QuickSearchModule:UnityEditor.Search:ASIAI0B)
Imported 'GUID: 7ee3e4292258bf04fb2987ccf9ecf916' -> (Import Result ID: '85e59f10133f119f5fcb4fae2791bc18') in 0.017 seconds [static and dynamic dependencies]. Details - ImportResultOutputID=19825099289583e6ed7261e0006e18d2 DependenciesID=3c52832c5cae8e68d9849dfb343501bb StaticDependenciesID=5268e4e94a0ae2e47df434c116fa48ec 
Number of updated asset objects reloaded before import = 0
Number of asset objects unloaded after import = 1
========================================================================
Received Import Request.
  Time of request: 2026-08-21T17:33:25.602757Z
  Time since last request: 0.0001026 seconds.
  importAddress: GUID: fae3ac1997e164d1eba5fa5c417cbefd - Path: Packages/com.unity.ugui/Tests/Editor/UGUI - Importer: ScriptedImporter/UnityEditor.QuickSearchModule:UnityEditor.Search:ASIAI0B
Importing 'GUID: fae3ac1997e164d1eba5fa5c417cbefd - Path: Packages/com.unity.ugui/Tests/Editor/UGUI - Importer: ScriptedImporter/UnityEditor.QuickSearchModule:UnityEditor.Search:ASIAI0B' with importer (ScriptedImporter : UnityEditor.QuickSearchModule:UnityEditor.Search:ASIAI0B)
Imported 'GUID: fae3ac1997e164d1eba5fa5c417cbefd' -> (Import Result ID: '2f468157b4ef6baf3f84863e8f035284') in 0.013 seconds [static and dynamic dependencies]. Details - ImportResultOutputID=30956306d0404603b69fe21e8cf1b122 DependenciesID=40a8f381fde7edfaaf9126865ad39556 StaticDependenciesID=b3683fa53c037948eb807db15e4c85bb 
Number of updated asset objects reloaded before import = 0
Number of asset objects unloaded after import = 1
========================================================================
Received Import Request.
  Time of request: 2026-08-21T17:33:25.6508168Z
  Time since last request: 0.001916 seconds.
  importAddress: GUID: 336c58ff186c3f245a1e3353bd539093 - Path: Packages/com.unity.collections/Unity.Collections.PerformanceTests/Unity.PerformanceTesting.Benchmark - Importer: ScriptedImporter/UnityEditor.QuickSearchModule:UnityEditor.Search:ASIAI0B
Importing 'GUID: 336c58ff186c3f245a1e3353bd539093 - Path: Packages/com.unity.collections/Unity.Collections.PerformanceTests/Unity.PerformanceTesting.Benchmark - Importer: ScriptedImporter/UnityEditor.QuickSearchModule:UnityEditor.Search:ASIAI0B' with importer (ScriptedImporter : UnityEditor.QuickSearchModule:UnityEditor.Search:ASIAI0B)
Imported 'GUID: 336c58ff186c3f245a1e3353bd539093' -> (Import Result ID: 'da7974cccbd770c2b9dd5c1096650b76') in 0.021 seconds [static and dynamic dependencies]. Details - ImportResultOutputID=2c1df180fe4a75825e7e4947af17a7ed DependenciesID=f0c517be058edd4f7a8bf107ecab4898 StaticDependenciesID=e2b8999b6d22b5198ba36903a2803a02 
Number of updated asset objects reloaded before import = 0
Number of asset objects unloaded after import = 1
========================================================================
Received Import Request.
  Time of request: 2026-08-21T17:33:25.7383443Z
  Time since last request: 0.0010069 seconds.
  importAddress: GUID: 942a5a86e2bef824ea90af68b65e11d5 - Path: Packages/com.unity.render-pipelines.universal/Tests/Editor/Tools/Converters/ReadonlyMaterialConverter - Importer: ScriptedImporter/UnityEditor.QuickSearchModule:UnityEditor.Search:ASIAI0B
Importing 'GUID: 942a5a86e2bef824ea90af68b65e11d5 - Path: Packages/com.unity.render-pipelines.universal/Tests/Editor/Tools/Converters/ReadonlyMaterialConverter - Importer: ScriptedImporter/UnityEditor.QuickSearchModule:UnityEditor.Search:ASIAI0B' with importer (ScriptedImporter : UnityEditor.QuickSearchModule:UnityEditor.Search:ASIAI0B)
Imported 'GUID: 942a5a86e2bef824ea90af68b65e11d5' -> (Import Result ID: '00b07a3ee6a2dfb269cca7eff11c8852') in 0.019 seconds [static and dynamic dependencies]. Details - ImportResultOutputID=9988b70702751e350b2aac5eac43abc5 DependenciesID=5996b90a13167b96d4237b719e89dfda StaticDependenciesID=120a373a9560c63ff1c4b684ae9937ce 
Number of updated asset objects reloaded before import = 0
Number of asset objects unloaded after import = 1
========================================================================
Received Import Request.
  Time of request: 2026-08-21T17:33:25.7924299Z
  Time since last request: 0.0017616 seconds.
  importAddress: GUID: a6b1b777c4ca40aca82d62ea496fcb84 - Path: Packages/com.unity.collab-proxy/Editor/Api - Importer: ScriptedImporter/UnityEditor.QuickSearchModule:UnityEditor.Search:ASIAI0B
Importing 'GUID: a6b1b777c4ca40aca82d62ea496fcb84 - Path: Packages/com.unity.collab-proxy/Editor/Api - Importer: ScriptedImporter/UnityEditor.QuickSearchModule:UnityEditor.Search:ASIAI0B' with importer (ScriptedImporter : UnityEditor.QuickSearchModule:UnityEditor.Search:ASIAI0B)
Imported 'GUID: a6b1b777c4ca40aca82d62ea496fcb84' -> (Import Result ID: 'b09d4480f883ba9fe2720d633b06ca65') in 0.011 seconds [static and dynamic dependencies]. Details - ImportResultOutputID=ff69e95c49f63bcf084ca07c5d64ef39 DependenciesID=e2fe38f347e962c87a38d1d62949ce81 StaticDependenciesID=a45f989564053220e5809360f57775d7 
Number of updated asset objects reloaded before import = 0
Number of asset objects unloaded after import = 1
========================================================================
Received Import Request.
  Time of request: 2026-08-21T17:33:25.8467771Z
  Time since last request: 0.0003212 seconds.
  importAddress: GUID: 6f1c7ebc8ac78cb951be24c238cbd3ba - Path: Packages/com.unity.modules.unitywebrequesttexture - Importer: ScriptedImporter/UnityEditor.QuickSearchModule:UnityEditor.Search:ASIAI0B
Importing 'GUID: 6f1c7ebc8ac78cb951be24c238cbd3ba - Path: Packages/com.unity.modules.unitywebrequesttexture - Importer: ScriptedImporter/UnityEditor.QuickSearchModule:UnityEditor.Search:ASIAI0B' with importer (ScriptedImporter : UnityEditor.QuickSearchModule:UnityEditor.Search:ASIAI0B)
Imported 'GUID: 6f1c7ebc8ac78cb951be24c238cbd3ba' -> (Import Result ID: '447cb5a328d4076225469b6f6fedfb9c') in 0.026 seconds [static and dynamic dependencies]. Details - ImportResultOutputID=8d9497dbd16b2eeb7ff7eed70cc2f770 DependenciesID=75127b918822939db963bc20959f7f70 StaticDependenciesID=6aa04866f342ba5408b69fc618133908 
Number of updated asset objects reloaded before import = 0
Number of asset objects unloaded after import = 1
========================================================================
Received Import Request.
  Time of request: 2026-08-21T17:33:25.9071455Z
  Time since last request: 0.0009079 seconds.
  importAddress: GUID: 6d5720fee1395a0469d470106d06823e - Path: Packages/com.unity.shadergraph/Editor/Generation/Targets/CustomRenderTexture - Importer: ScriptedImporter/UnityEditor.QuickSearchModule:UnityEditor.Search:ASIAI0B
Importing 'GUID: 6d5720fee1395a0469d470106d06823e - Path: Packages/com.unity.shadergraph/Editor/Generation/Targets/CustomRenderTexture - Importer: ScriptedImporter/UnityEditor.QuickSearchModule:UnityEditor.Search:ASIAI0B' with importer (ScriptedImporter : UnityEditor.QuickSearchModule:UnityEditor.Search:ASIAI0B)
Imported 'GUID: 6d5720fee1395a0469d470106d06823e' -> (Import Result ID: '7236e61ae32ab7e8e1afc315e0f374ec') in 0.018 seconds [static and dynamic dependencies]. Details - ImportResultOutputID=7fe9bdee0c4ab3d9230bb8082e8aee63 DependenciesID=5badea7bed4fb6e79d945436084f2ea0 StaticDependenciesID=6367700a36a682c805bb34ea239679f8 
Number of updated asset objects reloaded before import = 0
Number of asset objects unloaded after import = 1
========================================================================
Received Import Request.
  Time of request: 2026-08-21T17:33:25.9699977Z
  Time since last request: 0.0000538 seconds.
  importAddress: GUID: d987e9d47d9a848d181e7806e6c9013f - Path: Packages/com.unity.visualscripting/Runtime/VisualScripting.Core/Dependencies/FullSerializer/Converters - Importer: ScriptedImporter/UnityEditor.QuickSearchModule:UnityEditor.Search:ASIAI0B
Importing 'GUID: d987e9d47d9a848d181e7806e6c9013f - Path: Packages/com.unity.visualscripting/Runtime/VisualScripting.Core/Dependencies/FullSerializer/Converters - Importer: ScriptedImporter/UnityEditor.QuickSearchModule:UnityEditor.Search:ASIAI0B' with importer (ScriptedImporter : UnityEditor.QuickSearchModule:UnityEditor.Search:ASIAI0B)
Imported 'GUID: d987e9d47d9a848d181e7806e6c9013f' -> (Import Result ID: '9dc9c27468e5c7e7d6d613c82da72ca8') in 0.014 seconds [static and dynamic dependencies]. Details - ImportResultOutputID=ea36769168f1527f32346c2503c4926a DependenciesID=68cced54b037dd87e31586733f2cfdc8 StaticDependenciesID=f039cbe4f1901070d298d84d66a50fe6 
Number of updated asset objects reloaded before import = 0
Number of asset objects unloaded after import = 1
========================================================================
Received Import Request.
  Time of request: 2026-08-21T17:33:26.015192Z
  Time since last request: 0.0009621 seconds.
  importAddress: GUID: 5cd9d26d95a75804d8f849a19ab998e7 - Path: Packages/com.unity.render-pipelines.core/Runtime/Sampling/Textures/SobolBlueNoise - Importer: ScriptedImporter/UnityEditor.QuickSearchModule:UnityEditor.Search:ASIAI0B
Importing 'GUID: 5cd9d26d95a75804d8f849a19ab998e7 - Path: Packages/com.unity.render-pipelines.core/Runtime/Sampling/Textures/SobolBlueNoise - Importer: ScriptedImporter/UnityEditor.QuickSearchModule:UnityEditor.Search:ASIAI0B' with importer (ScriptedImporter : UnityEditor.QuickSearchModule:UnityEditor.Search:ASIAI0B)
Imported 'GUID: 5cd9d26d95a75804d8f849a19ab998e7' -> (Import Result ID: '44bc1ff96bb09606d2403d7934bb8fa2') in 0.012 seconds [static and dynamic dependencies]. Details - ImportResultOutputID=24f52ea574f31798ff1e0eeebdcfa562 DependenciesID=c18eb7e9e32126e5d3af0fece5df97a1 StaticDependenciesID=9fbdc47a2a2a798fbf473ecdf1027ec9 
Number of updated asset objects reloaded before import = 0
Number of asset objects unloaded after import = 1
========================================================================
Received Import Request.
  Time of request: 2026-08-21T17:33:26.0576614Z
  Time since last request: 0.0008565 seconds.
  importAddress: GUID: 6ed4af135d46444bb82543c0676535c8 - Path: Packages/com.unity.collab-proxy/Editor/Assistant/UI/Interactions - Importer: ScriptedImporter/UnityEditor.QuickSearchModule:UnityEditor.Search:ASIAI0B
Importing 'GUID: 6ed4af135d46444bb82543c0676535c8 - Path: Packages/com.unity.collab-proxy/Editor/Assistant/UI/Interactions - Importer: ScriptedImporter/UnityEditor.QuickSearchModule:UnityEditor.Search:ASIAI0B' with importer (ScriptedImporter : UnityEditor.QuickSearchModule:UnityEditor.Search:ASIAI0B)
Imported 'GUID: 6ed4af135d46444bb82543c0676535c8' -> (Import Result ID: '5a7cc32e6f6d38c7540d36267666ea00') in 0.010 seconds [static and dynamic dependencies]. Details - ImportResultOutputID=f4cb1457eae1bc2e858ff6c8f9da3aec DependenciesID=d2a124a4c988c1bb747984589ea2ddb3 StaticDependenciesID=c72af50e2b4e67c375c4216aa74e399e 
Number of updated asset objects reloaded before import = 0
Number of asset objects unloaded after import = 1
========================================================================
Received Import Request.
  Time of request: 2026-08-21T17:33:26.1031714Z
  Time since last request: 0.0009717 seconds.
  importAddress: GUID: fac4026eb26ea42c29c85fec8007face - Path: Packages/com.unity.visualscripting/Runtime/VisualScripting.Flow/Dependencies/NCalc - Importer: ScriptedImporter/UnityEditor.QuickSearchModule:UnityEditor.Search:ASIAI0B
Importing 'GUID: fac4026eb26ea42c29c85fec8007face - Path: Packages/com.unity.visualscripting/Runtime/VisualScripting.Flow/Dependencies/NCalc - Importer: ScriptedImporter/UnityEditor.QuickSearchModule:UnityEditor.Search:ASIAI0B' with importer (ScriptedImporter : UnityEditor.QuickSearchModule:UnityEditor.Search:ASIAI0B)
Imported 'GUID: fac4026eb26ea42c29c85fec8007face' -> (Import Result ID: 'b1963148da913ba03bb7b75ab8f75036') in 0.012 seconds [static and dynamic dependencies]. Details - ImportResultOutputID=203c3cc676e689d72f9aa00f46df8304 DependenciesID=aea384e9a7f257f3f82773a865c9cf98 StaticDependenciesID=696aa69327dc3627a1282d3922b9e9f0 
Number of updated asset objects reloaded before import = 0
Number of asset objects unloaded after import = 1
========================================================================
Received Import Request.
  Time of request: 2026-08-21T17:33:26.1733245Z
  Time since last request: 0.0010092 seconds.
  importAddress: GUID: f270bf32cbff4c02ae07004a815c5632 - Path: Packages/com.unity.render-pipelines.universal/Editor/2D/ShaderGraph/Nodes - Importer: ScriptedImporter/UnityEditor.QuickSearchModule:UnityEditor.Search:ASIAI0B
Importing 'GUID: f270bf32cbff4c02ae07004a815c5632 - Path: Packages/com.unity.render-pipelines.universal/Editor/2D/ShaderGraph/Nodes - Importer: ScriptedImporter/UnityEditor.QuickSearchModule:UnityEditor.Search:ASIAI0B' with importer (ScriptedImporter : UnityEditor.QuickSearchModule:UnityEditor.Search:ASIAI0B)
Imported 'GUID: f270bf32cbff4c02ae07004a815c5632' -> (Import Result ID: '15fea207575db48d8ceb25ba87dec3b8') in 0.011 seconds [static and dynamic dependencies]. Details - ImportResultOutputID=278f7dd39333e7d7faf6b81e3e4f5e22 DependenciesID=d14581b0d3b7e30ce9070dcbae8d73f0 StaticDependenciesID=a39e31270f6a6aaa6119ae79abf4520e 
Number of updated asset objects reloaded before import = 0
Number of asset objects unloaded after import = 1
========================================================================
Received Import Request.
  Time of request: 2026-08-21T17:33:26.2288167Z
  Time since last request: 0.0040452 seconds.
  importAddress: GUID: 3759a3b34c2714f738805af7001e839f - Path: Packages/com.unity.collab-proxy/Editor/Views/BranchExplorer/Options/ConditionalFormat - Importer: ScriptedImporter/UnityEditor.QuickSearchModule:UnityEditor.Search:ASIAI0B
Importing 'GUID: 3759a3b34c2714f738805af7001e839f - Path: Packages/com.unity.collab-proxy/Editor/Views/BranchExplorer/Options/ConditionalFormat - Importer: ScriptedImporter/UnityEditor.QuickSearchModule:UnityEditor.Search:ASIAI0B' with importer (ScriptedImporter : UnityEditor.QuickSearchModule:UnityEditor.Search:ASIAI0B)
Imported 'GUID: 3759a3b34c2714f738805af7001e839f' -> (Import Result ID: 'e2c1fa92fb7066d4d90aba126fb12791') in 0.016 seconds [static and dynamic dependencies]. Details - ImportResultOutputID=5240a0c7ada6dafaece8dc6c78a0b460 DependenciesID=eb649543954e173f81058974cb047f1a StaticDependenciesID=36c7b8e19b7d8b147c9b4335f06bf81c 
Number of updated asset objects reloaded before import = 0
Number of asset objects unloaded after import = 1
========================================================================
Received Import Request.
  Time of request: 2026-08-21T17:33:26.2957575Z
  Time since last request: 0.0012388 seconds.
  importAddress: GUID: 08871a332c049d44d9bf2563943a52c0 - Path: Packages/com.unity.shadergraph/Editor/Data/Attributes - Importer: ScriptedImporter/UnityEditor.QuickSearchModule:UnityEditor.Search:ASIAI0B
Importing 'GUID: 08871a332c049d44d9bf2563943a52c0 - Path: Packages/com.unity.shadergraph/Editor/Data/Attributes - Importer: ScriptedImporter/UnityEditor.QuickSearchModule:UnityEditor.Search:ASIAI0B' with importer (ScriptedImporter : UnityEditor.QuickSearchModule:UnityEditor.Search:ASIAI0B)
Imported 'GUID: 08871a332c049d44d9bf2563943a52c0' -> (Import Result ID: '8ebb1b11aaac7abcfb4a61c489d67f8a') in 0.017 seconds [static and dynamic dependencies]. Details - ImportResultOutputID=ce34c0d7144f286d78eda87cc86e8878 DependenciesID=5b96658eedce35ede4b0b5d6316ff025 StaticDependenciesID=21f2ad735d6fa2000a1d122d8739f958 
Number of updated asset objects reloaded before import = 0
Number of asset objects unloaded after import = 1
========================================================================
Received Import Request.
  Time of request: 2026-08-21T17:33:26.352071Z
  Time since last request: 0.0053812 seconds.
  importAddress: GUID: 30adb98416985a445bf000ceb696941f - Path: Packages/com.unity.render-pipelines.universal/Tests/Editor/Tools - Importer: ScriptedImporter/UnityEditor.QuickSearchModule:UnityEditor.Search:ASIAI0B
Importing 'GUID: 30adb98416985a445bf000ceb696941f - Path: Packages/com.unity.render-pipelines.universal/Tests/Editor/Tools - Importer: ScriptedImporter/UnityEditor.QuickSearchModule:UnityEditor.Search:ASIAI0B' with importer (ScriptedImporter : UnityEditor.QuickSearchModule:UnityEditor.Search:ASIAI0B)
Imported 'GUID: 30adb98416985a445bf000ceb696941f' -> (Import Result ID: 'f1747506268fa13439da5f5fa8074297') in 0.022 seconds [static and dynamic dependencies]. Details - ImportResultOutputID=dbdc5ffb40e7436117fc674c60feae57 DependenciesID=88572757a6b6dfa367bb5e92f8c4cdbd StaticDependenciesID=145c6bed2b42b1135af5589c3943c314 
Number of updated asset objects reloaded before import = 0
Number of asset objects unloaded after import = 1
========================================================================
Received Import Request.
  Time of request: 2026-08-21T17:33:26.4100714Z
  Time since last request: 0.0046338 seconds.
  importAddress: GUID: 534c3b565c7ef4248a10594dbdf4faf1 - Path: Packages/com.unity.render-pipelines.core/ShaderLibrary - Importer: ScriptedImporter/UnityEditor.QuickSearchModule:UnityEditor.Search:ASIAI0B
Importing 'GUID: 534c3b565c7ef4248a10594dbdf4faf1 - Path: Packages/com.unity.render-pipelines.core/ShaderLibrary - Importer: ScriptedImporter/UnityEditor.QuickSearchModule:UnityEditor.Search:ASIAI0B' with importer (ScriptedImporter : UnityEditor.QuickSearchModule:UnityEditor.Search:ASIAI0B)
Imported 'GUID: 534c3b565c7ef4248a10594dbdf4faf1' -> (Import Result ID: 'ddb91419e5292c12df4026672d01c15a') in 0.018 seconds [static and dynamic dependencies]. Details - ImportResultOutputID=01263cbf888e533d65fb8fea91db82ed DependenciesID=30c67bd845f76f3af70def4e39830038 StaticDependenciesID=0893572c839539ed3dcef07a7f1a7413 
Number of updated asset objects reloaded before import = 0
Number of asset objects unloaded after import = 1
========================================================================
Received Import Request.
  Time of request: 2026-08-21T17:33:26.4550848Z
  Time since last request: 0.0009322 seconds.
  importAddress: GUID: 936c6340f3468444ebb1785b4c311126 - Path: Packages/com.unity.test-framework/UnityEditor.TestRunner/UnityTestProtocol - Importer: ScriptedImporter/UnityEditor.QuickSearchModule:UnityEditor.Search:ASIAI0B
Importing 'GUID: 936c6340f3468444ebb1785b4c311126 - Path: Packages/com.unity.test-framework/UnityEditor.TestRunner/UnityTestProtocol - Importer: ScriptedImporter/UnityEditor.QuickSearchModule:UnityEditor.Search:ASIAI0B' with importer (ScriptedImporter : UnityEditor.QuickSearchModule:UnityEditor.Search:ASIAI0B)
Imported 'GUID: 936c6340f3468444ebb1785b4c311126' -> (Import Result ID: 'f2523b7f69d050c13dfd4a6e1536b512') in 0.010 seconds [static and dynamic dependencies]. Details - ImportResultOutputID=9cc5b423c56ef3710ddf04ab6bf37ca4 DependenciesID=afcfec4a767c41324c919ad704922dd3 StaticDependenciesID=f2035939de7fa0e9b39c89c45cbafa9b 
Number of updated asset objects reloaded before import = 0
Number of asset objects unloaded after import = 1
========================================================================
Received Import Request.
  Time of request: 2026-08-21T17:33:26.4928423Z
  Time since last request: 0.0009274 seconds.
  importAddress: GUID: f688f237b32410846a021b6e6edfefac - Path: Packages/com.unity.visualscripting/Runtime - Importer: ScriptedImporter/UnityEditor.QuickSearchModule:UnityEditor.Search:ASIAI0B
Importing 'GUID: f688f237b32410846a021b6e6edfefac - Path: Packages/com.unity.visualscripting/Runtime - Importer: ScriptedImporter/UnityEditor.QuickSearchModule:UnityEditor.Search:ASIAI0B' with importer (ScriptedImporter : UnityEditor.QuickSearchModule:UnityEditor.Search:ASIAI0B)
Imported 'GUID: f688f237b32410846a021b6e6edfefac' -> (Import Result ID: 'da59ebbdac44acf55f40af391cf39176') in 0.016 seconds [static and dynamic dependencies]. Details - ImportResultOutputID=c3b91b1bd6e59797b4b7ca82e484b822 DependenciesID=73476f3402515423cdcf79e8a28f3273 StaticDependenciesID=81ff48665eab1c0a0a398cf7aacfc7e3 
Number of updated asset objects reloaded before import = 0
Number of asset objects unloaded after import = 1
========================================================================
Received Import Request.
  Time of request: 2026-08-21T17:33:26.5347895Z
  Time since last request: 0.0009431 seconds.
  importAddress: GUID: 5e9138df313dc9e4fa20f92625c26b59 - Path: Packages/com.unity.shadergraph/Editor/Data/Nodes/Input/Geometry - Importer: ScriptedImporter/UnityEditor.QuickSearchModule:UnityEditor.Search:ASIAI0B
Importing 'GUID: 5e9138df313dc9e4fa20f92625c26b59 - Path: Packages/com.unity.shadergraph/Editor/Data/Nodes/Input/Geometry - Importer: ScriptedImporter/UnityEditor.QuickSearchModule:UnityEditor.Search:ASIAI0B' with importer (ScriptedImporter : UnityEditor.QuickSearchModule:UnityEditor.Search:ASIAI0B)
Imported 'GUID: 5e9138df313dc9e4fa20f92625c26b59' -> (Import Result ID: '47f65a25a5c13d7e195217e1a1bf60be') in 0.017 seconds [static and dynamic dependencies]. Details - ImportResultOutputID=58125a37eee83e6a06a6e708ca2a0b62 DependenciesID=321401996051f939f15050b3c1dffd5d StaticDependenciesID=6e17e6f6041828f304c53e0e708014da 
Number of updated asset objects reloaded before import = 0
Number of asset objects unloaded after import = 1
========================================================================
Received Import Request.
  Time of request: 2026-08-21T17:33:26.5849627Z
  Time since last request: 0.0008892 seconds.
  importAddress: GUID: fe09e9cdabae047b9a8e6d245eec4ade - Path: Packages/com.unity.visualscripting/Runtime/VisualScripting.Flow/Framework/Collections/Dictionaries - Importer: ScriptedImporter/UnityEditor.QuickSearchModule:UnityEditor.Search:ASIAI0B
Importing 'GUID: fe09e9cdabae047b9a8e6d245eec4ade - Path: Packages/com.unity.visualscripting/Runtime/VisualScripting.Flow/Framework/Collections/Dictionaries - Importer: ScriptedImporter/UnityEditor.QuickSearchModule:UnityEditor.Search:ASIAI0B' with importer (ScriptedImporter : UnityEditor.QuickSearchModule:UnityEditor.Search:ASIAI0B)
Imported 'GUID: fe09e9cdabae047b9a8e6d245eec4ade' -> (Import Result ID: 'b33002545ca61c903c7330edbbbf75ed') in 0.039 seconds [static and dynamic dependencies]. Details - ImportResultOutputID=7ef38b17471e4c41f61c85c7bfb54445 DependenciesID=82016fbe54b54472454c3575455c2052 StaticDependenciesID=3da6e22b93c4ce8958fead8203c23c1e 
Number of updated asset objects reloaded before import = 0
Number of asset objects unloaded after import = 1
========================================================================
Received Import Request.
  Time of request: 2026-08-21T17:33:26.679179Z
  Time since last request: 0.0017413 seconds.
  importAddress: GUID: dadc0db69503dfa4eb1c96a19590f95c - Path: Packages/com.unity.render-pipelines.universal/Runtime/Materials/ArnoldStandardSurface - Importer: ScriptedImporter/UnityEditor.QuickSearchModule:UnityEditor.Search:ASIAI0B
Importing 'GUID: dadc0db69503dfa4eb1c96a19590f95c - Path: Packages/com.unity.render-pipelines.universal/Runtime/Materials/ArnoldStandardSurface - Importer: ScriptedImporter/UnityEditor.QuickSearchModule:UnityEditor.Search:ASIAI0B' with importer (ScriptedImporter : UnityEditor.QuickSearchModule:UnityEditor.Search:ASIAI0B)
Imported 'GUID: dadc0db69503dfa4eb1c96a19590f95c' -> (Import Result ID: '9360775f240cbdb88a452cee319b2033') in 0.019 seconds [static and dynamic dependencies]. Details - ImportResultOutputID=849ecc904bb1f2e320dac2155c1247f8 DependenciesID=3bf7e5d38668a9c247cd22c03ae898d5 StaticDependenciesID=99b16f7d30448cc679f65da19ef52b3a 
Number of updated asset objects reloaded before import = 0
Number of asset objects unloaded after import = 1
========================================================================
Received Import Request.
  Time of request: 2026-08-21T17:33:26.722662Z
  Time since last request: 0.0007017 seconds.
  importAddress: GUID: 6e1c8b97ec8aa0464e92506ffe099558 - Path: Packages/com.unity.modules.terrain - Importer: ScriptedImporter/UnityEditor.QuickSearchModule:UnityEditor.Search:ASIAI0B
Importing 'GUID: 6e1c8b97ec8aa0464e92506ffe099558 - Path: Packages/com.unity.modules.terrain - Importer: ScriptedImporter/UnityEditor.QuickSearchModule:UnityEditor.Search:ASIAI0B' with importer (ScriptedImporter : UnityEditor.QuickSearchModule:UnityEditor.Search:ASIAI0B)
Imported 'GUID: 6e1c8b97ec8aa0464e92506ffe099558' -> (Import Result ID: 'e56dc184f937734ac9ce637eb2777b1c') in 0.134 seconds [static and dynamic dependencies]. Details - ImportResultOutputID=95b52eedc3c306eb2ef2cfa7530781b8 DependenciesID=ca831b2d963893472cd8ae5e1afe43c7 StaticDependenciesID=ff2a776c82f2fe17e2106c23d10a8192 
Number of updated asset objects reloaded before import = 0
Number of asset objects unloaded after import = 1
========================================================================
Received Import Request.
  Time of request: 2026-08-21T17:33:26.8764245Z
  Time since last request: 0.0028629 seconds.
  importAddress: GUID: a80442a5a855893c8f63a668c5351ea6 - Path: Packages/com.unity.shadergraph - Importer: ScriptedImporter/UnityEditor.QuickSearchModule:UnityEditor.Search:ASIAI0B
Importing 'GUID: a80442a5a855893c8f63a668c5351ea6 - Path: Packages/com.unity.shadergraph - Importer: ScriptedImporter/UnityEditor.QuickSearchModule:UnityEditor.Search:ASIAI0B' with importer (ScriptedImporter : UnityEditor.QuickSearchModule:UnityEditor.Search:ASIAI0B)
Imported 'GUID: a80442a5a855893c8f63a668c5351ea6' -> (Import Result ID: 'f93a0f3e77cf8697d9a85f6c7a6d386d') in 0.018 seconds [static and dynamic dependencies]. Details - ImportResultOutputID=47655e71cbcf534ba7b1e2a51ea38269 DependenciesID=4403fa1b4f13a88113f3e55f974bcd41 StaticDependenciesID=9ed87f9373cae6435fe23e4927dc2fcc 
Number of updated asset objects reloaded before import = 0
Number of asset objects unloaded after import = 1
========================================================================
Received Import Request.
  Time of request: 2026-08-21T17:33:26.944331Z
  Time since last request: 0.0220682 seconds.
  importAddress: GUID: 2a088652feef3704ab1221770deb738a - Path: Packages/com.unity.collab-proxy/Editor/Hub - Importer: ScriptedImporter/UnityEditor.QuickSearchModule:UnityEditor.Search:ASIAI0B
Importing 'GUID: 2a088652feef3704ab1221770deb738a - Path: Packages/com.unity.collab-proxy/Editor/Hub - Importer: ScriptedImporter/UnityEditor.QuickSearchModule:UnityEditor.Search:ASIAI0B' with importer (ScriptedImporter : UnityEditor.QuickSearchModule:UnityEditor.Search:ASIAI0B)
Imported 'GUID: 2a088652feef3704ab1221770deb738a' -> (Import Result ID: '14bf1d0103e3a78ccb8fc86b151eb78e') in 0.015 seconds [static and dynamic dependencies]. Details - ImportResultOutputID=f1d4ceb1ef1eeb7493bbd70e2fafb109 DependenciesID=656d991ece66fb53fa82682a268ce527 StaticDependenciesID=eba89f35ed9af89b75059a9aab3450b3 
Number of updated asset objects reloaded before import = 0
Number of asset objects unloaded after import = 1
========================================================================
Received Import Request.
  Time of request: 2026-08-21T17:33:26.982268Z
  Time since last request: 0.0028472 seconds.
  importAddress: GUID: 90e77543957de2e4dbe9d7d7c7653add - Path: Packages/com.unity.collab-proxy/Editor/Views - Importer: ScriptedImporter/UnityEditor.QuickSearchModule:UnityEditor.Search:ASIAI0B
Importing 'GUID: 90e77543957de2e4dbe9d7d7c7653add - Path: Packages/com.unity.collab-proxy/Editor/Views - Importer: ScriptedImporter/UnityEditor.QuickSearchModule:UnityEditor.Search:ASIAI0B' with importer (ScriptedImporter : UnityEditor.QuickSearchModule:UnityEditor.Search:ASIAI0B)
Imported 'GUID: 90e77543957de2e4dbe9d7d7c7653add' -> (Import Result ID: 'f51a5c7e654f082d39d16ae245c3976b') in 0.016 seconds [static and dynamic dependencies]. Details - ImportResultOutputID=307854fb6515c57e00221a270f573f6a DependenciesID=8942c29e495bb57965a17551245cb0d7 StaticDependenciesID=dbbc3bd612567f8da1e1b1989226c97b 
Number of updated asset objects reloaded before import = 0
Number of asset objects unloaded after import = 1
========================================================================
Received Import Request.
  Time of request: 2026-08-21T17:33:27.0472703Z
  Time since last request: 0.0168598 seconds.
  importAddress: GUID: 5f7294749d1800e4daee980df3e624da - Path: Packages/com.unity.render-pipelines.universal/Runtime/2D/Shadows - Importer: ScriptedImporter/UnityEditor.QuickSearchModule:UnityEditor.Search:ASIAI0B
Importing 'GUID: 5f7294749d1800e4daee980df3e624da - Path: Packages/com.unity.render-pipelines.universal/Runtime/2D/Shadows - Importer: ScriptedImporter/UnityEditor.QuickSearchModule:UnityEditor.Search:ASIAI0B' with importer (ScriptedImporter : UnityEditor.QuickSearchModule:UnityEditor.Search:ASIAI0B)
Imported 'GUID: 5f7294749d1800e4daee980df3e624da' -> (Import Result ID: '1e4dc6f6ff46774ebb7b2626a2a63d9d') in 0.017 seconds [static and dynamic dependencies]. Details - ImportResultOutputID=3b7797e69277c376de8fbb1e8001c1b4 DependenciesID=10898b382973d99127feb5145c08ba50 StaticDependenciesID=1b92679233d8c35494bedcc0f01ef7bc 
Number of updated asset objects reloaded before import = 0
Number of asset objects unloaded after import = 1
========================================================================
Received Import Request.
  Time of request: 2026-08-21T17:33:27.1181678Z
  Time since last request: 0.0069857 seconds.
  importAddress: GUID: c0f26b555bfc14351a9f8ec342fd6ae8 - Path: Packages/com.unity.inputsystem/DocCodeSamples.Tests - Importer: ScriptedImporter/UnityEditor.QuickSearchModule:UnityEditor.Search:ASIAI0B
Importing 'GUID: c0f26b555bfc14351a9f8ec342fd6ae8 - Path: Packages/com.unity.inputsystem/DocCodeSamples.Tests - Importer: ScriptedImporter/UnityEditor.QuickSearchModule:UnityEditor.Search:ASIAI0B' with importer (ScriptedImporter : UnityEditor.QuickSearchModule:UnityEditor.Search:ASIAI0B)
Imported 'GUID: c0f26b555bfc14351a9f8ec342fd6ae8' -> (Import Result ID: '2441bb5bb52e64b6b4427c98241a684a') in 0.039 seconds [static and dynamic dependencies]. Details - ImportResultOutputID=be5935822141ca938c94a6e3c6796af8 DependenciesID=7e3dd620c347a6c5c8d44562cce75c84 StaticDependenciesID=a25a04daef670fdecdf9767c86d4ec37 
Number of updated asset objects reloaded before import = 0
Number of asset objects unloaded after import = 1
========================================================================
Received Import Request.
  Time of request: 2026-08-21T17:33:27.2017259Z
  Time since last request: 0.0010661 seconds.
  importAddress: GUID: 67b87f1c65c508c429e1d957b33776b3 - Path: Packages/com.unity.shadergraph/Editor/Generation/Targets/Fullscreen/Includes - Importer: ScriptedImporter/UnityEditor.QuickSearchModule:UnityEditor.Search:ASIAI0B
Importing 'GUID: 67b87f1c65c508c429e1d957b33776b3 - Path: Packages/com.unity.shadergraph/Editor/Generation/Targets/Fullscreen/Includes - Importer: ScriptedImporter/UnityEditor.QuickSearchModule:UnityEditor.Search:ASIAI0B' with importer (ScriptedImporter : UnityEditor.QuickSearchModule:UnityEditor.Search:ASIAI0B)
Imported 'GUID: 67b87f1c65c508c429e1d957b33776b3' -> (Import Result ID: 'a386d2d61c09db027fd38098d9b1d7c8') in 0.011 seconds [static and dynamic dependencies]. Details - ImportResultOutputID=88a154ed80564404e5a875e8735d0e02 DependenciesID=1f4319ae51c71134d39149299d954238 StaticDependenciesID=ace2f46199ef9450a0b7f64cbea20333 
Number of updated asset objects reloaded before import = 0
Number of asset objects unloaded after import = 1
========================================================================
Received Import Request.
  Time of request: 2026-08-21T17:33:27.2676513Z
  Time since last request: 0.0161908 seconds.
  importAddress: GUID: 8453a00e344fd7e408223e92fc924cc2 - Path: Packages/com.unity.shadergraph/Tests/Editor - Importer: ScriptedImporter/UnityEditor.QuickSearchModule:UnityEditor.Search:ASIAI0B
Importing 'GUID: 8453a00e344fd7e408223e92fc924cc2 - Path: Packages/com.unity.shadergraph/Tests/Editor - Importer: ScriptedImporter/UnityEditor.QuickSearchModule:UnityEditor.Search:ASIAI0B' with importer (ScriptedImporter : UnityEditor.QuickSearchModule:UnityEditor.Search:ASIAI0B)
Imported 'GUID: 8453a00e344fd7e408223e92fc924cc2' -> (Import Result ID: '5235c68a37a246fd6f7411be994846b4') in 0.009 seconds [static and dynamic dependencies]. Details - ImportResultOutputID=9b975afc712ef6bd581220458ff38735 DependenciesID=8dc5057f7f921e2f994e7eda74124225 StaticDependenciesID=c4c1778705f14eeefad2067f85ed01c9 
Number of updated asset objects reloaded before import = 0
Number of asset objects unloaded after import = 1
========================================================================
Received Import Request.
  Time of request: 2026-08-21T17:33:27.3196513Z
  Time since last request: 0.0099266 seconds.
  importAddress: GUID: 24b10579e42f5f845a9f2ab79f921476 - Path: Packages/com.unity.shadergraph/Editor/Data/Nodes/Math/Wave - Importer: ScriptedImporter/UnityEditor.QuickSearchModule:UnityEditor.Search:ASIAI0B
Importing 'GUID: 24b10579e42f5f845a9f2ab79f921476 - Path: Packages/com.unity.shadergraph/Editor/Data/Nodes/Math/Wave - Importer: ScriptedImporter/UnityEditor.QuickSearchModule:UnityEditor.Search:ASIAI0B' with importer (ScriptedImporter : UnityEditor.QuickSearchModule:UnityEditor.Search:ASIAI0B)
Imported 'GUID: 24b10579e42f5f845a9f2ab79f921476' -> (Import Result ID: '31a1539cc831a16aa3ddc6d4c0cb1d24') in 0.009 seconds [static and dynamic dependencies]. Details - ImportResultOutputID=928e676d99470d7098e78993d25b0402 DependenciesID=46ac7e0a522d3f1cca7e3495139dff60 StaticDependenciesID=a8150b1f9c1ea276dd3a7255750a1cd1 
Number of updated asset objects reloaded before import = 0
Number of asset objects unloaded after import = 1
========================================================================
Received Import Request.
  Time of request: 2026-08-21T17:33:27.3590889Z
  Time since last request: 0.0062967 seconds.
  importAddress: GUID: 3ee33d080bf544382a0b3bb52e994713 - Path: Packages/com.unity.visualscripting/Runtime/VisualScripting.Core/Dependencies/FullSerializer/Internal - Importer: ScriptedImporter/UnityEditor.QuickSearchModule:UnityEditor.Search:ASIAI0B
Importing 'GUID: 3ee33d080bf544382a0b3bb52e994713 - Path: Packages/com.unity.visualscripting/Runtime/VisualScripting.Core/Dependencies/FullSerializer/Internal - Importer: ScriptedImporter/UnityEditor.QuickSearchModule:UnityEditor.Search:ASIAI0B' with importer (ScriptedImporter : UnityEditor.QuickSearchModule:UnityEditor.Search:ASIAI0B)
Imported 'GUID: 3ee33d080bf544382a0b3bb52e994713' -> (Import Result ID: '95243aa3ede19ed8e8a3c9277fbda49e') in 0.023 seconds [static and dynamic dependencies]. Details - ImportResultOutputID=83aad73a5089b91db9fbfd2b5188953c DependenciesID=b4533bdb5427d096bdda8beaa9d4ad2c StaticDependenciesID=72e71f8bba4e3b85543f603180af4053 
Number of updated asset objects reloaded before import = 0
Number of asset objects unloaded after import = 1
========================================================================
Received Import Request.
  Time of request: 2026-08-21T17:33:27.4706606Z
  Time since last request: 0.0026238 seconds.
  importAddress: GUID: fcf7219bab7fe46a1ad266029b2fee19 - Path: Assets/TutorialInfo/Scripts/Readme.cs - Importer: ScriptedImporter/UnityEditor.QuickSearchModule:UnityEditor.Search:ASIAI0B
Importing 'GUID: fcf7219bab7fe46a1ad266029b2fee19 - Path: Assets/TutorialInfo/Scripts/Readme.cs - Importer: ScriptedImporter/UnityEditor.QuickSearchModule:UnityEditor.Search:ASIAI0B' with importer (ScriptedImporter : UnityEditor.QuickSearchModule:UnityEditor.Search:ASIAI0B)
Imported 'GUID: fcf7219bab7fe46a1ad266029b2fee19' -> (Import Result ID: '3935c073ea613486bbfe49e922a244a0') in 0.042 seconds [static and dynamic dependencies]. Details - ImportResultOutputID=c41585291dfd9034a3e281cee563b771 DependenciesID=bd605a932b61d5de3ad0d1be6c05fb9d StaticDependenciesID=365ac092d03c02ba9f67dc9ca4752969 
Number of updated asset objects reloaded before import = 0
Number of asset objects unloaded after import = 0
========================================================================
Received Import Request.
  Time of request: 2026-08-21T17:33:27.552013Z
  Time since last request: 0.0012427 seconds.
  importAddress: GUID: ff97302ee78d6ad478b433ec557ee303 - Path: Packages/com.unity.timeline/Runtime/Properties - Importer: ScriptedImporter/UnityEditor.QuickSearchModule:UnityEditor.Search:ASIAI0B
Importing 'GUID: ff97302ee78d6ad478b433ec557ee303 - Path: Packages/com.unity.timeline/Runtime/Properties - Importer: ScriptedImporter/UnityEditor.QuickSearchModule:UnityEditor.Search:ASIAI0B' with importer (ScriptedImporter : UnityEditor.QuickSearchModule:UnityEditor.Search:ASIAI0B)
Imported 'GUID: ff97302ee78d6ad478b433ec557ee303' -> (Import Result ID: '83f1d2f8b44f92a3a3e4fccfeb09024d') in 0.017 seconds [static and dynamic dependencies]. Details - ImportResultOutputID=b92bacbf6c40f6a7e02a1232c6c12f13 DependenciesID=3739b24017a046f7d3ac75c0d9e67f9b StaticDependenciesID=ab4061a002bd627c9682cdad5b4087b1 
Number of updated asset objects reloaded before import = 0
Number of asset objects unloaded after import = 1
========================================================================
Received Import Request.
  Time of request: 2026-08-21T17:33:27.6020418Z
  Time since last request: 0.0007697 seconds.
  importAddress: GUID: 206fb1773170a4c71a2e91f8768d6d73 - Path: Packages/com.unity.visualscripting/Editor/VisualScripting.Core/Inspection/Unity - Importer: ScriptedImporter/UnityEditor.QuickSearchModule:UnityEditor.Search:ASIAI0B
Importing 'GUID: 206fb1773170a4c71a2e91f8768d6d73 - Path: Packages/com.unity.visualscripting/Editor/VisualScripting.Core/Inspection/Unity - Importer: ScriptedImporter/UnityEditor.QuickSearchModule:UnityEditor.Search:ASIAI0B' with importer (ScriptedImporter : UnityEditor.QuickSearchModule:UnityEditor.Search:ASIAI0B)
Imported 'GUID: 206fb1773170a4c71a2e91f8768d6d73' -> (Import Result ID: '39b2133ef6d6dfef8367919818b2667e') in 0.023 seconds [static and dynamic dependencies]. Details - ImportResultOutputID=51d398fc9c309fd67f757a679e03e75f DependenciesID=a128835f0c384c82c4605b50b0dbe617 StaticDependenciesID=ec67afe16c0736b55ce7d4ec09bf5d7c 
Number of updated asset objects reloaded before import = 0
Number of asset objects unloaded after import = 1
========================================================================
Received Import Request.
  Time of request: 2026-08-21T17:33:27.6932552Z
  Time since last request: 0.0017561 seconds.
  importAddress: GUID: af30a361ab68260438b6ec3fb7e64500 - Path: Packages/com.unity.ugui/Tests/Runtime/UGUI/Util - Importer: ScriptedImporter/UnityEditor.QuickSearchModule:UnityEditor.Search:ASIAI0B
Importing 'GUID: af30a361ab68260438b6ec3fb7e64500 - Path: Packages/com.unity.ugui/Tests/Runtime/UGUI/Util - Importer: ScriptedImporter/UnityEditor.QuickSearchModule:UnityEditor.Search:ASIAI0B' with importer (ScriptedImporter : UnityEditor.QuickSearchModule:UnityEditor.Search:ASIAI0B)
Imported 'GUID: af30a361ab68260438b6ec3fb7e64500' -> (Import Result ID: '01b8859e0d93d6e5ebf3b6ccec473cc8') in 0.015 seconds [static and dynamic dependencies]. Details - ImportResultOutputID=74501737a063ed4a115ddfb9af3bee62 DependenciesID=42a7657447da3341212b6b75ce92e5b4 StaticDependenciesID=37efdb98faf2cb7db88752eb497d0c0d 
Number of updated asset objects reloaded before import = 0
Number of asset objects unloaded after import = 1
========================================================================
Received Import Request.
  Time of request: 2026-08-21T17:33:27.743454Z
  Time since last request: 0.0009238 seconds.
  importAddress: GUID: ab09877e2e707104187f6f83e2f62510 - Path: Assets/Settings/DefaultVolumeProfile.asset - Importer: ScriptedImporter/UnityEditor.QuickSearchModule:UnityEditor.Search:ASIAI0B
Importing 'GUID: ab09877e2e707104187f6f83e2f62510 - Path: Assets/Settings/DefaultVolumeProfile.asset - Importer: ScriptedImporter/UnityEditor.QuickSearchModule:UnityEditor.Search:ASIAI0B' with importer (ScriptedImporter : UnityEditor.QuickSearchModule:UnityEditor.Search:ASIAI0B)
Imported 'GUID: ab09877e2e707104187f6f83e2f62510' -> (Import Result ID: 'a578133844092c8b8b758119bdf583b8') in 0.016 seconds [static and dynamic dependencies]. Details - ImportResultOutputID=b365cedc7e22771e900988c18e69da8b DependenciesID=cde7eaecb73f14e1b8bd4d5086d15d83 StaticDependenciesID=1d32cdccd96de4161cb74d485a9524ae 
Number of updated asset objects reloaded before import = 0
Number of asset objects unloaded after import = 1
========================================================================
Received Import Request.
  Time of request: 2026-08-21T17:33:27.7986245Z
  Time since last request: 0.0034227 seconds.
  importAddress: GUID: 0369bc643b4a11246a869e582c0f275a - Path: Packages/com.unity.test-framework.performance/Runtime/Data - Importer: ScriptedImporter/UnityEditor.QuickSearchModule:UnityEditor.Search:ASIAI0B
Importing 'GUID: 0369bc643b4a11246a869e582c0f275a - Path: Packages/com.unity.test-framework.performance/Runtime/Data - Importer: ScriptedImporter/UnityEditor.QuickSearchModule:UnityEditor.Search:ASIAI0B' with importer (ScriptedImporter : UnityEditor.QuickSearchModule:UnityEditor.Search:ASIAI0B)
Imported 'GUID: 0369bc643b4a11246a869e582c0f275a' -> (Import Result ID: '5300a39cc808187e6ecd08a24901bb2b') in 0.026 seconds [static and dynamic dependencies]. Details - ImportResultOutputID=b5ca5d5a30f1b9d4c0e08fe4f76184be DependenciesID=3b0afb39090db303cbe52e05174aff1e StaticDependenciesID=c2ddd94233f838e90698d1f4f38eff0b 
Number of updated asset objects reloaded before import = 0
Number of asset objects unloaded after import = 1
========================================================================
Received Import Request.
  Time of request: 2026-08-21T17:33:27.8574554Z
  Time since last request: 0.0009097 seconds.
  importAddress: GUID: 54ada74a1e58348099b007e35677f3aa - Path: Packages/com.unity.collab-proxy/Editor/Diff/Asset/Common/Meta - Importer: ScriptedImporter/UnityEditor.QuickSearchModule:UnityEditor.Search:ASIAI0B
Importing 'GUID: 54ada74a1e58348099b007e35677f3aa - Path: Packages/com.unity.collab-proxy/Editor/Diff/Asset/Common/Meta - Importer: ScriptedImporter/UnityEditor.QuickSearchModule:UnityEditor.Search:ASIAI0B' with importer (ScriptedImporter : UnityEditor.QuickSearchModule:UnityEditor.Search:ASIAI0B)
Imported 'GUID: 54ada74a1e58348099b007e35677f3aa' -> (Import Result ID: '0906c5817a98fee17b18951c7003c2ff') in 0.010 seconds [static and dynamic dependencies]. Details - ImportResultOutputID=01b2b8b2bf62bee6239859a6343755b5 DependenciesID=ebdb4609093e1cc773e821124cdb9557 StaticDependenciesID=aba2cc55a0c5018210ccd5befaf7d9a3 
Number of updated asset objects reloaded before import = 0
Number of asset objects unloaded after import = 1
========================================================================
Received Import Request.
  Time of request: 2026-08-21T17:33:27.9049179Z
  Time since last request: 0.0005592 seconds.
  importAddress: GUID: ef3fe603cd7883297a844f30ff7dad69 - Path: Packages/com.unity.render-pipelines.universal - Importer: ScriptedImporter/UnityEditor.QuickSearchModule:UnityEditor.Search:ASIAI0B
Importing 'GUID: ef3fe603cd7883297a844f30ff7dad69 - Path: Packages/com.unity.render-pipelines.universal - Importer: ScriptedImporter/UnityEditor.QuickSearchModule:UnityEditor.Search:ASIAI0B' with importer (ScriptedImporter : UnityEditor.QuickSearchModule:UnityEditor.Search:ASIAI0B)
Imported 'GUID: ef3fe603cd7883297a844f30ff7dad69' -> (Import Result ID: '545989cd8dbe817bb2fdac16f8d30019') in 0.030 seconds [static and dynamic dependencies]. Details - ImportResultOutputID=f899cf1fe26391ae2c560d80b1c60e9b DependenciesID=6d310939cfb14cec60b1a452cd9352bb StaticDependenciesID=60f2d31600287f5f76662112758e21bc 
Number of updated asset objects reloaded before import = 0
Number of asset objects unloaded after import = 1
========================================================================
Received Import Request.
  Time of request: 2026-08-21T17:33:27.9635659Z
  Time since last request: 0.0009573 seconds.
  importAddress: GUID: 185beacae6c1ae444bf82919f9550d1a - Path: Packages/com.unity.render-pipelines.universal/Textures/BlueNoise64/L - Importer: ScriptedImporter/UnityEditor.QuickSearchModule:UnityEditor.Search:ASIAI0B
Importing 'GUID: 185beacae6c1ae444bf82919f9550d1a - Path: Packages/com.unity.render-pipelines.universal/Textures/BlueNoise64/L - Importer: ScriptedImporter/UnityEditor.QuickSearchModule:UnityEditor.Search:ASIAI0B' with importer (ScriptedImporter : UnityEditor.QuickSearchModule:UnityEditor.Search:ASIAI0B)
Imported 'GUID: 185beacae6c1ae444bf82919f9550d1a' -> (Import Result ID: 'b73966580835f097acfa8d7353417eb3') in 0.014 seconds [static and dynamic dependencies]. Details - ImportResultOutputID=26197bc4948b9b72b0bf17b44f1f26d6 DependenciesID=831aff055e13bdf90bb9dde7141b6251 StaticDependenciesID=e744063985a953efee3dd41ee108532d 
Number of updated asset objects reloaded before import = 0
Number of asset objects unloaded after import = 1
========================================================================
Received Import Request.
  Time of request: 2026-08-21T17:33:28.0040192Z
  Time since last request: 0.0022335 seconds.
  importAddress: GUID: baf75c9d3de4941df9ee5f3dd1d3bc34 - Path: Packages/com.unity.multiplayer.center/Tests - Importer: ScriptedImporter/UnityEditor.QuickSearchModule:UnityEditor.Search:ASIAI0B
Importing 'GUID: baf75c9d3de4941df9ee5f3dd1d3bc34 - Path: Packages/com.unity.multiplayer.center/Tests - Importer: ScriptedImporter/UnityEditor.QuickSearchModule:UnityEditor.Search:ASIAI0B' with importer (ScriptedImporter : UnityEditor.QuickSearchModule:UnityEditor.Search:ASIAI0B)
Imported 'GUID: baf75c9d3de4941df9ee5f3dd1d3bc34' -> (Import Result ID: 'bdaa95661fe6fed4cacdd818ccbe06a5') in 0.024 seconds [static and dynamic dependencies]. Details - ImportResultOutputID=3f3a06ce5d2d36575946f66e1cfb75b0 DependenciesID=ff5cec9c5c837c498edb9cd75e5bfec5 StaticDependenciesID=c2b35cea343fcbaae4ea6d8edff5a9dd 
Number of updated asset objects reloaded before import = 0
Number of asset objects unloaded after import = 1
========================================================================
Received Import Request.
  Time of request: 2026-08-21T17:33:28.0687732Z
  Time since last request: 0.0021359 seconds.
  importAddress: GUID: 3bc3c7fe1d0033c4aaa7cd04fe5ba574 - Path: Packages/com.unity.render-pipelines.core/Runtime-PrivateShared - Importer: ScriptedImporter/UnityEditor.QuickSearchModule:UnityEditor.Search:ASIAI0B
Importing 'GUID: 3bc3c7fe1d0033c4aaa7cd04fe5ba574 - Path: Packages/com.unity.render-pipelines.core/Runtime-PrivateShared - Importer: ScriptedImporter/UnityEditor.QuickSearchModule:UnityEditor.Search:ASIAI0B' with importer (ScriptedImporter : UnityEditor.QuickSearchModule:UnityEditor.Search:ASIAI0B)
Imported 'GUID: 3bc3c7fe1d0033c4aaa7cd04fe5ba574' -> (Import Result ID: '31966cdb2b26b6707ce05b404c9fa46d') in 0.011 seconds [static and dynamic dependencies]. Details - ImportResultOutputID=9bd371e1c1ca50fadb512bb5db542136 DependenciesID=8b8d6816a8d3486f82d7639c48903689 StaticDependenciesID=7af6f3dd90d210b65b046edb4fbacb25 
Number of updated asset objects reloaded before import = 0
Number of asset objects unloaded after import = 1
========================================================================
Received Import Request.
  Time of request: 2026-08-21T17:33:28.1106671Z
  Time since last request: 0.0006893 seconds.
  importAddress: GUID: 7894838fa258e3a4197077ddbda0eec5 - Path: Packages/com.unity.inputsystem/InputSystem/Editor/UITKAssetEditor/PackageResources - Importer: ScriptedImporter/UnityEditor.QuickSearchModule:UnityEditor.Search:ASIAI0B
Importing 'GUID: 7894838fa258e3a4197077ddbda0eec5 - Path: Packages/com.unity.inputsystem/InputSystem/Editor/UITKAssetEditor/PackageResources - Importer: ScriptedImporter/UnityEditor.QuickSearchModule:UnityEditor.Search:ASIAI0B' with importer (ScriptedImporter : UnityEditor.QuickSearchModule:UnityEditor.Search:ASIAI0B)
Imported 'GUID: 7894838fa258e3a4197077ddbda0eec5' -> (Import Result ID: 'e02f407ce8f0924334c9339b5cd0770f') in 0.010 seconds [static and dynamic dependencies]. Details - ImportResultOutputID=353e73a07e43392fa7cc3759e049fba0 DependenciesID=7910a3194f57a60036599313169b5b9f StaticDependenciesID=dc899a763f3c7b6d1a3d8144b6946829 
Number of updated asset objects reloaded before import = 0
Number of asset objects unloaded after import = 1
========================================================================
Received Import Request.
  Time of request: 2026-08-21T17:33:28.1489998Z
  Time since last request: 0.0009254 seconds.
  importAddress: GUID: 38624cfc8c8a65c4b813394a99363b54 - Path: Packages/com.unity.render-pipelines.universal/Runtime/2D/Sources - Importer: ScriptedImporter/UnityEditor.QuickSearchModule:UnityEditor.Search:ASIAI0B
Importing 'GUID: 38624cfc8c8a65c4b813394a99363b54 - Path: Packages/com.unity.render-pipelines.universal/Runtime/2D/Sources - Importer: ScriptedImporter/UnityEditor.QuickSearchModule:UnityEditor.Search:ASIAI0B' with importer (ScriptedImporter : UnityEditor.QuickSearchModule:UnityEditor.Search:ASIAI0B)
Imported 'GUID: 38624cfc8c8a65c4b813394a99363b54' -> (Import Result ID: '06ee7a89a2385ceb2005169916ad0bb3') in 0.011 seconds [static and dynamic dependencies]. Details - ImportResultOutputID=dd6167adc1b986eafa6324a6c47029ca DependenciesID=238063bfdf3e6c0fabd9f5c863d5576d StaticDependenciesID=4ad79459b350c1244484553a87ab8cab 
Number of updated asset objects reloaded before import = 0
Number of asset objects unloaded after import = 1
========================================================================
Received Import Request.
  Time of request: 2026-08-21T17:33:28.7628117Z
  Time since last request: 0.5765783 seconds.
  importAddress: GUID: 93b9715f5a4bf471c8154f6cbab7e94d - Path: Packages/com.unity.ai.navigation/Gizmos - Importer: ScriptedImporter/UnityEditor.QuickSearchModule:UnityEditor.Search:ASIAI0B
Importing 'GUID: 93b9715f5a4bf471c8154f6cbab7e94d - Path: Packages/com.unity.ai.navigation/Gizmos - Importer: ScriptedImporter/UnityEditor.QuickSearchModule:UnityEditor.Search:ASIAI0B' with importer (ScriptedImporter : UnityEditor.QuickSearchModule:UnityEditor.Search:ASIAI0B)
Imported 'GUID: 93b9715f5a4bf471c8154f6cbab7e94d' -> (Import Result ID: '08d3f3276458363f664c260b57276e0a') in 0.031 seconds [static and dynamic dependencies]. Details - ImportResultOutputID=161ceaf4f086b725b7d420bf645de465 DependenciesID=4efb613206addf24d878674636d9a32e StaticDependenciesID=2b1433f8e64f4e6f1f2f73e00e41d33e 
Number of updated asset objects reloaded before import = 0
Number of asset objects unloaded after import = 1
========================================================================
Received Import Request.
  Time of request: 2026-08-21T17:33:28.8583067Z
  Time since last request: 0.001031 seconds.
  importAddress: GUID: 179c164d2bd086e478add6825f3b422d - Path: Packages/com.unity.collab-proxy/Editor/UnityInternals - Importer: ScriptedImporter/UnityEditor.QuickSearchModule:UnityEditor.Search:ASIAI0B
Importing 'GUID: 179c164d2bd086e478add6825f3b422d - Path: Packages/com.unity.collab-proxy/Editor/UnityInternals - Importer: ScriptedImporter/UnityEditor.QuickSearchModule:UnityEditor.Search:ASIAI0B' with importer (ScriptedImporter : UnityEditor.QuickSearchModule:UnityEditor.Search:ASIAI0B)
Imported 'GUID: 179c164d2bd086e478add6825f3b422d' -> (Import Result ID: '8490e2465e5dc06279a3258577d58730') in 0.043 seconds [static and dynamic dependencies]. Details - ImportResultOutputID=6a58eb3987b5379edad12ea8970f7080 DependenciesID=23d53727a4452603747d3b39b87361af StaticDependenciesID=b034fb01b288c2edc18f623cc2638b11 
Number of updated asset objects reloaded before import = 0
Number of asset objects unloaded after import = 1
========================================================================
Received Import Request.
  Time of request: 2026-08-21T17:33:28.9820359Z
  Time since last request: 0.0015086 seconds.
  importAddress: GUID: 66acd7dd06f644734a144e80d51af491 - Path: Packages/com.unity.visualscripting/Runtime/VisualScripting.Core/Macros - Importer: ScriptedImporter/UnityEditor.QuickSearchModule:UnityEditor.Search:ASIAI0B
Importing 'GUID: 66acd7dd06f644734a144e80d51af491 - Path: Packages/com.unity.visualscripting/Runtime/VisualScripting.Core/Macros - Importer: ScriptedImporter/UnityEditor.QuickSearchModule:UnityEditor.Search:ASIAI0B' with importer (ScriptedImporter : UnityEditor.QuickSearchModule:UnityEditor.Search:ASIAI0B)
Imported 'GUID: 66acd7dd06f644734a144e80d51af491' -> (Import Result ID: '9cf166b42f35803828cb7c51305b677c') in 0.017 seconds [static and dynamic dependencies]. Details - ImportResultOutputID=5074fd570ac9460ca2ae3d52497c9ffb DependenciesID=03b90e2e6207845bbd0f39ebe0e72951 StaticDependenciesID=6bb3041e9306f6f771e0c05e5d1765bc 
Number of updated asset objects reloaded before import = 0
Number of asset objects unloaded after import = 1
========================================================================
Received Import Request.
  Time of request: 2026-08-21T17:33:29.0508784Z
  Time since last request: 0.0028807 seconds.
  importAddress: GUID: 750eeeada0c45474dabb33ca7b3777dd - Path: Packages/com.unity.visualscripting/Editor/VisualScripting.Flow - Importer: ScriptedImporter/UnityEditor.QuickSearchModule:UnityEditor.Search:ASIAI0B
Importing 'GUID: 750eeeada0c45474dabb33ca7b3777dd - Path: Packages/com.unity.visualscripting/Editor/VisualScripting.Flow - Importer: ScriptedImporter/UnityEditor.QuickSearchModule:UnityEditor.Search:ASIAI0B' with importer (ScriptedImporter : UnityEditor.QuickSearchModule:UnityEditor.Search:ASIAI0B)
Imported 'GUID: 750eeeada0c45474dabb33ca7b3777dd' -> (Import Result ID: 'e6e7ccf71964e2e57bdfa49d0e5f724a') in 0.013 seconds [static and dynamic dependencies]. Details - ImportResultOutputID=eb2daf64e78aa4a8245ff6909bb8e53a DependenciesID=fc08a5b7f9f2659123a6282c6a44717f StaticDependenciesID=eab50bbb19d30604332338963d8d30e7 
Number of updated asset objects reloaded before import = 0
Number of asset objects unloaded after import = 1
========================================================================
Received Import Request.
  Time of request: 2026-08-21T17:33:29.089982Z
  Time since last request: 0.0021832 seconds.
  importAddress: GUID: 2d142b475fbfb8cf12ba3a795194300a - Path: Packages/com.unity.modules.director - Importer: ScriptedImporter/UnityEditor.QuickSearchModule:UnityEditor.Search:ASIAI0B
Importing 'GUID: 2d142b475fbfb8cf12ba3a795194300a - Path: Packages/com.unity.modules.director - Importer: ScriptedImporter/UnityEditor.QuickSearchModule:UnityEditor.Search:ASIAI0B' with importer (ScriptedImporter : UnityEditor.QuickSearchModule:UnityEditor.Search:ASIAI0B)
Imported 'GUID: 2d142b475fbfb8cf12ba3a795194300a' -> (Import Result ID: '3d8d93cab6f43145592e5dbe14d52d9a') in 0.018 seconds [static and dynamic dependencies]. Details - ImportResultOutputID=15827f3ffb21f81c1a591c458d50a370 DependenciesID=94fc7dd6042ea979b575961870a23edc StaticDependenciesID=abcf4f364363652f2241754741126f1d 
Number of updated asset objects reloaded before import = 0
Number of asset objects unloaded after import = 1
========================================================================
Received Import Request.
  Time of request: 2026-08-21T17:33:29.1671428Z
  Time since last request: 0.0048964 seconds.
  importAddress: GUID: 651dc128fc72346d9b1cfedd6996f3ac - Path: Packages/com.unity.visualscripting/Runtime/VisualScripting.Flow/Framework/Events/GUI - Importer: ScriptedImporter/UnityEditor.QuickSearchModule:UnityEditor.Search:ASIAI0B
Importing 'GUID: 651dc128fc72346d9b1cfedd6996f3ac - Path: Packages/com.unity.visualscripting/Runtime/VisualScripting.Flow/Framework/Events/GUI - Importer: ScriptedImporter/UnityEditor.QuickSearchModule:UnityEditor.Search:ASIAI0B' with importer (ScriptedImporter : UnityEditor.QuickSearchModule:UnityEditor.Search:ASIAI0B)
Imported 'GUID: 651dc128fc72346d9b1cfedd6996f3ac' -> (Import Result ID: 'd6748ede88cac77e42364035d726ebca') in 0.015 seconds [static and dynamic dependencies]. Details - ImportResultOutputID=1c9c3436689689b9b862f4fb2a0120fc DependenciesID=422cb2c9aedf7df9634d10b1ee6ad49d StaticDependenciesID=b30a93831e4f5f73b09bcd1c04a870a8 
Number of updated asset objects reloaded before import = 0
Number of asset objects unloaded after import = 1
========================================================================
Received Import Request.
  Time of request: 2026-08-21T17:33:29.2264702Z
  Time since last request: 0.0018494 seconds.
  importAddress: GUID: e1700f0d2aa03c568eaedb3efe6720f0 - Path: Packages/com.unity.burst/Runtime - Importer: ScriptedImporter/UnityEditor.QuickSearchModule:UnityEditor.Search:ASIAI0B
Importing 'GUID: e1700f0d2aa03c568eaedb3efe6720f0 - Path: Packages/com.unity.burst/Runtime - Importer: ScriptedImporter/UnityEditor.QuickSearchModule:UnityEditor.Search:ASIAI0B' with importer (ScriptedImporter : UnityEditor.QuickSearchModule:UnityEditor.Search:ASIAI0B)
Imported 'GUID: e1700f0d2aa03c568eaedb3efe6720f0' -> (Import Result ID: '80a517d2be9ef629a03c4069681a05d7') in 0.038 seconds [static and dynamic dependencies]. Details - ImportResultOutputID=6336ddf81f6e7ffc00b79550ecbd5fe1 DependenciesID=ca5302fe68b8bd42a8b945badd58b486 StaticDependenciesID=45a0b530288e81612c387d43d389989e 
Number of updated asset objects reloaded before import = 0
Number of asset objects unloaded after import = 1
========================================================================
Received Import Request.
  Time of request: 2026-08-21T17:33:29.2870782Z
  Time since last request: 0.001286 seconds.
  importAddress: GUID: 15816ede41b819e439cb53115efc62b0 - Path: Packages/com.unity.collections/Unity.Collections.Tests/Jobs - Importer: ScriptedImporter/UnityEditor.QuickSearchModule:UnityEditor.Search:ASIAI0B
Importing 'GUID: 15816ede41b819e439cb53115efc62b0 - Path: Packages/com.unity.collections/Unity.Collections.Tests/Jobs - Importer: ScriptedImporter/UnityEditor.QuickSearchModule:UnityEditor.Search:ASIAI0B' with importer (ScriptedImporter : UnityEditor.QuickSearchModule:UnityEditor.Search:ASIAI0B)
Imported 'GUID: 15816ede41b819e439cb53115efc62b0' -> (Import Result ID: '0e9003d99e46d7ec36517ac2a69c3b80') in 0.018 seconds [static and dynamic dependencies]. Details - ImportResultOutputID=fdfbf8e561c17178b425871f20510211 DependenciesID=70349833a7b324f9eac7e64a83886196 StaticDependenciesID=129a01e473d2e82816e6993974503988 
Number of updated asset objects reloaded before import = 0
Number of asset objects unloaded after import = 1
========================================================================
Received Import Request.
  Time of request: 2026-08-21T17:33:29.3426361Z
  Time since last request: 0.0008894 seconds.
  importAddress: GUID: 90821e75f62bb9e4ea9d6111201e1d90 - Path: Packages/com.unity.render-pipelines.universal/Tests - Importer: ScriptedImporter/UnityEditor.QuickSearchModule:UnityEditor.Search:ASIAI0B
Importing 'GUID: 90821e75f62bb9e4ea9d6111201e1d90 - Path: Packages/com.unity.render-pipelines.universal/Tests - Importer: ScriptedImporter/UnityEditor.QuickSearchModule:UnityEditor.Search:ASIAI0B' with importer (ScriptedImporter : UnityEditor.QuickSearchModule:UnityEditor.Search:ASIAI0B)
Imported 'GUID: 90821e75f62bb9e4ea9d6111201e1d90' -> (Import Result ID: 'd9286ad510dbecf028d1b71821edfc6f') in 0.018 seconds [static and dynamic dependencies]. Details - ImportResultOutputID=d9a3155aed15599c212c40da6f4ce279 DependenciesID=f551606a91b00a6bacbd85674f62c822 StaticDependenciesID=22626ae935b168ffee02efb71dac8125 
Number of updated asset objects reloaded before import = 0
Number of asset objects unloaded after import = 1
========================================================================
Received Import Request.
  Time of request: 2026-08-21T17:33:29.3865589Z
  Time since last request: 0.0007752 seconds.
  importAddress: GUID: 8a512234959c84f759a00b7053a0169b - Path: Packages/com.unity.mathematics/Tests - Importer: ScriptedImporter/UnityEditor.QuickSearchModule:UnityEditor.Search:ASIAI0B
Importing 'GUID: 8a512234959c84f759a00b7053a0169b - Path: Packages/com.unity.mathematics/Tests - Importer: ScriptedImporter/UnityEditor.QuickSearchModule:UnityEditor.Search:ASIAI0B' with importer (ScriptedImporter : UnityEditor.QuickSearchModule:UnityEditor.Search:ASIAI0B)
Imported 'GUID: 8a512234959c84f759a00b7053a0169b' -> (Import Result ID: '2071ad376e1cc497a67fc19c8ec4e028') in 0.015 seconds [static and dynamic dependencies]. Details - ImportResultOutputID=93ae7ea72661c9b722408adadfd70380 DependenciesID=e24b00a377d3095e858ea0510349a10f StaticDependenciesID=450b3061bba87dc2f4c3f17fd1f9672e 
Number of updated asset objects reloaded before import = 0
Number of asset objects unloaded after import = 1
========================================================================
Received Import Request.
  Time of request: 2026-08-21T17:33:29.4612785Z
  Time since last request: 0.0015905 seconds.
  importAddress: GUID: 9a92ce7bfd964dae89e964f40874a3c2 - Path: Packages/com.unity.collab-proxy/Editor/Views/BranchExplorer/Drawing/Shapes - Importer: ScriptedImporter/UnityEditor.QuickSearchModule:UnityEditor.Search:ASIAI0B
Importing 'GUID: 9a92ce7bfd964dae89e964f40874a3c2 - Path: Packages/com.unity.collab-proxy/Editor/Views/BranchExplorer/Drawing/Shapes - Importer: ScriptedImporter/UnityEditor.QuickSearchModule:UnityEditor.Search:ASIAI0B' with importer (ScriptedImporter : UnityEditor.QuickSearchModule:UnityEditor.Search:ASIAI0B)
Imported 'GUID: 9a92ce7bfd964dae89e964f40874a3c2' -> (Import Result ID: '36dcbd4ca6b5a795049f64fc035df80a') in 0.030 seconds [static and dynamic dependencies]. Details - ImportResultOutputID=485558e6d49bc0d969e6b9ab19440279 DependenciesID=9c79577c0a66fbd02174608621b28ec7 StaticDependenciesID=2b430dfcc52fae70a06f6a9727d7fdd2 
Number of updated asset objects reloaded before import = 0
Number of asset objects unloaded after import = 1
========================================================================
Received Import Request.
  Time of request: 2026-08-21T17:33:29.5216823Z
  Time since last request: 0.0000601 seconds.
  importAddress: GUID: 14b2b3422ab1f4cd3b5d928f49fea834 - Path: Packages/com.unity.visualscripting/Editor/VisualScripting.Core/Plugin/Acknowledgements - Importer: ScriptedImporter/UnityEditor.QuickSearchModule:UnityEditor.Search:ASIAI0B
Importing 'GUID: 14b2b3422ab1f4cd3b5d928f49fea834 - Path: Packages/com.unity.visualscripting/Editor/VisualScripting.Core/Plugin/Acknowledgements - Importer: ScriptedImporter/UnityEditor.QuickSearchModule:UnityEditor.Search:ASIAI0B' with importer (ScriptedImporter : UnityEditor.QuickSearchModule:UnityEditor.Search:ASIAI0B)
Imported 'GUID: 14b2b3422ab1f4cd3b5d928f49fea834' -> (Import Result ID: 'd5e83a6342ff558cc749c295543fa703') in 0.016 seconds [static and dynamic dependencies]. Details - ImportResultOutputID=9e1186b51e1fec4844c6ba825c81cd78 DependenciesID=2b425508387a3b1e8cd4768547d4858e StaticDependenciesID=8a97ba1b4a50580bdf7c44c8e82addec 
Number of updated asset objects reloaded before import = 0
Number of asset objects unloaded after import = 1
========================================================================
Received Import Request.
  Time of request: 2026-08-21T17:33:29.5741037Z
  Time since last request: 0.0008674 seconds.
  importAddress: GUID: 48b3efd3f5d914c53a4b7be35baf09a9 - Path: Packages/com.unity.inputsystem/InputSystem/Editor/Devices - Importer: ScriptedImporter/UnityEditor.QuickSearchModule:UnityEditor.Search:ASIAI0B
Importing 'GUID: 48b3efd3f5d914c53a4b7be35baf09a9 - Path: Packages/com.unity.inputsystem/InputSystem/Editor/Devices - Importer: ScriptedImporter/UnityEditor.QuickSearchModule:UnityEditor.Search:ASIAI0B' with importer (ScriptedImporter : UnityEditor.QuickSearchModule:UnityEditor.Search:ASIAI0B)
Imported 'GUID: 48b3efd3f5d914c53a4b7be35baf09a9' -> (Import Result ID: 'dda841ea67037e53ad5a7dadf7c7719a') in 0.009 seconds [static and dynamic dependencies]. Details - ImportResultOutputID=4eae3b691aeb07642b7440508854b7b7 DependenciesID=7e485292525e03627865315d58f668c5 StaticDependenciesID=6969f9c0b8c39a8e136e77b18d86f6c7 
Number of updated asset objects reloaded before import = 0
Number of asset objects unloaded after import = 1
========================================================================
Received Import Request.
  Time of request: 2026-08-21T17:33:29.6114764Z
  Time since last request: 0.0005064 seconds.
  importAddress: GUID: 5b3802c1581ef894d83aa9fcb7ace84c - Path: Packages/com.unity.collab-proxy/Editor/Views/Merge/Developer/DirectoryConflicts - Importer: ScriptedImporter/UnityEditor.QuickSearchModule:UnityEditor.Search:ASIAI0B
Importing 'GUID: 5b3802c1581ef894d83aa9fcb7ace84c - Path: Packages/com.unity.collab-proxy/Editor/Views/Merge/Developer/DirectoryConflicts - Importer: ScriptedImporter/UnityEditor.QuickSearchModule:UnityEditor.Search:ASIAI0B' with importer (ScriptedImporter : UnityEditor.QuickSearchModule:UnityEditor.Search:ASIAI0B)
Imported 'GUID: 5b3802c1581ef894d83aa9fcb7ace84c' -> (Import Result ID: '8bb3bacc3388edbfd5af63a4dcd8cc01') in 0.097 seconds [static and dynamic dependencies]. Details - ImportResultOutputID=ad5edeeff5d33ddcb9868ef5df696e42 DependenciesID=9ce0dce97a56c2d383e4c3a84872cacd StaticDependenciesID=7a3c7deda3daab8654a22095360904d6 
Number of updated asset objects reloaded before import = 0
Number of asset objects unloaded after import = 1
========================================================================
Received Import Request.
  Time of request: 2026-08-21T17:33:29.7294442Z
  Time since last request: 0.0017488 seconds.
  importAddress: GUID: 3ac7d3b2f88744a4c89cb263306add7d - Path: Packages/com.unity.collab-proxy/Editor/Views/History - Importer: ScriptedImporter/UnityEditor.QuickSearchModule:UnityEditor.Search:ASIAI0B
Importing 'GUID: 3ac7d3b2f88744a4c89cb263306add7d - Path: Packages/com.unity.collab-proxy/Editor/Views/History - Importer: ScriptedImporter/UnityEditor.QuickSearchModule:UnityEditor.Search:ASIAI0B' with importer (ScriptedImporter : UnityEditor.QuickSearchModule:UnityEditor.Search:ASIAI0B)
Imported 'GUID: 3ac7d3b2f88744a4c89cb263306add7d' -> (Import Result ID: '63a0a2e76d14bfa29a796e39c72a2f64') in 0.020 seconds [static and dynamic dependencies]. Details - ImportResultOutputID=7a2dd385d8f50bba919f00243b1b5654 DependenciesID=b7d23314722de0774df02888df592635 StaticDependenciesID=4c1016e5f82cff1a353fb3cff2b01cd2 
Number of updated asset objects reloaded before import = 0
Number of asset objects unloaded after import = 1
========================================================================
Received Import Request.
  Time of request: 2026-08-21T17:33:29.771763Z
  Time since last request: 0.0009962 seconds.
  importAddress: GUID: 95a0c8e39aaf7f3468cff72de2b7c094 - Path: Packages/com.unity.shadergraph/Editor/Resources/Shaders - Importer: ScriptedImporter/UnityEditor.QuickSearchModule:UnityEditor.Search:ASIAI0B
Importing 'GUID: 95a0c8e39aaf7f3468cff72de2b7c094 - Path: Packages/com.unity.shadergraph/Editor/Resources/Shaders - Importer: ScriptedImporter/UnityEditor.QuickSearchModule:UnityEditor.Search:ASIAI0B' with importer (ScriptedImporter : UnityEditor.QuickSearchModule:UnityEditor.Search:ASIAI0B)
Imported 'GUID: 95a0c8e39aaf7f3468cff72de2b7c094' -> (Import Result ID: '7e71b82760c85691bb8641abbfda2dbf') in 0.015 seconds [static and dynamic dependencies]. Details - ImportResultOutputID=0cea2249cb6c35f7bd04464deacf27a0 DependenciesID=79865e34c82b9fae75353274ab7f4d37 StaticDependenciesID=219994a7acd530c7dfcef47718059045 
Number of updated asset objects reloaded before import = 0
Number of asset objects unloaded after import = 1
========================================================================
Received Import Request.
  Time of request: 2026-08-21T17:33:29.8202725Z
  Time since last request: 0.0007378 seconds.
  importAddress: GUID: 8c667ca46d23aa3468b6c4243b135b0d - Path: Packages/com.unity.render-pipelines.core/Editor/Volume/Drawers - Importer: ScriptedImporter/UnityEditor.QuickSearchModule:UnityEditor.Search:ASIAI0B
Importing 'GUID: 8c667ca46d23aa3468b6c4243b135b0d - Path: Packages/com.unity.render-pipelines.core/Editor/Volume/Drawers - Importer: ScriptedImporter/UnityEditor.QuickSearchModule:UnityEditor.Search:ASIAI0B' with importer (ScriptedImporter : UnityEditor.QuickSearchModule:UnityEditor.Search:ASIAI0B)
Imported 'GUID: 8c667ca46d23aa3468b6c4243b135b0d' -> (Import Result ID: '1528a7bb0010dde7efff5a0ce7f72f0c') in 0.017 seconds [static and dynamic dependencies]. Details - ImportResultOutputID=0dcf192db94b30b3d6c19a66886c163a DependenciesID=aac75784eb47fe8065c271cc4a6445c4 StaticDependenciesID=0b0cdd7c41776f86261f62ecac073258 
Number of updated asset objects reloaded before import = 0
Number of asset objects unloaded after import = 1
========================================================================
Received Import Request.
  Time of request: 2026-08-21T17:33:29.8632124Z
  Time since last request: 0.0026728 seconds.
  importAddress: GUID: 22acd4a9b5da4f678c564195d78bbed3 - Path: Packages/com.unity.shadergraph/Editor/Generation/Targets/Terrain/Includes - Importer: ScriptedImporter/UnityEditor.QuickSearchModule:UnityEditor.Search:ASIAI0B
Importing 'GUID: 22acd4a9b5da4f678c564195d78bbed3 - Path: Packages/com.unity.shadergraph/Editor/Generation/Targets/Terrain/Includes - Importer: ScriptedImporter/UnityEditor.QuickSearchModule:UnityEditor.Search:ASIAI0B' with importer (ScriptedImporter : UnityEditor.QuickSearchModule:UnityEditor.Search:ASIAI0B)
Imported 'GUID: 22acd4a9b5da4f678c564195d78bbed3' -> (Import Result ID: 'b78adeb1b37cab7184b54d0995eef0ad') in 0.010 seconds [static and dynamic dependencies]. Details - ImportResultOutputID=d9c5435aab68f0d2a9229ec58549f934 DependenciesID=35cbbf197a1ac7c3fe87ac5b3de73dc1 StaticDependenciesID=d03f33ca511c6e4330d4e7860c06072d 
Number of updated asset objects reloaded before import = 0
Number of asset objects unloaded after import = 1
========================================================================
Received Import Request.
  Time of request: 2026-08-21T17:33:29.8950637Z
  Time since last request: 0.0009888 seconds.
  importAddress: GUID: 810f21d4e5b50a9489b040b4763c01ef - Path: Packages/com.unity.render-pipelines.core/Tests/Runtime/PathTracing - Importer: ScriptedImporter/UnityEditor.QuickSearchModule:UnityEditor.Search:ASIAI0B
Importing 'GUID: 810f21d4e5b50a9489b040b4763c01ef - Path: Packages/com.unity.render-pipelines.core/Tests/Runtime/PathTracing - Importer: ScriptedImporter/UnityEditor.QuickSearchModule:UnityEditor.Search:ASIAI0B' with importer (ScriptedImporter : UnityEditor.QuickSearchModule:UnityEditor.Search:ASIAI0B)
Imported 'GUID: 810f21d4e5b50a9489b040b4763c01ef' -> (Import Result ID: '8e77f724a9e0929630befb0949a1a3ad') in 0.011 seconds [static and dynamic dependencies]. Details - ImportResultOutputID=26b2e4348d071a21cf7300b206259e3c DependenciesID=edfb9ae52b0e967e3fa682afc6d12d8f StaticDependenciesID=5d42756020133ac6989fadafcaf0af17 
Number of updated asset objects reloaded before import = 0
Number of asset objects unloaded after import = 1
========================================================================
Received Import Request.
  Time of request: 2026-08-21T17:33:29.9394199Z
  Time since last request: 0.0009761 seconds.
  importAddress: GUID: d8a0b4bfb0e5846738fef75f164079a6 - Path: Packages/com.unity.visualscripting/Editor/VisualScripting.Flow/Options - Importer: ScriptedImporter/UnityEditor.QuickSearchModule:UnityEditor.Search:ASIAI0B
Importing 'GUID: d8a0b4bfb0e5846738fef75f164079a6 - Path: Packages/com.unity.visualscripting/Editor/VisualScripting.Flow/Options - Importer: ScriptedImporter/UnityEditor.QuickSearchModule:UnityEditor.Search:ASIAI0B' with importer (ScriptedImporter : UnityEditor.QuickSearchModule:UnityEditor.Search:ASIAI0B)
Imported 'GUID: d8a0b4bfb0e5846738fef75f164079a6' -> (Import Result ID: '785dea3a0443eaa577ffd62f37f5cd36') in 0.016 seconds [static and dynamic dependencies]. Details - ImportResultOutputID=a22967d50f57354837e903ef65b50ff9 DependenciesID=5afd0f136d6ede2689dc0f17eb4b4d74 StaticDependenciesID=5a7e1f34bf6572f84e9cb7d3f77d8f3a 
Number of updated asset objects reloaded before import = 0
Number of asset objects unloaded after import = 1
========================================================================
Received Import Request.
  Time of request: 2026-08-21T17:33:29.9843245Z
  Time since last request: 0.0063889 seconds.
  importAddress: GUID: 0025085fa936303aa05b328e44651f9c - Path: Packages/com.unity.burst/Unity.Burst.CodeGen - Importer: ScriptedImporter/UnityEditor.QuickSearchModule:UnityEditor.Search:ASIAI0B
Importing 'GUID: 0025085fa936303aa05b328e44651f9c - Path: Packages/com.unity.burst/Unity.Burst.CodeGen - Importer: ScriptedImporter/UnityEditor.QuickSearchModule:UnityEditor.Search:ASIAI0B' with importer (ScriptedImporter : UnityEditor.QuickSearchModule:UnityEditor.Search:ASIAI0B)
Imported 'GUID: 0025085fa936303aa05b328e44651f9c' -> (Import Result ID: '105b0f7f6912554f766d32d8b56453e2') in 0.013 seconds [static and dynamic dependencies]. Details - ImportResultOutputID=7119156b918a8148d34ced8bc3aa4909 DependenciesID=47e6ac1b58ce14e9668056b8c0555c58 StaticDependenciesID=a66058ffb583b7fc515dbec4519ce510 
Number of updated asset objects reloaded before import = 0
Number of asset objects unloaded after import = 1
========================================================================
Received Import Request.
  Time of request: 2026-08-21T17:33:30.0217883Z
  Time since last request: 0.0011207 seconds.
  importAddress: GUID: fae0344df02e74e0988c577297cc556d - Path: Packages/com.unity.visualscripting/Editor/VisualScripting.Core/Analytics - Importer: ScriptedImporter/UnityEditor.QuickSearchModule:UnityEditor.Search:ASIAI0B
Importing 'GUID: fae0344df02e74e0988c577297cc556d - Path: Packages/com.unity.visualscripting/Editor/VisualScripting.Core/Analytics - Importer: ScriptedImporter/UnityEditor.QuickSearchModule:UnityEditor.Search:ASIAI0B' with importer (ScriptedImporter : UnityEditor.QuickSearchModule:UnityEditor.Search:ASIAI0B)
Imported 'GUID: fae0344df02e74e0988c577297cc556d' -> (Import Result ID: '698e624a3deb9f433d654a1154c4134c') in 0.014 seconds [static and dynamic dependencies]. Details - ImportResultOutputID=d53293bc45d4dc3ebc66502185377587 DependenciesID=3603620a20dde9292bf57e0fa3f0c935 StaticDependenciesID=15086c3efa8f70ad43c4c8a95ecbf6b0 
Number of updated asset objects reloaded before import = 0
Number of asset objects unloaded after import = 1
========================================================================
Received Import Request.
  Time of request: 2026-08-21T17:33:30.0947712Z
  Time since last request: 0.0350015 seconds.
  importAddress: GUID: bb32bccaf32a6db448d1c0cc99c78688 - Path: Packages/com.unity.test-framework/UnityEngine.TestRunner/Utils - Importer: ScriptedImporter/UnityEditor.QuickSearchModule:UnityEditor.Search:ASIAI0B
Importing 'GUID: bb32bccaf32a6db448d1c0cc99c78688 - Path: Packages/com.unity.test-framework/UnityEngine.TestRunner/Utils - Importer: ScriptedImporter/UnityEditor.QuickSearchModule:UnityEditor.Search:ASIAI0B' with importer (ScriptedImporter : UnityEditor.QuickSearchModule:UnityEditor.Search:ASIAI0B)
Imported 'GUID: bb32bccaf32a6db448d1c0cc99c78688' -> (Import Result ID: 'affe0ebeab046fc4b85d9ae3304563e0') in 0.009 seconds [static and dynamic dependencies]. Details - ImportResultOutputID=dd3644d34ac8b83230c8f9b4e0e14164 DependenciesID=63dd9144a949a275e621d42c2415f655 StaticDependenciesID=587dea049b336345762016fb31948a47 
Number of updated asset objects reloaded before import = 0
Number of asset objects unloaded after import = 1
========================================================================
Received Import Request.
  Time of request: 2026-08-21T17:33:30.1289936Z
  Time since last request: 0.0050329 seconds.
  importAddress: GUID: a3e712d7ab2114ca4960246b0d5e6215 - Path: Packages/com.unity.inputsystem/InputSystem/Runtime/Plugins/Steam - Importer: ScriptedImporter/UnityEditor.QuickSearchModule:UnityEditor.Search:ASIAI0B
Importing 'GUID: a3e712d7ab2114ca4960246b0d5e6215 - Path: Packages/com.unity.inputsystem/InputSystem/Runtime/Plugins/Steam - Importer: ScriptedImporter/UnityEditor.QuickSearchModule:UnityEditor.Search:ASIAI0B' with importer (ScriptedImporter : UnityEditor.QuickSearchModule:UnityEditor.Search:ASIAI0B)
Imported 'GUID: a3e712d7ab2114ca4960246b0d5e6215' -> (Import Result ID: '55999dcad062e8f8b489835963e9b10c') in 0.009 seconds [static and dynamic dependencies]. Details - ImportResultOutputID=a909aaa21603ffcd4d229fb2da72e450 DependenciesID=38226194fa890a955bd711a91a5537f1 StaticDependenciesID=4e1c9c95a5d0a67ba68a19cbe867719c 
Number of updated asset objects reloaded before import = 0
Number of asset objects unloaded after import = 1
========================================================================
Received Import Request.
  Time of request: 2026-08-21T17:33:30.1595488Z
  Time since last request: 0.0008895 seconds.
  importAddress: GUID: cc1099d95a4ee3849a01da5826056b1f - Path: Packages/com.unity.render-pipelines.core/Runtime/Vrs - Importer: ScriptedImporter/UnityEditor.QuickSearchModule:UnityEditor.Search:ASIAI0B
Importing 'GUID: cc1099d95a4ee3849a01da5826056b1f - Path: Packages/com.unity.render-pipelines.core/Runtime/Vrs - Importer: ScriptedImporter/UnityEditor.QuickSearchModule:UnityEditor.Search:ASIAI0B' with importer (ScriptedImporter : UnityEditor.QuickSearchModule:UnityEditor.Search:ASIAI0B)
Imported 'GUID: cc1099d95a4ee3849a01da5826056b1f' -> (Import Result ID: 'c4d702f3e772ec73a09ad4f353e3fdbe') in 0.015 seconds [static and dynamic dependencies]. Details - ImportResultOutputID=f383d075ef17b11b0fb796adadc05971 DependenciesID=f473e853c1e59d495db9e846b5dfba8c StaticDependenciesID=de96b2345b91488b2e233856e7d4e7ae 
Number of updated asset objects reloaded before import = 0
Number of asset objects unloaded after import = 1
========================================================================
Received Import Request.
  Time of request: 2026-08-21T17:33:30.2052735Z
  Time since last request: 0.0026837 seconds.
  importAddress: GUID: 381bcc6523571fb478a4937355db4c0d - Path: Packages/com.unity.shadergraph/Editor/Drawing/MaterialEditor - Importer: ScriptedImporter/UnityEditor.QuickSearchModule:UnityEditor.Search:ASIAI0B
Importing 'GUID: 381bcc6523571fb478a4937355db4c0d - Path: Packages/com.unity.shadergraph/Editor/Drawing/MaterialEditor - Importer: ScriptedImporter/UnityEditor.QuickSearchModule:UnityEditor.Search:ASIAI0B' with importer (ScriptedImporter : UnityEditor.QuickSearchModule:UnityEditor.Search:ASIAI0B)
Imported 'GUID: 381bcc6523571fb478a4937355db4c0d' -> (Import Result ID: 'cae7461caa9b203d3d1ac85e99c1fa84') in 0.018 seconds [static and dynamic dependencies]. Details - ImportResultOutputID=d69640ab31921e6d3246c77bbbf33c12 DependenciesID=ac5b1fc739fa5409a01500e8190ed89c StaticDependenciesID=9a8ecb46c670568572ec3bf2f1b6b8be 
Number of updated asset objects reloaded before import = 0
Number of asset objects unloaded after import = 1
========================================================================
Received Import Request.
  Time of request: 2026-08-21T17:33:30.2538604Z
  Time since last request: 0.0009126 seconds.
  importAddress: GUID: 7f85ac5340a5dff468e347347435cf68 - Path: Packages/com.unity.shadergraph/Tests/Editor/UnitTests - Importer: ScriptedImporter/UnityEditor.QuickSearchModule:UnityEditor.Search:ASIAI0B
Importing 'GUID: 7f85ac5340a5dff468e347347435cf68 - Path: Packages/com.unity.shadergraph/Tests/Editor/UnitTests - Importer: ScriptedImporter/UnityEditor.QuickSearchModule:UnityEditor.Search:ASIAI0B' with importer (ScriptedImporter : UnityEditor.QuickSearchModule:UnityEditor.Search:ASIAI0B)
Imported 'GUID: 7f85ac5340a5dff468e347347435cf68' -> (Import Result ID: '851aeffecf47df6138cd876579a8cdd7') in 0.015 seconds [static and dynamic dependencies]. Details - ImportResultOutputID=da09b88ed464677a928bd5e129936d49 DependenciesID=17956c434b1301ae759105082fd93750 StaticDependenciesID=d117cc727416f68e9b452da5515c1b03 
Number of updated asset objects reloaded before import = 0
Number of asset objects unloaded after import = 1
========================================================================
Received Import Request.
  Time of request: 2026-08-21T17:33:30.293498Z
  Time since last request: 0.0012462 seconds.
  importAddress: GUID: 052faaac586de48259a63d0c4782560b - Path: Assets/InputSystem_Actions.inputactions - Importer: ScriptedImporter/UnityEditor.QuickSearchModule:UnityEditor.Search:ASIAI0B
Importing 'GUID: 052faaac586de48259a63d0c4782560b - Path: Assets/InputSystem_Actions.inputactions - Importer: ScriptedImporter/UnityEditor.QuickSearchModule:UnityEditor.Search:ASIAI0B' with importer (ScriptedImporter : UnityEditor.QuickSearchModule:UnityEditor.Search:ASIAI0B)
Imported 'GUID: 052faaac586de48259a63d0c4782560b' -> (Import Result ID: '7af862fbaf70954f8211f8363cfb3eda') in 0.629 seconds [static and dynamic dependencies]. Details - ImportResultOutputID=ab9d0b9cf8e101131d15f4f5663315ff DependenciesID=53f0bf95bea6dbb34f09c28cce076b4f StaticDependenciesID=f6a4c005e78017363101f7deaaecfbe5 
Number of updated asset objects reloaded before import = 0
Number of asset objects unloaded after import = 22
========================================================================
Received Import Request.
  Time of request: 2026-08-21T17:33:30.9464612Z
  Time since last request: 0.0008238 seconds.
  importAddress: GUID: eb290baa39b761244b157cbd10673e0c - Path: Packages/com.unity.render-pipelines.core/Editor/Material - Importer: ScriptedImporter/UnityEditor.QuickSearchModule:UnityEditor.Search:ASIAI0B
Importing 'GUID: eb290baa39b761244b157cbd10673e0c - Path: Packages/com.unity.render-pipelines.core/Editor/Material - Importer: ScriptedImporter/UnityEditor.QuickSearchModule:UnityEditor.Search:ASIAI0B' with importer (ScriptedImporter : UnityEditor.QuickSearchModule:UnityEditor.Search:ASIAI0B)
Imported 'GUID: eb290baa39b761244b157cbd10673e0c' -> (Import Result ID: '7b6e2fe5fc2091917f5de53e2705a1a1') in 0.018 seconds [static and dynamic dependencies]. Details - ImportResultOutputID=5ef1243a9b531e9cfdc136da69bd2849 DependenciesID=03495ca14dbb788e2993e3a56bbc43c2 StaticDependenciesID=5bf9f54670e75514d1ce57b7397ebc82 
Number of updated asset objects reloaded before import = 0
Number of asset objects unloaded after import = 1
========================================================================
Received Import Request.
  Time of request: 2026-08-21T17:33:30.9978022Z
  Time since last request: 0.0017755 seconds.
  importAddress: GUID: d282282bdd9a39349a3f4642751d8e2b - Path: Packages/com.unity.render-pipelines.core/Editor/Icons - Importer: ScriptedImporter/UnityEditor.QuickSearchModule:UnityEditor.Search:ASIAI0B
Importing 'GUID: d282282bdd9a39349a3f4642751d8e2b - Path: Packages/com.unity.render-pipelines.core/Editor/Icons - Importer: ScriptedImporter/UnityEditor.QuickSearchModule:UnityEditor.Search:ASIAI0B' with importer (ScriptedImporter : UnityEditor.QuickSearchModule:UnityEditor.Search:ASIAI0B)
Imported 'GUID: d282282bdd9a39349a3f4642751d8e2b' -> (Import Result ID: '18038a7f82f306f19b79888b058d9b7f') in 0.009 seconds [static and dynamic dependencies]. Details - ImportResultOutputID=71dcd02283fca257dde3270a3530c605 DependenciesID=9f9b2614add527de2e0e19b20237f64a StaticDependenciesID=abacbfc28d7777de0bccaef99920a58d 
Number of updated asset objects reloaded before import = 0
Number of asset objects unloaded after import = 1
========================================================================
Received Import Request.
  Time of request: 2026-08-21T17:33:31.0294921Z
  Time since last request: 0.000811 seconds.
  importAddress: GUID: 4ecd3fe6796a2ca4aa0c3b180133d9d9 - Path: Packages/com.unity.render-pipelines.core/Runtime/UnifiedRayTracing/Compute - Importer: ScriptedImporter/UnityEditor.QuickSearchModule:UnityEditor.Search:ASIAI0B
Importing 'GUID: 4ecd3fe6796a2ca4aa0c3b180133d9d9 - Path: Packages/com.unity.render-pipelines.core/Runtime/UnifiedRayTracing/Compute - Importer: ScriptedImporter/UnityEditor.QuickSearchModule:UnityEditor.Search:ASIAI0B' with importer (ScriptedImporter : UnityEditor.QuickSearchModule:UnityEditor.Search:ASIAI0B)
Imported 'GUID: 4ecd3fe6796a2ca4aa0c3b180133d9d9' -> (Import Result ID: '5a796e3772f173006aead02dc2700418') in 0.015 seconds [static and dynamic dependencies]. Details - ImportResultOutputID=a31df4205dd5867f73aa872d1611d62a DependenciesID=98b029e4a403ede7a31b464748868afc StaticDependenciesID=05136ba7125836fcdeb9b63170b96cf5 
Number of updated asset objects reloaded before import = 0
Number of asset objects unloaded after import = 1
========================================================================
Received Import Request.
  Time of request: 2026-08-21T17:33:31.0697652Z
  Time since last request: 0.0010244 seconds.
  importAddress: GUID: f80c685d59366e44585a7011c5d7b1ea - Path: Packages/com.unity.shadergraph/Editor/Data/Nodes/Input/UI - Importer: ScriptedImporter/UnityEditor.QuickSearchModule:UnityEditor.Search:ASIAI0B
Importing 'GUID: f80c685d59366e44585a7011c5d7b1ea - Path: Packages/com.unity.shadergraph/Editor/Data/Nodes/Input/UI - Importer: ScriptedImporter/UnityEditor.QuickSearchModule:UnityEditor.Search:ASIAI0B' with importer (ScriptedImporter : UnityEditor.QuickSearchModule:UnityEditor.Search:ASIAI0B)
Imported 'GUID: f80c685d59366e44585a7011c5d7b1ea' -> (Import Result ID: '9fed2dda66d2a9738e67c3390f91c36f') in 0.012 seconds [static and dynamic dependencies]. Details - ImportResultOutputID=d37c44147e48e54439b0f2ed29a55172 DependenciesID=b8a5445c767a1a20a654df59464cbcb7 StaticDependenciesID=38c05a13e82ec483b5c4abaf0f94e43d 
Number of updated asset objects reloaded before import = 0
Number of asset objects unloaded after import = 1
========================================================================
Received Import Request.
  Time of request: 2026-08-21T17:33:31.1051219Z
  Time since last request: 0.0036652 seconds.
  importAddress: GUID: 8721cb2237d4a564a94a51f56243bdac - Path: Packages/com.unity.test-framework/UnityEditor.TestRunner/TestRun - Importer: ScriptedImporter/UnityEditor.QuickSearchModule:UnityEditor.Search:ASIAI0B
Importing 'GUID: 8721cb2237d4a564a94a51f56243bdac - Path: Packages/com.unity.test-framework/UnityEditor.TestRunner/TestRun - Importer: ScriptedImporter/UnityEditor.QuickSearchModule:UnityEditor.Search:ASIAI0B' with importer (ScriptedImporter : UnityEditor.QuickSearchModule:UnityEditor.Search:ASIAI0B)
Imported 'GUID: 8721cb2237d4a564a94a51f56243bdac' -> (Import Result ID: 'd3dcb51003ed54f75ab47b995287ba99') in 0.012 seconds [static and dynamic dependencies]. Details - ImportResultOutputID=18e433555146d7f48af589a3d94fef9e DependenciesID=76f7eb4759b825a7512cdcf9af69c61a StaticDependenciesID=32c5e2bc703716bc8e04ac1a4a7a86a9 
Number of updated asset objects reloaded before import = 0
Number of asset objects unloaded after import = 1
========================================================================
Received Import Request.
  Time of request: 2026-08-21T17:33:31.2857434Z
  Time since last request: 0.146317 seconds.
  importAddress: GUID: c49d3c6b3c0954e528e5020c1c49acfa - Path: Packages/com.unity.visualscripting/Editor/VisualScripting.State/Flow - Importer: ScriptedImporter/UnityEditor.QuickSearchModule:UnityEditor.Search:ASIAI0B
Importing 'GUID: c49d3c6b3c0954e528e5020c1c49acfa - Path: Packages/com.unity.visualscripting/Editor/VisualScripting.State/Flow - Importer: ScriptedImporter/UnityEditor.QuickSearchModule:UnityEditor.Search:ASIAI0B' with importer (ScriptedImporter : UnityEditor.QuickSearchModule:UnityEditor.Search:ASIAI0B)
Imported 'GUID: c49d3c6b3c0954e528e5020c1c49acfa' -> (Import Result ID: 'f69b9b19be3da428de0c8e53f3bc9166') in 0.010 seconds [static and dynamic dependencies]. Details - ImportResultOutputID=54b86ae9fdf3ac49b8656aa99f7685bf DependenciesID=9fc2086fcb146df84321c10202bb5ab5 StaticDependenciesID=6077a17f40dfb47d4af38bebdf40f1d9 
Number of updated asset objects reloaded before import = 0
Number of asset objects unloaded after import = 1
========================================================================
Received Prepare
AcceleratorClientConnectionCallback - disconnected - :0
Refreshing native plugins compatible for Editor in 3.42 ms, found 4 plugins.
Unloading 22 Unused Serialized files (Serialized files now loaded: 0)
Unloading 24 unused Assets / (2.6 MB). Loaded Objects now: 7590.
Memory consumption went from 338.9 MB to 336.3 MB.
Total: 15.609200 ms (FindLiveObjects: 0.683500 ms CreateObjectMapping: 1.149400 ms MarkObjects: 12.558700 ms  DeleteObjects: 1.215100 ms)

Prepare: number of updated asset objects reloaded= 0
========================================================================
Received Prepare
AcceleratorClientConnectionCallback - disconnected - :0
Refreshing native plugins compatible for Editor in 4.30 ms, found 4 plugins.
Unloading 22 Unused Serialized files (Serialized files now loaded: 0)
Unloading 22 unused Assets / (2.6 MB). Loaded Objects now: 7590.
Memory consumption went from 340.8 MB to 338.2 MB.
Total: 13.152600 ms (FindLiveObjects: 0.654500 ms CreateObjectMapping: 1.245500 ms MarkObjects: 10.099100 ms  DeleteObjects: 1.150600 ms)

Prepare: number of updated asset objects reloaded= 0
========================================================================
Received Import Request.
  Time of request: 2026-08-21T17:33:59.1276311Z
  Time since last request: 27.8131048 seconds.
  importAddress: GUID: 05ed5ae0357ba2b42acc61e9297be678 - Path: Assets/Skybox/Cubemaps - Importer: ScriptedImporter/UnityEditor.QuickSearchModule:UnityEditor.Search:ASIAI0B
Importing 'GUID: 05ed5ae0357ba2b42acc61e9297be678 - Path: Assets/Skybox/Cubemaps - Importer: ScriptedImporter/UnityEditor.QuickSearchModule:UnityEditor.Search:ASIAI0B' with importer (ScriptedImporter : UnityEditor.QuickSearchModule:UnityEditor.Search:ASIAI0B)
Imported 'GUID: 05ed5ae0357ba2b42acc61e9297be678' -> (Import Result ID: '8fec3d9cf25a479161d3cad9df162209') in 0.006 seconds [static and dynamic dependencies]. Details - ImportResultOutputID=06a0ce42f03b2434cdacde7a1ba46a80 DependenciesID=13140797c65896382aee1ac2dd7a6c7a StaticDependenciesID=955d1bb825082055df696c58fd9f835a 
Number of updated asset objects reloaded before import = 0
Number of asset objects unloaded after import = 1
========================================================================
Received Import Request.
  Time of request: 2026-08-21T17:33:59.1451683Z
  Time since last request: 0.0006713 seconds.
  importAddress: GUID: 7540eab4397561d4cb2a37cb06761818 - Path: Assets/Skybox/Scene/mainScene.unity - Importer: ScriptedImporter/UnityEditor.QuickSearchModule:UnityEditor.Search:ASIAI0B
Importing 'GUID: 7540eab4397561d4cb2a37cb06761818 - Path: Assets/Skybox/Scene/mainScene.unity - Importer: ScriptedImporter/UnityEditor.QuickSearchModule:UnityEditor.Search:ASIAI0B' with importer (ScriptedImporter : UnityEditor.QuickSearchModule:UnityEditor.Search:ASIAI0B)
Imported 'GUID: 7540eab4397561d4cb2a37cb06761818' -> (Import Result ID: 'db9aa3f019157aeb420aed9a5778e506') in 0.015 seconds [static and dynamic dependencies]. Details - ImportResultOutputID=dcf70d654c52a0ca162c4c7f726f39fd DependenciesID=409c724ef240dc3e1e8dc4f1ab050d2d StaticDependenciesID=866fc4bc9b1149769a57611c8579fede 
Number of updated asset objects reloaded before import = 0
Number of asset objects unloaded after import = 1
========================================================================
Received Import Request.
  Time of request: 2026-08-21T17:33:59.1754998Z
  Time since last request: 0.0008623 seconds.
  importAddress: GUID: c24b7eb175a60b744b7defb86dbc1722 - Path: Assets/Skybox/Materials - Importer: ScriptedImporter/UnityEditor.QuickSearchModule:UnityEditor.Search:ASIAI0B
Importing 'GUID: c24b7eb175a60b744b7defb86dbc1722 - Path: Assets/Skybox/Materials - Importer: ScriptedImporter/UnityEditor.QuickSearchModule:UnityEditor.Search:ASIAI0B' with importer (ScriptedImporter : UnityEditor.QuickSearchModule:UnityEditor.Search:ASIAI0B)
Imported 'GUID: c24b7eb175a60b744b7defb86dbc1722' -> (Import Result ID: 'a2b57c433e9edd7752f807c057b502c1') in 0.008 seconds [static and dynamic dependencies]. Details - ImportResultOutputID=009d46c8579b9a5ae09e71a0aaf1e724 DependenciesID=7f7ffd2171a0151463ddb58cb4370def StaticDependenciesID=6b7b1b15a6001b63057a8ed1bddc8a97 
Number of updated asset objects reloaded before import = 0
Number of asset objects unloaded after import = 1
========================================================================
Received Import Request.
  Time of request: 2026-08-21T17:33:59.1992635Z
  Time since last request: 0.0007111 seconds.
  importAddress: GUID: 1cde0e200e792cb4491204276a656490 - Path: Assets/Skybox/Cubemaps/daytime.hdr - Importer: ScriptedImporter/UnityEditor.QuickSearchModule:UnityEditor.Search:ASIAI0B
Importing 'GUID: 1cde0e200e792cb4491204276a656490 - Path: Assets/Skybox/Cubemaps/daytime.hdr - Importer: ScriptedImporter/UnityEditor.QuickSearchModule:UnityEditor.Search:ASIAI0B' with importer (ScriptedImporter : UnityEditor.QuickSearchModule:UnityEditor.Search:ASIAI0B)
Imported 'GUID: 1cde0e200e792cb4491204276a656490' -> (Import Result ID: 'd67ac4d11c786f70584f0f0250911f6a') in 0.101 seconds [static and dynamic dependencies]. Details - ImportResultOutputID=cf01dd68d44fb6e23e78225962095eaa DependenciesID=27af43fac3bf164071f1627e30025b44 StaticDependenciesID=843e55fc5b90067f6f6f34dbd91fbc26 
Number of updated asset objects reloaded before import = 0
Number of asset objects unloaded after import = 1
========================================================================
Received Prepare
AcceleratorClientConnectionCallback - disconnected - :0
[Licensing::Client] Successfully resolved entitlement details
Begin MonoManager ReloadAssembly
Refreshing native plugins compatible for Editor in 2.61 ms, found 4 plugins.
Native extension for WindowsStandalone target not found
Native extension for WebGL target not found
[Package Manager] Failed to launch server process. Reason: Unity was launched with the -noUpm command-line argument
[Package Manager] Unable to send message (not connected to server process).
[Package Manager] Cannot connect to Unity Package Manager local server
[Package Manager] Failed to launch server process. Reason: Unity was launched with the -noUpm command-line argument
[Package Manager] Unable to send message (not connected to server process).
[Package Manager] Cannot connect to Unity Package Manager local server
ScheduleIndexationOnStartup MainProcess:False IndexOnStartup:True
Mono: successfully reloaded assembly
- Finished resetting the current domain, in  1.158 seconds
Domain Reload Profiling: 2743ms
	BeginReloadAssembly (386ms)
		DisableScriptedObjects (16ms)
		CreateAndSetChildDomain (94ms)
	RebuildCommonClasses (12ms)
	RebuildNativeTypeToScriptingClass (25ms)
	initialDomainReloadingComplete (122ms)
	LoadAllAssembliesAndSetupDomain (1039ms)
		LoadAssemblies (698ms)
		AnalyzeDomain (332ms)
			TypeCache.Refresh (19ms)
			BuildScriptInfoCaches (302ms)
			ResolveRequiredComponents (9ms)
	FinalizeReload (1160ms)
		SetupLoadedEditorAssemblies (0ms)
			InitializePlatformSupportModulesInManaged (3ms)
			BeforeProcessingInitializeOnLoad (131ms)
			ProcessInitializeOnLoadAttributes (399ms)
			ProcessInitializeOnLoadMethodAttributes (162ms)
			AfterProcessingInitializeOnLoad (13ms)
		AwakeInstancesAfterBackupRestoration (28ms)
Refreshing native plugins compatible for Editor in 2.86 ms, found 4 plugins.
Unloading 22 Unused Serialized files (Serialized files now loaded: 0)
Unloading 6623 unused Assets / (6.8 MB). Loaded Objects now: 7636.
Memory consumption went from 342.7 MB to 335.9 MB.
Total: 18.762600 ms (FindLiveObjects: 1.446500 ms CreateObjectMapping: 4.416100 ms MarkObjects: 7.622200 ms  DeleteObjects: 5.275000 ms)

Prepare: number of updated asset objects reloaded= 1
========================================================================
Received Prepare
AcceleratorClientConnectionCallback - disconnected - :0
Refreshing native plugins compatible for Editor in 5.02 ms, found 4 plugins.
Unloading 22 Unused Serialized files (Serialized files now loaded: 0)
Unloading 22 unused Assets / (2.6 MB). Loaded Objects now: 7636.
Memory consumption went from 339.8 MB to 337.2 MB.
Total: 11.444600 ms (FindLiveObjects: 0.929800 ms CreateObjectMapping: 1.708500 ms MarkObjects: 7.884500 ms  DeleteObjects: 0.918900 ms)

Prepare: number of updated asset objects reloaded= 0
========================================================================
Received Import Request.
  Time of request: 2026-08-21T18:38:20.3192304Z
  Time since last request: 3861.12882380000019 seconds.
  importAddress: GUID: 186a8d9264fb5ee4bb4b0b5a4af78407 - Path: Assets/POLY STYLE - Platformer Starter Pack/Platformer Starter Pack_URP/Prefabs/Environments/Bridge_B.prefab - Importer: PreviewImporter
Importing 'GUID: 186a8d9264fb5ee4bb4b0b5a4af78407 - Path: Assets/POLY STYLE - Platformer Starter Pack/Platformer Starter Pack_URP/Prefabs/Environments/Bridge_B.prefab - Importer: PreviewImporter' with importer (PreviewImporter)
Imported 'GUID: 186a8d9264fb5ee4bb4b0b5a4af78407' -> (Import Result ID: '00c97f772527813a7814fc3568752b98') in 0.994 seconds [static and dynamic dependencies]. Details - ImportResultOutputID=38093fe9bfd81e3ad4d6919df9aad9bf DependenciesID=4282023a734db2a8103e2d4cd2d8a48b StaticDependenciesID=b35bab902c2d866a462a74a260953498 
Number of updated asset objects reloaded before import = 0
Number of asset objects unloaded after import = 12
========================================================================
Received Import Request.
  Time of request: 2026-08-21T18:38:21.3310105Z
  Time since last request: 0.0000689 seconds.
  importAddress: GUID: 93ef5b4daf54ac14f81e0772961bf7b1 - Path: Assets/POLY STYLE - Platformer Starter Pack/Platformer Starter Pack_URP/Prefabs/Environments/Props_16.prefab - Importer: PreviewImporter
Importing 'GUID: 93ef5b4daf54ac14f81e0772961bf7b1 - Path: Assets/POLY STYLE - Platformer Starter Pack/Platformer Starter Pack_URP/Prefabs/Environments/Props_16.prefab - Importer: PreviewImporter' with importer (PreviewImporter)
Imported 'GUID: 93ef5b4daf54ac14f81e0772961bf7b1' -> (Import Result ID: '4c2164174446b005f45b476782ac097f') in 0.054 seconds [static and dynamic dependencies]. Details - ImportResultOutputID=5cde9121573c2e3b7b819ce32c929373 DependenciesID=c356a08c343b6e652fc94558ee3666d8 StaticDependenciesID=8c7ecdb42e633582be6042391074eff8 
Number of updated asset objects reloaded before import = 0
Number of asset objects unloaded after import = 11
========================================================================
Received Import Request.
  Time of request: 2026-08-21T18:38:21.4032067Z
  Time since last request: 0.0008057 seconds.
  importAddress: GUID: f3e32ecb9bd57bc40ba45c6c55989484 - Path: Assets/POLY STYLE - Platformer Starter Pack/Platformer Starter Pack_URP/Prefabs/Environments/Ground_D2.prefab - Importer: PreviewImporter
Importing 'GUID: f3e32ecb9bd57bc40ba45c6c55989484 - Path: Assets/POLY STYLE - Platformer Starter Pack/Platformer Starter Pack_URP/Prefabs/Environments/Ground_D2.prefab - Importer: PreviewImporter' with importer (PreviewImporter)
Imported 'GUID: f3e32ecb9bd57bc40ba45c6c55989484' -> (Import Result ID: 'e62734ac08cd857ab5c27758e1dbcf90') in 0.268 seconds [static and dynamic dependencies]. Details - ImportResultOutputID=8299252942a6d54f3c234ca8bdd06f54 DependenciesID=b8496e2cd7db7b1c880b75a5433ecdd7 StaticDependenciesID=55ca73a28dfb75b92b6eff181d2647eb 
Number of updated asset objects reloaded before import = 0
Number of asset objects unloaded after import = 14
========================================================================
Received Import Request.
  Time of request: 2026-08-21T18:38:21.68726Z
  Time since last request: 0.000136 seconds.
  importAddress: GUID: b842aee6341024f4589ba59ff0ddc909 - Path: Assets/POLY STYLE - Platformer Starter Pack/Platformer Starter Pack_URP/Prefabs/Environments/Ground_E2.prefab - Importer: PreviewImporter
Importing 'GUID: b842aee6341024f4589ba59ff0ddc909 - Path: Assets/POLY STYLE - Platformer Starter Pack/Platformer Starter Pack_URP/Prefabs/Environments/Ground_E2.prefab - Importer: PreviewImporter' with importer (PreviewImporter)
Imported 'GUID: b842aee6341024f4589ba59ff0ddc909' -> (Import Result ID: '05f8e7a43cd87655c3392cbc560a3be3') in 0.031 seconds [static and dynamic dependencies]. Details - ImportResultOutputID=697deb3f22ad92c8a0f5d64e42dfe62c DependenciesID=c097eb4992039ac15720b4b13e403fc1 StaticDependenciesID=24d6bbef2649ee2b2576105cecf43f42 
Number of updated asset objects reloaded before import = 0
Number of asset objects unloaded after import = 14
========================================================================
Received Import Request.
  Time of request: 2026-08-21T18:38:21.7347299Z
  Time since last request: 0.0002711 seconds.
  importAddress: GUID: efbe4c2311392ab44bbbcb00005f5693 - Path: Assets/POLY STYLE - Platformer Starter Pack/Platformer Starter Pack_URP/Prefabs/Environments/Ground_B1.prefab - Importer: PreviewImporter
Importing 'GUID: efbe4c2311392ab44bbbcb00005f5693 - Path: Assets/POLY STYLE - Platformer Starter Pack/Platformer Starter Pack_URP/Prefabs/Environments/Ground_B1.prefab - Importer: PreviewImporter' with importer (PreviewImporter)
Imported 'GUID: efbe4c2311392ab44bbbcb00005f5693' -> (Import Result ID: '03b57dee5056a35c36d73adaa9a52c36') in 0.044 seconds [static and dynamic dependencies]. Details - ImportResultOutputID=c104dcc22ce25ddbaf9dcfc4cd0a6a6b DependenciesID=86a6d7317681d2f5d2af3ffa90c047a8 StaticDependenciesID=6e388710b17c2f024de2601f199b375c 
Number of updated asset objects reloaded before import = 0
Number of asset objects unloaded after import = 17
========================================================================
Received Import Request.
  Time of request: 2026-08-21T18:38:21.7967262Z
  Time since last request: 0.0002441 seconds.
  importAddress: GUID: fdeb14b6b1d857a4e97752d1f07b49b7 - Path: Assets/POLY STYLE - Platformer Starter Pack/Platformer Starter Pack_URP/Prefabs/Environments/Ocean.prefab - Importer: PreviewImporter
Importing 'GUID: fdeb14b6b1d857a4e97752d1f07b49b7 - Path: Assets/POLY STYLE - Platformer Starter Pack/Platformer Starter Pack_URP/Prefabs/Environments/Ocean.prefab - Importer: PreviewImporter' with importer (PreviewImporter)
Imported 'GUID: fdeb14b6b1d857a4e97752d1f07b49b7' -> (Import Result ID: '4b191bf470b5b176b61709317fc8704e') in 0.117 seconds [static and dynamic dependencies]. Details - ImportResultOutputID=16021f100b7aa0d2cb5c18167c252720 DependenciesID=991dd658f904a93fa5f00babdd64d27b StaticDependenciesID=0de33a5b6af959732f42d7bf2c1c578a 
Number of updated asset objects reloaded before import = 0
Number of asset objects unloaded after import = 10
========================================================================
Received Import Request.
  Time of request: 2026-08-21T18:38:21.933178Z
  Time since last request: 0.0005491 seconds.
  importAddress: GUID: bcdb601ee0e1144478b160e8530cefa2 - Path: Assets/POLY STYLE - Platformer Starter Pack/Platformer Starter Pack_URP/Prefabs/Environments/Props_6.prefab - Importer: PreviewImporter
Importing 'GUID: bcdb601ee0e1144478b160e8530cefa2 - Path: Assets/POLY STYLE - Platformer Starter Pack/Platformer Starter Pack_URP/Prefabs/Environments/Props_6.prefab - Importer: PreviewImporter' with importer (PreviewImporter)
Imported 'GUID: bcdb601ee0e1144478b160e8530cefa2' -> (Import Result ID: '4d80c79ce7df291124c5d1113eb25bed') in 0.025 seconds [static and dynamic dependencies]. Details - ImportResultOutputID=e33faa1bc4ac4f035d42a9d25f9437cd DependenciesID=0f0e159fb2821956c2e1e06427b95882 StaticDependenciesID=bf5609a5b1001cd098753d15c86e6a84 
Number of updated asset objects reloaded before import = 0
Number of asset objects unloaded after import = 10
========================================================================
Received Import Request.
  Time of request: 2026-08-21T18:38:21.9770695Z
  Time since last request: 0.00058 seconds.
  importAddress: GUID: 20e0fa8e0cb7c1643895985f8d5b14d9 - Path: Assets/POLY STYLE - Platformer Starter Pack/Platformer Starter Pack_URP/Prefabs/Environments/Ground_F.prefab - Importer: PreviewImporter
Importing 'GUID: 20e0fa8e0cb7c1643895985f8d5b14d9 - Path: Assets/POLY STYLE - Platformer Starter Pack/Platformer Starter Pack_URP/Prefabs/Environments/Ground_F.prefab - Importer: PreviewImporter' with importer (PreviewImporter)
Imported 'GUID: 20e0fa8e0cb7c1643895985f8d5b14d9' -> (Import Result ID: '58edf5af5a23f1f7c2ce3e65b035f341') in 0.036 seconds [static and dynamic dependencies]. Details - ImportResultOutputID=56fd1a1e244812e4c66ca3f0121a5e95 DependenciesID=50676bbcb8348044b28d0fbf4d8d188c StaticDependenciesID=7b79d1bf43b51d82e2564eefe067bab5 
Number of updated asset objects reloaded before import = 0
Number of asset objects unloaded after import = 16
========================================================================
Received Import Request.
  Time of request: 2026-08-21T18:38:22.0305499Z
  Time since last request: 0.0003694 seconds.
  importAddress: GUID: e1f3eb9b7c62ede409fa1a4d6770ef88 - Path: Assets/POLY STYLE - Platformer Starter Pack/Platformer Starter Pack_URP/Prefabs/Environments/Props_3.prefab - Importer: PreviewImporter
Importing 'GUID: e1f3eb9b7c62ede409fa1a4d6770ef88 - Path: Assets/POLY STYLE - Platformer Starter Pack/Platformer Starter Pack_URP/Prefabs/Environments/Props_3.prefab - Importer: PreviewImporter' with importer (PreviewImporter)
Imported 'GUID: e1f3eb9b7c62ede409fa1a4d6770ef88' -> (Import Result ID: '5346b46275fa1b329fb803c55d1a705b') in 0.185 seconds [static and dynamic dependencies]. Details - ImportResultOutputID=cabfa6e07beb08ee2e46ed45d65d2536 DependenciesID=45338c179cc19cb9b02b189be034ef3d StaticDependenciesID=7e3fcbc36ba541d98ff0e48bb62c277d 
Number of updated asset objects reloaded before import = 0
Number of asset objects unloaded after import = 12
========================================================================
Received Import Request.
  Time of request: 2026-08-21T18:38:22.2361784Z
  Time since last request: 0.0009733 seconds.
  importAddress: GUID: 68c7915e0967e9c4997abb068bcb6ec1 - Path: Assets/POLY STYLE - Platformer Starter Pack/Platformer Starter Pack_URP/Prefabs/Environments/Tree_2.prefab - Importer: PreviewImporter
Importing 'GUID: 68c7915e0967e9c4997abb068bcb6ec1 - Path: Assets/POLY STYLE - Platformer Starter Pack/Platformer Starter Pack_URP/Prefabs/Environments/Tree_2.prefab - Importer: PreviewImporter' with importer (PreviewImporter)
Imported 'GUID: 68c7915e0967e9c4997abb068bcb6ec1' -> (Import Result ID: 'ea30ffce50e3e3714694eaaa38f7f46f') in 0.035 seconds [static and dynamic dependencies]. Details - ImportResultOutputID=e9ec0d9d9ca3688e75dca91b8e83fa64 DependenciesID=e5611fe56f1150d41d94126b562c6f52 StaticDependenciesID=69b1a5e128e8eec22b4d0cdfe222d225 
Number of updated asset objects reloaded before import = 0
Number of asset objects unloaded after import = 11
========================================================================
Received Import Request.
  Time of request: 2026-08-21T18:38:22.2941986Z
  Time since last request: 0.0005501 seconds.
  importAddress: GUID: e6f02d823d94dd743b3f443f86abfc95 - Path: Assets/POLY STYLE - Platformer Starter Pack/Platformer Starter Pack_URP/Prefabs/Environments/Props_13.prefab - Importer: PreviewImporter
Importing 'GUID: e6f02d823d94dd743b3f443f86abfc95 - Path: Assets/POLY STYLE - Platformer Starter Pack/Platformer Starter Pack_URP/Prefabs/Environments/Props_13.prefab - Importer: PreviewImporter' with importer (PreviewImporter)
Imported 'GUID: e6f02d823d94dd743b3f443f86abfc95' -> (Import Result ID: '378941ad0225c27beb89d1e668d46b32') in 0.034 seconds [static and dynamic dependencies]. Details - ImportResultOutputID=56f29f92a7278e5c65ed3a0998993687 DependenciesID=a3d042fb481d6f77e1a0936676ebd1d7 StaticDependenciesID=91fad8495909ee97d43bc41f789ed914 
Number of updated asset objects reloaded before import = 0
Number of asset objects unloaded after import = 12
========================================================================
Received Import Request.
  Time of request: 2026-08-21T18:38:22.3476283Z
  Time since last request: 0.0004774 seconds.
  importAddress: GUID: e1927dbfa7e97ee429f2a2a6c27dd86f - Path: Assets/POLY STYLE - Platformer Starter Pack/Platformer Starter Pack_URP/Prefabs/Environments/Tip_Board_2.prefab - Importer: PreviewImporter
Importing 'GUID: e1927dbfa7e97ee429f2a2a6c27dd86f - Path: Assets/POLY STYLE - Platformer Starter Pack/Platformer Starter Pack_URP/Prefabs/Environments/Tip_Board_2.prefab - Importer: PreviewImporter' with importer (PreviewImporter)
Imported 'GUID: e1927dbfa7e97ee429f2a2a6c27dd86f' -> (Import Result ID: '6025a2db4c1dabf83a1db042ff5bff7b') in 0.031 seconds [static and dynamic dependencies]. Details - ImportResultOutputID=2440e67920cbc7d9d812b586821dc97d DependenciesID=37591dca50dae95a64784b9c0b9fc929 StaticDependenciesID=d89e13621d7f164c0e8964c66f5f279e 
Number of updated asset objects reloaded before import = 0
Number of asset objects unloaded after import = 12
========================================================================
Received Import Request.
  Time of request: 2026-08-21T18:38:22.3961563Z
  Time since last request: 0.0005317 seconds.
  importAddress: GUID: e898f64f4bb313b4093714a7f5141831 - Path: Assets/POLY STYLE - Platformer Starter Pack/Platformer Starter Pack_URP/Prefabs/Environments/Props_1.prefab - Importer: PreviewImporter
Importing 'GUID: e898f64f4bb313b4093714a7f5141831 - Path: Assets/POLY STYLE - Platformer Starter Pack/Platformer Starter Pack_URP/Prefabs/Environments/Props_1.prefab - Importer: PreviewImporter' with importer (PreviewImporter)
Imported 'GUID: e898f64f4bb313b4093714a7f5141831' -> (Import Result ID: 'c01e854c1f8f53339bafbcb5ab2d500c') in 0.032 seconds [static and dynamic dependencies]. Details - ImportResultOutputID=92de8f8e7eb3f8b61903094b36d912da DependenciesID=d846afc7f830c864f6541d41f6001939 StaticDependenciesID=b2510815d65b2b490ca65ef98e3978b0 
Number of updated asset objects reloaded before import = 0
Number of asset objects unloaded after import = 18
========================================================================
Received Import Request.
  Time of request: 2026-08-21T18:38:22.4471861Z
  Time since last request: 0.0004029 seconds.
  importAddress: GUID: bd95c52d6828fdf42b8081bed36bc037 - Path: Assets/POLY STYLE - Platformer Starter Pack/Platformer Starter Pack_URP/Prefabs/Environments/Props_2.prefab - Importer: PreviewImporter
Importing 'GUID: bd95c52d6828fdf42b8081bed36bc037 - Path: Assets/POLY STYLE - Platformer Starter Pack/Platformer Starter Pack_URP/Prefabs/Environments/Props_2.prefab - Importer: PreviewImporter' with importer (PreviewImporter)
Imported 'GUID: bd95c52d6828fdf42b8081bed36bc037' -> (Import Result ID: '74dd2bca27ed5fe86af4f87d3fc39343') in 0.034 seconds [static and dynamic dependencies]. Details - ImportResultOutputID=8599a51c040e549aeac18c520beb09ab DependenciesID=ce81dd85998e13dac849ca0c6b9c90d3 StaticDependenciesID=ea3fced97521750a96443be975c50d5d 
Number of updated asset objects reloaded before import = 0
Number of asset objects unloaded after import = 17
========================================================================
Received Import Request.
  Time of request: 2026-08-21T18:38:22.4977427Z
  Time since last request: 0.0004251 seconds.
  importAddress: GUID: f9028a1015685ce4795e21831f327fb9 - Path: Assets/POLY STYLE - Platformer Starter Pack/Platformer Starter Pack_URP/Prefabs/Environments/Ground_H.prefab - Importer: PreviewImporter
Importing 'GUID: f9028a1015685ce4795e21831f327fb9 - Path: Assets/POLY STYLE - Platformer Starter Pack/Platformer Starter Pack_URP/Prefabs/Environments/Ground_H.prefab - Importer: PreviewImporter' with importer (PreviewImporter)
Imported 'GUID: f9028a1015685ce4795e21831f327fb9' -> (Import Result ID: '6449de551506c019fa833a4f4d46e70b') in 0.061 seconds [static and dynamic dependencies]. Details - ImportResultOutputID=f8955db3f7ea4382fa5480b9ca36b4dd DependenciesID=9b1b13bc32691f6c0c01fae2898dd9c9 StaticDependenciesID=b6cd969940dea3e4790d905ad422d2b1 
Number of updated asset objects reloaded before import = 0
Number of asset objects unloaded after import = 14
========================================================================
Received Import Request.
  Time of request: 2026-08-21T18:38:22.5774577Z
  Time since last request: 0.0003254 seconds.
  importAddress: GUID: 34351fb8b2ad12e44aecfdd6a3a0a73a - Path: Assets/POLY STYLE - Platformer Starter Pack/Platformer Starter Pack_URP/Prefabs/Environments/Props_15.prefab - Importer: PreviewImporter
Importing 'GUID: 34351fb8b2ad12e44aecfdd6a3a0a73a - Path: Assets/POLY STYLE - Platformer Starter Pack/Platformer Starter Pack_URP/Prefabs/Environments/Props_15.prefab - Importer: PreviewImporter' with importer (PreviewImporter)
Imported 'GUID: 34351fb8b2ad12e44aecfdd6a3a0a73a' -> (Import Result ID: '7f12068da4d49dd8b6c117fd7a6cb249') in 0.033 seconds [static and dynamic dependencies]. Details - ImportResultOutputID=5f25c681eac0d9300e51f86f495dd220 DependenciesID=2d99e8b2e8aa0f6b75158c85339a556c StaticDependenciesID=4d4d544ac0b9a43f71007b9a3c333102 
Number of updated asset objects reloaded before import = 0
Number of asset objects unloaded after import = 12
========================================================================
Received Import Request.
  Time of request: 2026-08-21T18:38:22.627789Z
  Time since last request: 0.0002191 seconds.
  importAddress: GUID: 524443b7797344d49a3a83c3cf3e0a60 - Path: Assets/POLY STYLE - Platformer Starter Pack/Platformer Starter Pack_URP/Prefabs/Environments/Props_10.prefab - Importer: PreviewImporter
Importing 'GUID: 524443b7797344d49a3a83c3cf3e0a60 - Path: Assets/POLY STYLE - Platformer Starter Pack/Platformer Starter Pack_URP/Prefabs/Environments/Props_10.prefab - Importer: PreviewImporter' with importer (PreviewImporter)
Imported 'GUID: 524443b7797344d49a3a83c3cf3e0a60' -> (Import Result ID: '33e05cac04e8c16d7306777fed19d672') in 0.028 seconds [static and dynamic dependencies]. Details - ImportResultOutputID=a617dc1402cb989d55b8beabe823d595 DependenciesID=a629cbd62fab26193f9d1371c7fe5025 StaticDependenciesID=fd3d1bb6548a06bc6b65a51289884597 
Number of updated asset objects reloaded before import = 0
Number of asset objects unloaded after import = 17
========================================================================
Received Import Request.
  Time of request: 2026-08-21T18:38:22.6716824Z
  Time since last request: 0.0001685 seconds.
  importAddress: GUID: 0598a034c1b3d474e97ba38920f3ecc6 - Path: Assets/POLY STYLE - Platformer Starter Pack/Platformer Starter Pack_URP/Prefabs/Environments/Props_12.prefab - Importer: PreviewImporter
Importing 'GUID: 0598a034c1b3d474e97ba38920f3ecc6 - Path: Assets/POLY STYLE - Platformer Starter Pack/Platformer Starter Pack_URP/Prefabs/Environments/Props_12.prefab - Importer: PreviewImporter' with importer (PreviewImporter)
Imported 'GUID: 0598a034c1b3d474e97ba38920f3ecc6' -> (Import Result ID: '800705fa8dd671a45d98d34959be7b03') in 0.031 seconds [static and dynamic dependencies]. Details - ImportResultOutputID=743d420bcbf35833dc8d95e57bf7d95a DependenciesID=14f0f2972cbfd90a233f5df6f7a36e62 StaticDependenciesID=c1d7f854abd37eb1dee20ca2d50c5ddb 
Number of updated asset objects reloaded before import = 0
Number of asset objects unloaded after import = 13
========================================================================
Received Import Request.
  Time of request: 2026-08-21T18:38:22.7206594Z
  Time since last request: 0.0002641 seconds.
  importAddress: GUID: 3007f24466db0fb43b9ec398808a54a2 - Path: Assets/POLY STYLE - Platformer Starter Pack/Platformer Starter Pack_URP/Prefabs/Environments/Tip_Board_1.prefab - Importer: PreviewImporter
Importing 'GUID: 3007f24466db0fb43b9ec398808a54a2 - Path: Assets/POLY STYLE - Platformer Starter Pack/Platformer Starter Pack_URP/Prefabs/Environments/Tip_Board_1.prefab - Importer: PreviewImporter' with importer (PreviewImporter)
Imported 'GUID: 3007f24466db0fb43b9ec398808a54a2' -> (Import Result ID: 'a4a12ca00a47e02c038c0ba1f3a3bcb3') in 0.028 seconds [static and dynamic dependencies]. Details - ImportResultOutputID=e2eb0931c643f1bff071ecf0576320b7 DependenciesID=047760b304dbae05bbb060ce0fe5f0f9 StaticDependenciesID=e030ccc012ff7103d2069c8f7fb53ac5 
Number of updated asset objects reloaded before import = 0
Number of asset objects unloaded after import = 12
========================================================================
Received Import Request.
  Time of request: 2026-08-21T18:38:22.7671336Z
  Time since last request: 0.000409 seconds.
  importAddress: GUID: 9c41d981db5f5c14c8a3c97fa7093eaf - Path: Assets/POLY STYLE - Platformer Starter Pack/Platformer Starter Pack_URP/Prefabs/Environments/Props_5.prefab - Importer: PreviewImporter
Importing 'GUID: 9c41d981db5f5c14c8a3c97fa7093eaf - Path: Assets/POLY STYLE - Platformer Starter Pack/Platformer Starter Pack_URP/Prefabs/Environments/Props_5.prefab - Importer: PreviewImporter' with importer (PreviewImporter)
Imported 'GUID: 9c41d981db5f5c14c8a3c97fa7093eaf' -> (Import Result ID: 'd54f5e36090c1e0ac26469f2f084804e') in 0.028 seconds [static and dynamic dependencies]. Details - ImportResultOutputID=11a31f1e77352db0dfbfaa44841f57e8 DependenciesID=bfb5f886e4ecfc4c216603619d0e2fd1 StaticDependenciesID=9f0e083caa8f69f5e58440b48ff110f3 
Number of updated asset objects reloaded before import = 0
Number of asset objects unloaded after import = 18
========================================================================
Received Import Request.
  Time of request: 2026-08-21T18:38:22.8126453Z
  Time since last request: 0.0003717 seconds.
  importAddress: GUID: 4de7a2a67eaf3294aba3f667e530de8f - Path: Assets/POLY STYLE - Platformer Starter Pack/Platformer Starter Pack_URP/Prefabs/Environments/Ground_C2.prefab - Importer: PreviewImporter
Importing 'GUID: 4de7a2a67eaf3294aba3f667e530de8f - Path: Assets/POLY STYLE - Platformer Starter Pack/Platformer Starter Pack_URP/Prefabs/Environments/Ground_C2.prefab - Importer: PreviewImporter' with importer (PreviewImporter)
Imported 'GUID: 4de7a2a67eaf3294aba3f667e530de8f' -> (Import Result ID: 'dfa13676e526246c13934216f09b4f64') in 0.031 seconds [static and dynamic dependencies]. Details - ImportResultOutputID=eaae650e550c1ff57f5947b735567117 DependenciesID=d28807f9469c813a2ce221c84d3935b1 StaticDependenciesID=db805dab90c4636d09efc3a551c0e09d 
Number of updated asset objects reloaded before import = 0
Number of asset objects unloaded after import = 14
========================================================================
Received Import Request.
  Time of request: 2026-08-21T18:38:22.8611076Z
  Time since last request: 0.0002304 seconds.
  importAddress: GUID: 4caec93c49ab5b34593a7cdc71d23e05 - Path: Assets/POLY STYLE - Platformer Starter Pack/Platformer Starter Pack_URP/Prefabs/Environments/Ground_G1.prefab - Importer: PreviewImporter
Importing 'GUID: 4caec93c49ab5b34593a7cdc71d23e05 - Path: Assets/POLY STYLE - Platformer Starter Pack/Platformer Starter Pack_URP/Prefabs/Environments/Ground_G1.prefab - Importer: PreviewImporter' with importer (PreviewImporter)
Imported 'GUID: 4caec93c49ab5b34593a7cdc71d23e05' -> (Import Result ID: 'f515d078fdc828b90721a67d399c6503') in 0.032 seconds [static and dynamic dependencies]. Details - ImportResultOutputID=4a38cfc6d51fe3014129ee88d22eff0d DependenciesID=a55ee96aa95314a05fbda60b02e8deb0 StaticDependenciesID=4d44ba10adde0436edce0ee17ea2150a 
Number of updated asset objects reloaded before import = 0
Number of asset objects unloaded after import = 13
========================================================================
Received Import Request.
  Time of request: 2026-08-21T18:38:22.9116322Z
  Time since last request: 0.0004095 seconds.
  importAddress: GUID: b0035cc3b5e6130448e28efdaf06b319 - Path: Assets/POLY STYLE - Platformer Starter Pack/Platformer Starter Pack_URP/Prefabs/Environments/Stone_1.prefab - Importer: PreviewImporter
Importing 'GUID: b0035cc3b5e6130448e28efdaf06b319 - Path: Assets/POLY STYLE - Platformer Starter Pack/Platformer Starter Pack_URP/Prefabs/Environments/Stone_1.prefab - Importer: PreviewImporter' with importer (PreviewImporter)
Imported 'GUID: b0035cc3b5e6130448e28efdaf06b319' -> (Import Result ID: 'a88e2a10f5da9ecae55edc477392dfcb') in 0.033 seconds [static and dynamic dependencies]. Details - ImportResultOutputID=a89446063e6df0626b8712a6d3da75a5 DependenciesID=b9dcbece10bf711c8a854ece603e5dec StaticDependenciesID=fc3df506488fd790c7abb991a355dd20 
Number of updated asset objects reloaded before import = 0
Number of asset objects unloaded after import = 11
========================================================================
Received Import Request.
  Time of request: 2026-08-21T18:38:22.9612398Z
  Time since last request: 0.0000819 seconds.
  importAddress: GUID: cb219fb371521054188c0bae8153e9cd - Path: Assets/POLY STYLE - Platformer Starter Pack/Platformer Starter Pack_URP/Prefabs/Environments/Ground_G2.prefab - Importer: PreviewImporter
Importing 'GUID: cb219fb371521054188c0bae8153e9cd - Path: Assets/POLY STYLE - Platformer Starter Pack/Platformer Starter Pack_URP/Prefabs/Environments/Ground_G2.prefab - Importer: PreviewImporter' with importer (PreviewImporter)
Imported 'GUID: cb219fb371521054188c0bae8153e9cd' -> (Import Result ID: 'eee49fc02a82964a182b1677b78e41d7') in 0.028 seconds [static and dynamic dependencies]. Details - ImportResultOutputID=a635354ec4b556d4c8c9a387195de16e DependenciesID=7cfd5ae82907733312bbd1c6f294a950 StaticDependenciesID=91c29b1157cb0b12140c1081132aaaed 
Number of updated asset objects reloaded before import = 0
Number of asset objects unloaded after import = 11
========================================================================
Received Import Request.
  Time of request: 2026-08-21T18:38:23.0111315Z
  Time since last request: 0.0004684 seconds.
  importAddress: GUID: de3df4a73a200dd4aab4b967d8702018 - Path: Assets/POLY STYLE - Platformer Starter Pack/Platformer Starter Pack_URP/Prefabs/Environments/Props_7.prefab - Importer: PreviewImporter
Importing 'GUID: de3df4a73a200dd4aab4b967d8702018 - Path: Assets/POLY STYLE - Platformer Starter Pack/Platformer Starter Pack_URP/Prefabs/Environments/Props_7.prefab - Importer: PreviewImporter' with importer (PreviewImporter)
Imported 'GUID: de3df4a73a200dd4aab4b967d8702018' -> (Import Result ID: '9ae8d2809ac266ce6a68ee0d25033d5d') in 0.038 seconds [static and dynamic dependencies]. Details - ImportResultOutputID=7cc000db04ffc4168f6aa2481f0aa8ad DependenciesID=e607d00af5ccf4042b21726c55997853 StaticDependenciesID=0b8db9b15567d42d3d6cf827b8f615af 
Number of updated asset objects reloaded before import = 0
Number of asset objects unloaded after import = 14
========================================================================
Received Import Request.
  Time of request: 2026-08-21T18:38:23.0702786Z
  Time since last request: 0.0004548 seconds.
  importAddress: GUID: c6167d9e9d25c0a42a42842b617775c3 - Path: Assets/POLY STYLE - Platformer Starter Pack/Platformer Starter Pack_URP/Prefabs/Environments/Stone_3.prefab - Importer: PreviewImporter
Importing 'GUID: c6167d9e9d25c0a42a42842b617775c3 - Path: Assets/POLY STYLE - Platformer Starter Pack/Platformer Starter Pack_URP/Prefabs/Environments/Stone_3.prefab - Importer: PreviewImporter' with importer (PreviewImporter)
Imported 'GUID: c6167d9e9d25c0a42a42842b617775c3' -> (Import Result ID: 'e3c18fb243771badedb44f29518392ee') in 0.031 seconds [static and dynamic dependencies]. Details - ImportResultOutputID=9687968be857be58a94e4de0f526df89 DependenciesID=465a7712fa034b37a9f8f8a84f5600d0 StaticDependenciesID=34aeb9336387bdc8950c68adbbc4bd9d 
Number of updated asset objects reloaded before import = 0
Number of asset objects unloaded after import = 11
========================================================================
Received Import Request.
  Time of request: 2026-08-21T18:38:23.1201263Z
  Time since last request: 0.0003256 seconds.
  importAddress: GUID: f09d76e28c315d442b4a6f6bc6ff9689 - Path: Assets/POLY STYLE - Platformer Starter Pack/Platformer Starter Pack_URP/Prefabs/Environments/Ground_E1.prefab - Importer: PreviewImporter
Importing 'GUID: f09d76e28c315d442b4a6f6bc6ff9689 - Path: Assets/POLY STYLE - Platformer Starter Pack/Platformer Starter Pack_URP/Prefabs/Environments/Ground_E1.prefab - Importer: PreviewImporter' with importer (PreviewImporter)
Imported 'GUID: f09d76e28c315d442b4a6f6bc6ff9689' -> (Import Result ID: 'f49aaf6e7cad9403c0514e61c2ce4797') in 0.031 seconds [static and dynamic dependencies]. Details - ImportResultOutputID=fdfa9191df8ffa1d6d5892f746b1f4db DependenciesID=957b6dcbd0169e21210b7dc561ff2d58 StaticDependenciesID=676ff357e1def4101356f2f5751f401c 
Number of updated asset objects reloaded before import = 0
Number of asset objects unloaded after import = 17
========================================================================
Received Import Request.
  Time of request: 2026-08-21T18:38:23.1710485Z
  Time since last request: 0.0000657 seconds.
  importAddress: GUID: 7e9a1ea230e000c418e11c3b421734e1 - Path: Assets/POLY STYLE - Platformer Starter Pack/Platformer Starter Pack_URP/Prefabs/Environments/Tip_Board_3.prefab - Importer: PreviewImporter
Importing 'GUID: 7e9a1ea230e000c418e11c3b421734e1 - Path: Assets/POLY STYLE - Platformer Starter Pack/Platformer Starter Pack_URP/Prefabs/Environments/Tip_Board_3.prefab - Importer: PreviewImporter' with importer (PreviewImporter)
Imported 'GUID: 7e9a1ea230e000c418e11c3b421734e1' -> (Import Result ID: 'f9eba8ab7a7944d699a71bc0c36be389') in 0.024 seconds [static and dynamic dependencies]. Details - ImportResultOutputID=da7d7dda737c581f8b13b10b292ccea5 DependenciesID=34eb2cf71c73c1656e81d14f97e2db84 StaticDependenciesID=5e0f974f319bff7c41e0008aef9ce63a 
Number of updated asset objects reloaded before import = 0
Number of asset objects unloaded after import = 12
========================================================================
Received Import Request.
  Time of request: 2026-08-21T18:38:23.211936Z
  Time since last request: 0.0003111 seconds.
  importAddress: GUID: 14f5723f491c5a64d914851138ec166c - Path: Assets/POLY STYLE - Platformer Starter Pack/Platformer Starter Pack_URP/Prefabs/Environments/Ground_B2.prefab - Importer: PreviewImporter
Importing 'GUID: 14f5723f491c5a64d914851138ec166c - Path: Assets/POLY STYLE - Platformer Starter Pack/Platformer Starter Pack_URP/Prefabs/Environments/Ground_B2.prefab - Importer: PreviewImporter' with importer (PreviewImporter)
Imported 'GUID: 14f5723f491c5a64d914851138ec166c' -> (Import Result ID: '233612e4170ef911fdfad472fbd0b41b') in 0.031 seconds [static and dynamic dependencies]. Details - ImportResultOutputID=def5daac0b8e4a2b2aa0f0c41e852935 DependenciesID=abc6ec13ea523af79d2571e1b28d410a StaticDependenciesID=2bf345faecb572811384ce81d275e388 
Number of updated asset objects reloaded before import = 0
Number of asset objects unloaded after import = 14
========================================================================
Received Import Request.
  Time of request: 2026-08-21T18:38:23.2627156Z
  Time since last request: 0.0003005 seconds.
  importAddress: GUID: 380287f50b6d85c44a78fc73bcd3bbce - Path: Assets/POLY STYLE - Platformer Starter Pack/Platformer Starter Pack_URP/Prefabs/Environments/Props_9.prefab - Importer: PreviewImporter
Importing 'GUID: 380287f50b6d85c44a78fc73bcd3bbce - Path: Assets/POLY STYLE - Platformer Starter Pack/Platformer Starter Pack_URP/Prefabs/Environments/Props_9.prefab - Importer: PreviewImporter' with importer (PreviewImporter)
Imported 'GUID: 380287f50b6d85c44a78fc73bcd3bbce' -> (Import Result ID: 'aea1495f41ad58f5037bcde403942f4b') in 0.032 seconds [static and dynamic dependencies]. Details - ImportResultOutputID=639b1e5c1d858f594f8ff0ae218ed8c6 DependenciesID=d566a6d26ff566a660b7463b61d8c8f0 StaticDependenciesID=fc2c1c57af6556a8c20835530b402beb 
Number of updated asset objects reloaded before import = 0
Number of asset objects unloaded after import = 19
========================================================================
Received Import Request.
  Time of request: 2026-08-21T18:38:23.311288Z
  Time since last request: 0.0002439 seconds.
  importAddress: GUID: 6489ddf5157f65840adb429c54b450ff - Path: Assets/POLY STYLE - Platformer Starter Pack/Platformer Starter Pack_URP/Prefabs/Environments/Stone_2.prefab - Importer: PreviewImporter
Importing 'GUID: 6489ddf5157f65840adb429c54b450ff - Path: Assets/POLY STYLE - Platformer Starter Pack/Platformer Starter Pack_URP/Prefabs/Environments/Stone_2.prefab - Importer: PreviewImporter' with importer (PreviewImporter)
Imported 'GUID: 6489ddf5157f65840adb429c54b450ff' -> (Import Result ID: '01b323ecc15865b77dd8d234c781962d') in 0.026 seconds [static and dynamic dependencies]. Details - ImportResultOutputID=d018dff5b43e884403b06f8b81dd7fe7 DependenciesID=8f469a4d15104a3972c6d0ed1a4ee81d StaticDependenciesID=bd56482c1096b96b2300474644d2de0d 
Number of updated asset objects reloaded before import = 0
Number of asset objects unloaded after import = 11
========================================================================
Received Import Request.
  Time of request: 2026-08-21T18:38:23.353304Z
  Time since last request: 0.0002337 seconds.
  importAddress: GUID: a8aa1fcb3ef5b1843afd3311ea052a06 - Path: Assets/POLY STYLE - Platformer Starter Pack/Platformer Starter Pack_URP/Prefabs/Environments/Ground_C1.prefab - Importer: PreviewImporter
Importing 'GUID: a8aa1fcb3ef5b1843afd3311ea052a06 - Path: Assets/POLY STYLE - Platformer Starter Pack/Platformer Starter Pack_URP/Prefabs/Environments/Ground_C1.prefab - Importer: PreviewImporter' with importer (PreviewImporter)
Imported 'GUID: a8aa1fcb3ef5b1843afd3311ea052a06' -> (Import Result ID: '2d7060f5606f983aea040c2e71a434f3') in 0.034 seconds [static and dynamic dependencies]. Details - ImportResultOutputID=9c2d96eb3b8e13d5550984f75f881e6d DependenciesID=9814449203944d330a7f99597b7785c9 StaticDependenciesID=0c3e4ce23db3ba742948b2b018aff244 
Number of updated asset objects reloaded before import = 0
Number of asset objects unloaded after import = 17
========================================================================
Received Import Request.
  Time of request: 2026-08-21T18:38:23.4070806Z
  Time since last request: 0.0000749 seconds.
  importAddress: GUID: ba3eb6b685c0e0c4ba30d08ec22c45be - Path: Assets/POLY STYLE - Platformer Starter Pack/Platformer Starter Pack_URP/Prefabs/Environments/Tree_3.prefab - Importer: PreviewImporter
Importing 'GUID: ba3eb6b685c0e0c4ba30d08ec22c45be - Path: Assets/POLY STYLE - Platformer Starter Pack/Platformer Starter Pack_URP/Prefabs/Environments/Tree_3.prefab - Importer: PreviewImporter' with importer (PreviewImporter)
Imported 'GUID: ba3eb6b685c0e0c4ba30d08ec22c45be' -> (Import Result ID: '99b688c4801b5f06ed10f0f7eeb8cb93') in 0.034 seconds [static and dynamic dependencies]. Details - ImportResultOutputID=a0452a4850d9155ac4a29da53ef7cd45 DependenciesID=6a3650b16a6843d3de6b14d94ce56ffe StaticDependenciesID=abe2edb1752422838bcabc60ab5435cd 
Number of updated asset objects reloaded before import = 0
Number of asset objects unloaded after import = 11
========================================================================
Received Import Request.
  Time of request: 2026-08-21T18:38:23.462011Z
  Time since last request: 0.0004118 seconds.
  importAddress: GUID: 04a77e7e43a79ed478e212e4f5ede12d - Path: Assets/POLY STYLE - Platformer Starter Pack/Platformer Starter Pack_URP/Prefabs/Environments/Props_4.prefab - Importer: PreviewImporter
Importing 'GUID: 04a77e7e43a79ed478e212e4f5ede12d - Path: Assets/POLY STYLE - Platformer Starter Pack/Platformer Starter Pack_URP/Prefabs/Environments/Props_4.prefab - Importer: PreviewImporter' with importer (PreviewImporter)
Imported 'GUID: 04a77e7e43a79ed478e212e4f5ede12d' -> (Import Result ID: '3a9b74c7d99cbec3b54c40b0d79bc0b0') in 0.027 seconds [static and dynamic dependencies]. Details - ImportResultOutputID=ba3e0033e7f21eaefa5274025481f4a4 DependenciesID=30daeb1b6535e74823c03edf0aac9e2c StaticDependenciesID=45a1e7651be00dd7806f0ad6e2d02e0d 
Number of updated asset objects reloaded before import = 0
Number of asset objects unloaded after import = 18
========================================================================
Received Import Request.
  Time of request: 2026-08-21T18:38:23.5070349Z
  Time since last request: 0.0003129 seconds.
  importAddress: GUID: 2cfd87436f82f694cb1ed07e801a4415 - Path: Assets/POLY STYLE - Platformer Starter Pack/Platformer Starter Pack_URP/Prefabs/Environments/Props_11.prefab - Importer: PreviewImporter
Importing 'GUID: 2cfd87436f82f694cb1ed07e801a4415 - Path: Assets/POLY STYLE - Platformer Starter Pack/Platformer Starter Pack_URP/Prefabs/Environments/Props_11.prefab - Importer: PreviewImporter' with importer (PreviewImporter)
Imported 'GUID: 2cfd87436f82f694cb1ed07e801a4415' -> (Import Result ID: 'fb53adedfba960e69561b60e5a54397e') in 0.023 seconds [static and dynamic dependencies]. Details - ImportResultOutputID=239bfa56af54e4f79ca2551e07be256c DependenciesID=324cbed555bcaae34d02d13e243a03e8 StaticDependenciesID=d248f1e9e067231d6d7dde3f9cdcbb36 
Number of updated asset objects reloaded before import = 0
Number of asset objects unloaded after import = 10
========================================================================
Received Import Request.
  Time of request: 2026-08-21T18:38:23.5464101Z
  Time since last request: 0.0005243 seconds.
  importAddress: GUID: 951feb579e3b39140b4fe8b330bf1c32 - Path: Assets/POLY STYLE - Platformer Starter Pack/Platformer Starter Pack_URP/Prefabs/Environments/Ground_A.prefab - Importer: PreviewImporter
Importing 'GUID: 951feb579e3b39140b4fe8b330bf1c32 - Path: Assets/POLY STYLE - Platformer Starter Pack/Platformer Starter Pack_URP/Prefabs/Environments/Ground_A.prefab - Importer: PreviewImporter' with importer (PreviewImporter)
Imported 'GUID: 951feb579e3b39140b4fe8b330bf1c32' -> (Import Result ID: '622b76308867ab8c9ea1f49dc9d80517') in 0.030 seconds [static and dynamic dependencies]. Details - ImportResultOutputID=4871770945145cbff3e071a809856201 DependenciesID=fa3e3361474712371ff1250454f55e0b StaticDependenciesID=2022a13637f141a3a55cb21a3ac98614 
Number of updated asset objects reloaded before import = 0
Number of asset objects unloaded after import = 14
========================================================================
Received Import Request.
  Time of request: 2026-08-21T18:38:23.5947953Z
  Time since last request: 0.0001813 seconds.
  importAddress: GUID: 167742c9202c0fd4da31d23fa9992363 - Path: Assets/POLY STYLE - Platformer Starter Pack/Platformer Starter Pack_URP/Prefabs/Environments/Props_8.prefab - Importer: PreviewImporter
Importing 'GUID: 167742c9202c0fd4da31d23fa9992363 - Path: Assets/POLY STYLE - Platformer Starter Pack/Platformer Starter Pack_URP/Prefabs/Environments/Props_8.prefab - Importer: PreviewImporter' with importer (PreviewImporter)
Imported 'GUID: 167742c9202c0fd4da31d23fa9992363' -> (Import Result ID: 'a6894fbafac53adae71202b43ccaa7d6') in 0.025 seconds [static and dynamic dependencies]. Details - ImportResultOutputID=22d31b82ae90347e3c0c1d60c8eda56f DependenciesID=f4dabe11d2f21228a1212a7a676c0707 StaticDependenciesID=f95a3c4a17a4668f2326ac870ae58262 
Number of updated asset objects reloaded before import = 0
Number of asset objects unloaded after import = 10
========================================================================
Received Import Request.
  Time of request: 2026-08-21T18:38:23.6365606Z
  Time since last request: 0.0004462 seconds.
  importAddress: GUID: d2be97095b8b6714481f3b961928dd87 - Path: Assets/POLY STYLE - Platformer Starter Pack/Platformer Starter Pack_URP/Prefabs/Environments/Props_14.prefab - Importer: PreviewImporter
Importing 'GUID: d2be97095b8b6714481f3b961928dd87 - Path: Assets/POLY STYLE - Platformer Starter Pack/Platformer Starter Pack_URP/Prefabs/Environments/Props_14.prefab - Importer: PreviewImporter' with importer (PreviewImporter)
Imported 'GUID: d2be97095b8b6714481f3b961928dd87' -> (Import Result ID: '672cf044466a61031de1b0bec0eb10b0') in 0.028 seconds [static and dynamic dependencies]. Details - ImportResultOutputID=1575d2e30846d315fc9fe100a15f2d67 DependenciesID=0c9d3935fa81a98fe5eb69c9096d577e StaticDependenciesID=2747266c8e9ae07fba4734e5536f7ac0 
Number of updated asset objects reloaded before import = 0
Number of asset objects unloaded after import = 12
========================================================================
Received Import Request.
  Time of request: 2026-08-21T18:38:23.6826478Z
  Time since last request: 0.0000622 seconds.
  importAddress: GUID: 900020bfbf6587d4585d9a2820e456f2 - Path: Assets/POLY STYLE - Platformer Starter Pack/Platformer Starter Pack_URP/Prefabs/Environments/Tree_1.prefab - Importer: PreviewImporter
Importing 'GUID: 900020bfbf6587d4585d9a2820e456f2 - Path: Assets/POLY STYLE - Platformer Starter Pack/Platformer Starter Pack_URP/Prefabs/Environments/Tree_1.prefab - Importer: PreviewImporter' with importer (PreviewImporter)
Imported 'GUID: 900020bfbf6587d4585d9a2820e456f2' -> (Import Result ID: '244dfc1768ae5c44314619344a8a0e2b') in 0.029 seconds [static and dynamic dependencies]. Details - ImportResultOutputID=aaebaebe0d1d4c7a695f7e9d7da747de DependenciesID=b9842c031eef6ef855f05d9cb5c1df61 StaticDependenciesID=c253a952645c1ff2f6e75cd6e18a7d5a 
Number of updated asset objects reloaded before import = 0
Number of asset objects unloaded after import = 11
========================================================================
Received Import Request.
  Time of request: 2026-08-21T18:38:23.7327538Z
  Time since last request: 0.0001131 seconds.
  importAddress: GUID: 71f3a5a4e9a4f0c4e987e096c37a96e5 - Path: Assets/POLY STYLE - Platformer Starter Pack/Platformer Starter Pack_URP/Prefabs/Environments/Ground_D1.prefab - Importer: PreviewImporter
Importing 'GUID: 71f3a5a4e9a4f0c4e987e096c37a96e5 - Path: Assets/POLY STYLE - Platformer Starter Pack/Platformer Starter Pack_URP/Prefabs/Environments/Ground_D1.prefab - Importer: PreviewImporter' with importer (PreviewImporter)
Imported 'GUID: 71f3a5a4e9a4f0c4e987e096c37a96e5' -> (Import Result ID: '43f58bad23655c9e9f17139ad25ceb22') in 0.033 seconds [static and dynamic dependencies]. Details - ImportResultOutputID=5515debcf0a0b8048448b65d1c67cc3b DependenciesID=b6248739f383f5d0214762d93cda3e97 StaticDependenciesID=fd9589d6a6244aa69acf7f4895c3232a 
Number of updated asset objects reloaded before import = 0
Number of asset objects unloaded after import = 17
========================================================================
Received Import Request.
  Time of request: 2026-08-21T18:38:27.9674799Z
  Time since last request: 4.18213 seconds.
  importAddress: GUID: 0ffaa0b7117ba8c47a9d05ae701d4b4d - Path: Assets/POLY STYLE - Platformer Starter Pack/Platformer Starter Pack_URP/Art/Materials/Skybox_Mat.mat - Importer: PreviewImporter
Importing 'GUID: 0ffaa0b7117ba8c47a9d05ae701d4b4d - Path: Assets/POLY STYLE - Platformer Starter Pack/Platformer Starter Pack_URP/Art/Materials/Skybox_Mat.mat - Importer: PreviewImporter' with importer (PreviewImporter)
Imported 'GUID: 0ffaa0b7117ba8c47a9d05ae701d4b4d' -> (Import Result ID: '5a3422bad7a74d9aa2ffe19ebcf8294c') in 0.106 seconds [static and dynamic dependencies]. Details - ImportResultOutputID=46cafb8c0a476fcd07b6744249056369 DependenciesID=aac75b484f389446122b083b941df9f9 StaticDependenciesID=c92906fa452310b664ee186573e87fff 
Number of updated asset objects reloaded before import = 0
Number of asset objects unloaded after import = 2
========================================================================
Received Import Request.
  Time of request: 2026-08-21T18:38:40.0371716Z
  Time since last request: 11.9474182 seconds.
  importAddress: GUID: 19ba41d7c0026c3459d37c2fe90c55a0 - Path: Assets/POLY STYLE - Platformer Starter Pack/Platformer Starter Pack_URP/Settings/UniversalRP-HighQuality.asset - Importer: PreviewImporter
Importing 'GUID: 19ba41d7c0026c3459d37c2fe90c55a0 - Path: Assets/POLY STYLE - Platformer Starter Pack/Platformer Starter Pack_URP/Settings/UniversalRP-HighQuality.asset - Importer: PreviewImporter' with importer (PreviewImporter)
Imported 'GUID: 19ba41d7c0026c3459d37c2fe90c55a0' -> (Import Result ID: '250a7fe8b00294686998d73ca073f5a5') in 0.006 seconds [static and dynamic dependencies]. Details - ImportResultOutputID=475045ba3c2c8224c429d0a63949aba0 DependenciesID=2ea44b854ae0b31f0037e8b2f73156f9 StaticDependenciesID=3f70fff14a97c092c644155d8f850acd 
Number of updated asset objects reloaded before import = 0
Number of asset objects unloaded after import = 3
========================================================================
Received Import Request.
  Time of request: 2026-08-21T18:38:40.0571057Z
  Time since last request: 0.000526 seconds.
  importAddress: GUID: a31e9f9f9c9d4b9429ed0d1234e22103 - Path: Assets/POLY STYLE - Platformer Starter Pack/Platformer Starter Pack_URP/Settings/UniversalRP-LowQuality.asset - Importer: PreviewImporter
Importing 'GUID: a31e9f9f9c9d4b9429ed0d1234e22103 - Path: Assets/POLY STYLE - Platformer Starter Pack/Platformer Starter Pack_URP/Settings/UniversalRP-LowQuality.asset - Importer: PreviewImporter' with importer (PreviewImporter)
Imported 'GUID: a31e9f9f9c9d4b9429ed0d1234e22103' -> (Import Result ID: 'ccd49136e65289c8a066c5c473e89657') in 0.005 seconds [static and dynamic dependencies]. Details - ImportResultOutputID=543b3ec256b14513dae93cde8d50ffb0 DependenciesID=a21bb666fa599df84b94504706a0fcf3 StaticDependenciesID=99b7a624b3b1ff7cd32e20fdc6d91545 
Number of updated asset objects reloaded before import = 0
Number of asset objects unloaded after import = 3
Editor requested this worker to shutdown with reason: Scaling down because of idle timeout
AcceleratorClientConnectionCallback - disconnected - :0
AssetImportWorker is now disconnected from the server
Process exiting
Exiting without the bug reporter. Application will terminate with return code 0